1421943686;eth0;2304.00;2304.00;4608.00;2304;2304;36.00;36.00;72.00;36;36;0.00;0.00;0;0
1421943686;total;2304.00;2304.00;4608.00;2304;2304;36.00;36.00;72.00;36;36;0.00;0.00;0;0
1421943687;eth0;20127170.00;10076836.00;30204006.00;10076836;20127170;15488.00;8365.00;23853.00;8365;15488;0.00;0.00;0;0
1421943687;total;20127170.00;10076836.00;30204006.00;10076836;20127170;15488.00;8365.00;23853.00;8365;15488;0.00;0.00;0;0
1421943688;eth0;46402816.00;23284744.00;69687560.00;23284745;46402814;35510.00;19119.00;54629.00;19119;35510;0.00;0.00;0;0
1421943688;total;46402816.00;23284744.00;69687560.00;23284745;46402814;35510.00;19119.00;54629.00;19119;35510;0.00;0.00;0;0
1421943689;eth0;48280024.00;24225014.00;72505040.00;24225014;48280024;36948.00;19891.00;56839.00;19891;36948;0.00;0.00;0;0
1421943689;total;48280024.00;24225014.00;72505040.00;24225014;48280024;36948.00;19891.00;56839.00;19891;36948;0.00;0.00;0;0
1421943690;eth0;46564236.00;23375486.00;69939720.00;23375486;46564236;35635.00;19193.00;54828.00;19193;35635;0.00;0.00;0;0
1421943690;total;46564236.00;23375486.00;69939720.00;23375486;46564236;35635.00;19193.00;54828.00;19193;35635;0.00;0.00;0;0
1421943691;eth0;46411280.00;23281840.00;69693120.00;23281839;46411280;35518.00;19118.00;54636.00;19118;35518;0.00;0.00;0;0
1421943691;total;46411280.00;23281840.00;69693120.00;23281839;46411280;35518.00;19118.00;54636.00;19118;35518;0.00;0.00;0;0
1421943692;eth0;46853096.00;23518022.00;70371120.00;23518022;46853096;35856.00;19310.00;55166.00;19310;35856;0.00;0.00;0;0
1421943692;total;46853096.00;23518022.00;70371120.00;23518022;46853096;35856.00;19310.00;55166.00;19310;35856;0.00;0.00;0;0
1421943693;eth0;46930964.00;23548504.00;70479464.00;23548503;46930964;35916.00;19337.00;55253.00;19337;35916;0.00;0.00;0;0
1421943693;total;46930964.00;23548504.00;70479464.00;23548503;46930964;35916.00;19337.00;55253.00;19337;35916;0.00;0.00;0;0
1421943694;eth0;46741124.00;23460800.00;70201920.00;23460800;46741124;35772.00;19264.00;55036.00;19264;35772;0.00;0.00;0;0
1421943694;total;46741124.00;23460800.00;70201920.00;23460800;46741124;35772.00;19264.00;55036.00;19264;35772;0.00;0.00;0;0
1421943695;eth0;47124840.00;23648350.00;70773192.00;23648350;47124840;36062.00;19418.00;55480.00;19418;36062;0.00;0.00;0;0
1421943695;total;47124840.00;23648350.00;70773192.00;23648350;47124840;36062.00;19418.00;55480.00;19418;36062;0.00;0.00;0;0
1421943696;eth0;46513272.00;23341450.00;69854720.00;23341450;46513272;35596.00;19166.00;54762.00;19166;35596;0.00;0.00;0;0
1421943696;total;46513272.00;23341450.00;69854720.00;23341450;46513272;35596.00;19166.00;54762.00;19166;35596;0.00;0.00;0;0
1421943697;eth0;46462308.00;23310386.00;69772696.00;23310386;46462308;35557.00;19140.00;54697.00;19140;35557;0.00;0.00;0;0
1421943697;total;46462308.00;23310386.00;69772696.00;23310386;46462308;35557.00;19140.00;54697.00;19140;35557;0.00;0.00;0;0
1421943698;eth0;46258452.00;23210540.00;69468992.00;23210539;46258452;35401.00;19059.00;54460.00;19059;35401;0.00;0.00;0;0
1421943698;total;46258452.00;23210540.00;69468992.00;23210539;46258452;35401.00;19059.00;54460.00;19059;35401;0.00;0.00;0;0
1421943699;eth0;46411344.00;23298760.00;69710104.00;23298761;46411344;35518.00;19130.00;54648.00;19130;35518;0.00;0.00;0;0
1421943699;total;46411344.00;23298760.00;69710104.00;23298761;46411344;35518.00;19130.00;54648.00;19130;35518;0.00;0.00;0;0
1421943700;eth0;45986644.00;23077176.00;69063816.00;23077175;45986644;35193.00;18949.00;54142.00;18949;35193;0.00;0.00;0;0
1421943700;total;45986644.00;23077176.00;69063816.00;23077175;45986644;35193.00;18949.00;54142.00;18949;35193;0.00;0.00;0;0
1421943701;eth0;45969656.00;23061708.00;69031360.00;23061707;45969656;35180.00;18937.00;54117.00;18937;35180;0.00;0.00;0;0
1421943701;total;45969656.00;23061708.00;69031360.00;23061707;45969656;35180.00;18937.00;54117.00;18937;35180;0.00;0.00;0;0
1421943702;eth0;46628216.00;23399608.00;70027824.00;23399607;46628216;35684.00;19214.00;54898.00;19214;35684;0.00;0.00;0;0
1421943702;total;46628216.00;23399608.00;70027824.00;23399607;46628216;35684.00;19214.00;54898.00;19214;35684;0.00;0.00;0;0
1421943703;eth0;46466280.00;23324400.00;69790680.00;23324400;46466280;35562.00;19152.00;54714.00;19152;35562;0.00;0.00;0;0
1421943703;total;46466280.00;23324400.00;69790680.00;23324400;46466280;35562.00;19152.00;54714.00;19152;35562;0.00;0.00;0;0
1421943704;eth0;46700140.00;23426700.00;70126840.00;23426700;46700140;35737.00;19236.00;54973.00;19236;35737;0.00;0.00;0;0
1421943704;total;46700140.00;23426700.00;70126840.00;23426700;46700140;35737.00;19236.00;54973.00;19236;35737;0.00;0.00;0;0
1421943705;eth0;46980408.00;23583186.00;70563600.00;23583186;46980410;35954.00;19365.00;55319.00;19365;35954;0.00;0.00;0;0
1421943705;total;46980408.00;23583186.00;70563600.00;23583186;46980410;35954.00;19365.00;55319.00;19365;35954;0.00;0.00;0;0
1421943706;eth0;48356504.00;24267640.00;72624144.00;24267639;48356502;37006.00;19926.00;56932.00;19926;37006;0.00;0.00;0;0
1421943706;total;48356504.00;24267640.00;72624144.00;24267639;48356502;37006.00;19926.00;56932.00;19926;37006;0.00;0.00;0;0
1421943707;eth0;45935616.00;23043076.00;68978688.00;23043075;45935616;35153.00;18921.00;54074.00;18921;35153;0.00;0.00;0;0
1421943707;total;45935616.00;23043076.00;68978688.00;23043075;45935616;35153.00;18921.00;54074.00;18921;35153;0.00;0.00;0;0
1421943708;eth0;46054660.00;23111276.00;69165936.00;23111275;46054660;35246.00;18977.00;54223.00;18977;35246;0.00;0.00;0;0
1421943708;total;46054660.00;23111276.00;69165936.00;23111275;46054660;35246.00;18977.00;54223.00;18977;35246;0.00;0.00;0;0
1421943709;eth0;46128620.00;23153900.00;69282520.00;23153900;46128620;35302.00;19012.00;54314.00;19012;35302;0.00;0.00;0;0
1421943709;total;46128620.00;23153900.00;69282520.00;23153900;46128620;35302.00;19012.00;54314.00;19012;35302;0.00;0.00;0;0
1421943710;eth0;46388284.00;23273250.00;69661536.00;23273250;46388284;35500.00;19110.00;54610.00;19110;35500;0.00;0.00;0;0
1421943710;total;46388284.00;23273250.00;69661536.00;23273250;46388284;35500.00;19110.00;54610.00;19110;35500;0.00;0.00;0;0
1421943711;eth0;46587312.00;23387120.00;69974432.00;23387121;46587312;35650.00;19201.00;54851.00;19201;35650;0.00;0.00;0;0
1421943711;total;46587312.00;23387120.00;69974432.00;23387121;46587312;35650.00;19201.00;54851.00;19201;35650;0.00;0.00;0;0
1421943712;eth0;46303328.00;23227548.00;69530880.00;23227548;46303328;35425.00;19068.00;54493.00;19068;35425;0.00;0.00;0;0
1421943712;total;46303328.00;23227548.00;69530880.00;23227548;46303328;35425.00;19068.00;54493.00;19068;35425;0.00;0.00;0;0
1421943713;eth0;46303328.00;23244538.00;69547864.00;23244538;46303328;35427.00;19081.00;54508.00;19081;35427;0.00;0.00;0;0
1421943713;total;46303328.00;23244538.00;69547864.00;23244538;46303328;35427.00;19081.00;54508.00;19081;35427;0.00;0.00;0;0
1421943714;eth0;46496312.00;23329936.00;69826248.00;23329936;46496312;35576.00;19153.00;54729.00;19153;35576;0.00;0.00;0;0
1421943714;total;46496312.00;23329936.00;69826248.00;23329936;46496312;35576.00;19153.00;54729.00;19153;35576;0.00;0.00;0;0
1421943715;eth0;46407672.00;23287236.00;69694912.00;23287237;46407672;35506.00;19117.00;54623.00;19117;35506;0.00;0.00;0;0
1421943715;total;46407672.00;23287236.00;69694912.00;23287237;46407672;35506.00;19117.00;54623.00;19117;35506;0.00;0.00;0;0
1421943716;eth0;48062032.00;24114356.00;72176384.00;24114356;48062032;36772.00;19796.00;56568.00;19796;36772;0.00;0.00;0;0
1421943716;total;48062032.00;24114356.00;72176384.00;24114356;48062032;36772.00;19796.00;56568.00;19796;36772;0.00;0.00;0;0
1421943717;eth0;48801152.00;24498008.00;73299160.00;24498007;48801152;37338.00;20110.00;57448.00;20110;37338;0.00;0.00;0;0
1421943717;total;48801152.00;24498008.00;73299160.00;24498007;48801152;37338.00;20110.00;57448.00;20110;37338;0.00;0.00;0;0
1421943718;eth0;46507232.00;23329936.00;69837168.00;23329936;46507232;35583.00;19153.00;54736.00;19153;35583;0.00;0.00;0;0
1421943718;total;46507232.00;23329936.00;69837168.00;23329936;46507232;35583.00;19153.00;54736.00;19153;35583;0.00;0.00;0;0
1421943719;eth0;46252288.00;23210494.00;69462784.00;23210494;46252288;35387.00;19054.00;54441.00;19054;35387;0.00;0.00;0;0
1421943719;total;46252288.00;23210494.00;69462784.00;23210494;46252288;35387.00;19054.00;54441.00;19054;35387;0.00;0.00;0;0
1421943720;eth0;45731736.00;22954684.00;68686416.00;22954684;45731736;34992.00;18844.00;53836.00;18844;34992;0.00;0.00;0;0
1421943720;total;45731736.00;22954684.00;68686416.00;22954684;45731736;34992.00;18844.00;53836.00;18844;34992;0.00;0.00;0;0
1421943721;eth0;45906440.00;23031428.00;68937864.00;23031427;45906440;35122.00;18907.00;54029.00;18907;35122;0.00;0.00;0;0
1421943721;total;45906440.00;23031428.00;68937864.00;23031427;45906440;35122.00;18907.00;54029.00;18907;35122;0.00;0.00;0;0
1421943722;eth0;46343384.00;23261656.00;69605040.00;23261656;46343384;35458.00;19096.00;54554.00;19096;35458;0.00;0.00;0;0
1421943722;total;46343384.00;23261656.00;69605040.00;23261656;46343384;35458.00;19096.00;54554.00;19096;35458;0.00;0.00;0;0
1421943723;eth0;46263208.00;23210494.00;69473704.00;23210494;46263208;35395.00;19054.00;54449.00;19054;35395;0.00;0.00;0;0
1421943723;total;46263208.00;23210494.00;69473704.00;23210494;46263208;35395.00;19054.00;54449.00;19054;35395;0.00;0.00;0;0
1421943724;eth0;45878592.00;23031364.00;68909952.00;23031363;45878592;35103.00;18906.00;54009.00;18906;35103;0.00;0.00;0;0
1421943724;total;45878592.00;23031364.00;68909952.00;23031363;45878592;35103.00;18906.00;54009.00;18906;35103;0.00;0.00;0;0
1421943725;eth0;46014464.00;23082652.00;69097120.00;23082653;46014464;35206.00;18950.00;54156.00;18950;35206;0.00;0.00;0;0
1421943725;total;46014464.00;23082652.00;69097120.00;23082653;46014464;35206.00;18950.00;54156.00;18950;35206;0.00;0.00;0;0
1421943726;eth0;46348812.00;23261656.00;69610464.00;23261656;46348812;35462.00;19096.00;54558.00;19096;35462;0.00;0.00;0;0
1421943726;total;46348812.00;23261656.00;69610464.00;23261656;46348812;35462.00;19096.00;54558.00;19096;35462;0.00;0.00;0;0
1421943727;eth0;46563700.00;23371570.00;69935272.00;23371570;46563700;35626.00;19186.00;54812.00;19186;35626;0.00;0.00;0;0
1421943727;total;46563700.00;23371570.00;69935272.00;23371570;46563700;35626.00;19186.00;54812.00;19186;35626;0.00;0.00;0;0
1421943728;eth0;46303328.00;23228484.00;69531816.00;23228485;46303328;35427.00;19069.00;54496.00;19069;35427;0.00;0.00;0;0
1421943728;total;46303328.00;23228484.00;69531816.00;23228485;46303328;35427.00;19069.00;54496.00;19069;35427;0.00;0.00;0;0
1421943729;eth0;46507232.00;23338400.00;69845632.00;23338399;46507232;35583.00;19159.00;54742.00;19159;35583;0.00;0.00;0;0
1421943729;total;46507232.00;23338400.00;69845632.00;23338399;46507232;35583.00;19159.00;54742.00;19159;35583;0.00;0.00;0;0
1421943730;eth0;47162912.00;23670952.00;70833864.00;23670952;47162910;36085.00;19432.00;55517.00;19432;36085;0.00;0.00;0;0
1421943730;total;47162912.00;23670952.00;70833864.00;23670952;47162910;36085.00;19432.00;55517.00;19432;36085;0.00;0.00;0;0
1421943731;eth0;46225376.00;23193440.00;69418816.00;23193440;46225378;35367.00;19040.00;54407.00;19040;35367;0.00;0.00;0;0
1421943731;total;46225376.00;23193440.00;69418816.00;23193440;46225378;35367.00;19040.00;54407.00;19040;35367;0.00;0.00;0;0
1421943732;eth0;46191976.00;23184912.00;69376888.00;23184913;46191974;35343.00;19033.00;54376.00;19033;35343;0.00;0.00;0;0
1421943732;total;46191976.00;23184912.00;69376888.00;23184913;46191974;35343.00;19033.00;54376.00;19033;35343;0.00;0.00;0;0
1421943733;eth0;46295864.00;23236012.00;69531880.00;23236011;46295866;35422.00;19074.00;54496.00;19074;35422;0.00;0.00;0;0
1421943733;total;46295864.00;23236012.00;69531880.00;23236011;46295866;35422.00;19074.00;54496.00;19074;35422;0.00;0.00;0;0
1421943734;eth0;46286336.00;23227612.00;69513952.00;23227612;46286336;35415.00;19069.00;54484.00;19069;35415;0.00;0.00;0;0
1421943734;total;46286336.00;23227612.00;69513952.00;23227612;46286336;35415.00;19069.00;54484.00;19069;35415;0.00;0.00;0;0
1421943735;eth0;46362768.00;23261656.00;69624424.00;23261656;46362768;35472.00;19096.00;54568.00;19096;35472;0.00;0.00;0;0
1421943735;total;46362768.00;23261656.00;69624424.00;23261656;46362768;35472.00;19096.00;54568.00;19096;35472;0.00;0.00;0;0
1421943736;eth0;45937096.00;23048480.00;68985576.00;23048481;45937094;35147.00;18921.00;54068.00;18921;35147;0.00;0.00;0;0
1421943736;total;45937096.00;23048480.00;68985576.00;23048481;45937094;35147.00;18921.00;54068.00;18921;35147;0.00;0.00;0;0
1421943737;eth0;46083368.00;23133688.00;69217056.00;23133687;46083370;35258.00;18990.00;54248.00;18990;35258;0.00;0.00;0;0
1421943737;total;46083368.00;23133688.00;69217056.00;23133687;46083370;35258.00;18990.00;54248.00;18990;35258;0.00;0.00;0;0
1421943738;eth0;46209840.00;23184976.00;69394816.00;23184977;46209840;35356.00;19034.00;54390.00;19034;35356;0.00;0.00;0;0
1421943738;total;46209840.00;23184976.00;69394816.00;23184977;46209840;35356.00;19034.00;54390.00;19034;35356;0.00;0.00;0;0
1421943739;eth0;46304848.00;23236076.00;69540920.00;23236075;46304846;35428.00;19075.00;54503.00;19075;35428;0.00;0.00;0;0
1421943739;total;46304848.00;23236076.00;69540920.00;23236075;46304846;35428.00;19075.00;54503.00;19075;35428;0.00;0.00;0;0
1421943740;eth0;46287856.00;23227548.00;69515400.00;23227548;46287854;35415.00;19068.00;54483.00;19068;35415;0.00;0.00;0;0
1421943740;total;46287856.00;23227548.00;69515400.00;23227548;46287854;35415.00;19068.00;54483.00;19068;35415;0.00;0.00;0;0
1421943741;eth0;46070932.00;23116696.00;69187632.00;23116697;46070932;35249.00;18977.00;54226.00;18977;35249;0.00;0.00;0;0
1421943741;total;46070932.00;23116696.00;69187632.00;23116697;46070932;35249.00;18977.00;54226.00;18977;35249;0.00;0.00;0;0
1421943742;eth0;45667616.00;22920576.00;68588192.00;22920576;45667614;34941.00;18816.00;53757.00;18816;34941;0.00;0.00;0;0
1421943742;total;45667616.00;22920576.00;68588192.00;22920576;45667614;34941.00;18816.00;53757.00;18816;34941;0.00;0.00;0;0
1421943743;eth0;46106432.00;23142214.00;69248648.00;23142214;46106434;35276.00;18997.00;54273.00;18997;35276;0.00;0.00;0;0
1421943743;total;46106432.00;23142214.00;69248648.00;23142214;46106434;35276.00;18997.00;54273.00;18997;35276;0.00;0.00;0;0
1421943744;eth0;46286336.00;23219084.00;69505424.00;23219085;46286336;35414.00;19062.00;54476.00;19062;35414;0.00;0.00;0;0
1421943744;total;46286336.00;23219084.00;69505424.00;23219085;46286336;35414.00;19062.00;54476.00;19062;35414;0.00;0.00;0;0
1421943745;eth0;45876072.00;23022900.00;68898976.00;23022900;45876072;35100.00;18900.00;54000.00;18900;35100;0.00;0.00;0;0
1421943745;total;45876072.00;23022900.00;68898976.00;23022900;45876072;35100.00;18900.00;54000.00;18900;35100;0.00;0.00;0;0
1421943746;eth0;46106432.00;23142278.00;69248712.00;23142278;46106434;35277.00;18998.00;54275.00;18998;35277;0.00;0.00;0;0
1421943746;total;46106432.00;23142278.00;69248712.00;23142278;46106434;35277.00;18998.00;54275.00;18998;35277;0.00;0.00;0;0
1421943747;eth0;46327264.00;23244602.00;69571872.00;23244602;46327266;35445.00;19082.00;54527.00;19082;35445;0.00;0.00;0;0
1421943747;total;46327264.00;23244602.00;69571872.00;23244602;46327266;35445.00;19082.00;54527.00;19082;35445;0.00;0.00;0;0
1421943748;eth0;45895520.00;23031428.00;68926944.00;23031427;45895520;35115.00;18907.00;54022.00;18907;35115;0.00;0.00;0;0
1421943748;total;45895520.00;23031428.00;68926944.00;23031427;45895520;35115.00;18907.00;54022.00;18907;35115;0.00;0.00;0;0
1421943749;eth0;45812080.00;22991828.00;68803904.00;22991828;45812078;35051.00;18874.00;53925.00;18874;35051;0.00;0.00;0;0
1421943749;total;45812080.00;22991828.00;68803904.00;22991828;45812078;35051.00;18874.00;53925.00;18874;35051;0.00;0.00;0;0
1421943750;eth0;46579176.00;23377934.00;69957104.00;23377934;46579174;35638.00;19192.00;54830.00;19192;35638;0.00;0.00;0;0
1421943750;total;46579176.00;23377934.00;69957104.00;23377934;46579174;35638.00;19192.00;54830.00;19192;35638;0.00;0.00;0;0
1421943751;eth0;47356832.00;23756286.00;71113120.00;23756286;47356832;36233.00;19502.00;55735.00;19502;36233;0.00;0.00;0;0
1421943751;total;47356832.00;23756286.00;71113120.00;23756286;47356832;36233.00;19502.00;55735.00;19502;36233;0.00;0.00;0;0
1421943752;eth0;48393344.00;24293360.00;72686704.00;24293359;48393344;37026.00;19942.00;56968.00;19942;37026;0.00;0.00;0;0
1421943752;total;48393344.00;24293360.00;72686704.00;24293359;48393344;37026.00;19942.00;56968.00;19942;37026;0.00;0.00;0;0
1421943753;eth0;48478304.00;24320586.00;72798888.00;24320586;48478304;37091.00;19967.00;57058.00;19967;37091;0.00;0.00;0;0
1421943753;total;48478304.00;24320586.00;72798888.00;24320586;48478304;37091.00;19967.00;57058.00;19967;37091;0.00;0.00;0;0
1421943754;eth0;45980480.00;23081008.00;69061488.00;23081007;45980480;35180.00;18946.00;54126.00;18946;35180;0.00;0.00;0;0
1421943754;total;45980480.00;23081008.00;69061488.00;23081007;45980480;35180.00;18946.00;54126.00;18946;35180;0.00;0.00;0;0
1421943755;eth0;46473248.00;23321408.00;69794656.00;23321409;46473248;35558.00;19146.00;54704.00;19146;35558;0.00;0.00;0;0
1421943755;total;46473248.00;23321408.00;69794656.00;23321409;46473248;35558.00;19146.00;54704.00;19146;35558;0.00;0.00;0;0
1421943756;eth0;46388288.00;23278646.00;69666936.00;23278646;46388288;35491.00;19109.00;54600.00;19109;35491;0.00;0.00;0;0
1421943756;total;46388288.00;23278646.00;69666936.00;23278646;46388288;35491.00;19109.00;54600.00;19109;35491;0.00;0.00;0;0
1421943757;eth0;46133408.00;23148414.00;69281824.00;23148414;46133408;35297.00;19003.00;54300.00;19003;35297;0.00;0.00;0;0
1421943757;total;46133408.00;23148414.00;69281824.00;23148414;46133408;35297.00;19003.00;54300.00;19003;35297;0.00;0.00;0;0
1421943758;eth0;46167392.00;23170250.00;69337640.00;23170250;46167392;35323.00;19021.00;54344.00;19021;35323;0.00;0.00;0;0
1421943758;total;46167392.00;23170250.00;69337640.00;23170250;46167392;35323.00;19021.00;54344.00;19021;35323;0.00;0.00;0;0
1421943759;eth0;46184320.00;23167924.00;69352240.00;23167923;46184320;35335.00;19020.00;54355.00;19020;35335;0.00;0.00;0;0
1421943759;total;46184320.00;23167924.00;69352240.00;23167923;46184320;35335.00;19020.00;54355.00;19020;35335;0.00;0.00;0;0
1421943760;eth0;46423856.00;23304292.00;69728144.00;23304291;46423854;35521.00;19131.00;54652.00;19131;35521;0.00;0.00;0;0
1421943760;total;46423856.00;23304292.00;69728144.00;23304291;46423854;35521.00;19131.00;54652.00;19131;35521;0.00;0.00;0;0
1421943761;eth0;46284816.00;23220540.00;69505360.00;23220539;46284818;35412.00;19062.00;54474.00;19062;35412;0.00;0.00;0;0
1421943761;total;46284816.00;23220540.00;69505360.00;23220539;46284818;35412.00;19062.00;54474.00;19062;35412;0.00;0.00;0;0
1421943762;eth0;46082432.00;23132232.00;69214664.00;23132233;46082432;35258.00;18990.00;54248.00;18990;35258;0.00;0.00;0;0
1421943762;total;46082432.00;23132232.00;69214664.00;23132233;46082432;35258.00;18990.00;54248.00;18990;35258;0.00;0.00;0;0
1421943763;eth0;46031456.00;23092634.00;69124088.00;23092634;46031456;35219.00;18957.00;54176.00;18957;35219;0.00;0.00;0;0
1421943763;total;46031456.00;23092634.00;69124088.00;23092634;46031456;35219.00;18957.00;54176.00;18957;35219;0.00;0.00;0;0
1421943764;eth0;46065440.00;23122768.00;69188208.00;23122769;46065440;35245.00;18981.00;54226.00;18981;35245;0.00;0.00;0;0
1421943764;total;46065440.00;23122768.00;69188208.00;23122769;46065440;35245.00;18981.00;54226.00;18981;35245;0.00;0.00;0;0
1421943765;eth0;46506296.00;23330808.00;69837104.00;23330809;46506294;35583.00;19154.00;54737.00;19154;35583;0.00;0.00;0;0
1421943765;total;46506296.00;23330808.00;69837104.00;23330809;46506294;35583.00;19154.00;54737.00;19154;35583;0.00;0.00;0;0
1421943766;eth0;46321256.00;23244602.00;69565856.00;23244602;46321258;35440.00;19082.00;54522.00;19082;35440;0.00;0.00;0;0
1421943766;total;46321256.00;23244602.00;69565856.00;23244602;46321258;35440.00;19082.00;54522.00;19082;35440;0.00;0.00;0;0
1421943767;eth0;46133408.00;23150804.00;69284216.00;23150805;46133408;35297.00;19005.00;54302.00;19005;35297;0.00;0.00;0;0
1421943767;total;46133408.00;23150804.00;69284216.00;23150805;46133408;35297.00;19005.00;54302.00;19005;35297;0.00;0.00;0;0
1421943768;eth0;45963488.00;23065536.00;69029024.00;23065535;45963488;35167.00;18935.00;54102.00;18935;35167;0.00;0.00;0;0
1421943768;total;45963488.00;23065536.00;69029024.00;23065535;45963488;35167.00;18935.00;54102.00;18935;35167;0.00;0.00;0;0
1421943769;eth0;46031456.00;23099644.00;69131096.00;23099643;46031456;35219.00;18963.00;54182.00;18963;35219;0.00;0.00;0;0
1421943769;total;46031456.00;23099644.00;69131096.00;23099643;46031456;35219.00;18963.00;54182.00;18963;35219;0.00;0.00;0;0
1421943770;eth0;45708608.00;22937630.00;68646240.00;22937630;45708608;34972.00;18830.00;53802.00;18830;34972;0.00;0.00;0;0
1421943770;total;45708608.00;22937630.00;68646240.00;22937630;45708608;34972.00;18830.00;53802.00;18830;34972;0.00;0.00;0;0
1421943771;eth0;45734064.00;22954684.00;68688752.00;22954684;45734064;34992.00;18844.00;53836.00;18844;34992;0.00;0.00;0;0
1421943771;total;45734064.00;22954684.00;68688752.00;22954684;45734064;34992.00;18844.00;53836.00;18844;34992;0.00;0.00;0;0
1421943772;eth0;45887056.00;23022900.00;68909952.00;23022900;45887056;35108.00;18900.00;54008.00;18900;35108;0.00;0.00;0;0
1421943772;total;45887056.00;23022900.00;68909952.00;23022900;45887056;35108.00;18900.00;54008.00;18900;35108;0.00;0.00;0;0
1421943773;eth0;45912512.00;23039954.00;68952464.00;23039954;45912512;35128.00;18914.00;54042.00;18914;35128;0.00;0.00;0;0
1421943773;total;45912512.00;23039954.00;68952464.00;23039954;45912512;35128.00;18914.00;54042.00;18914;35128;0.00;0.00;0;0
1421943774;eth0;45793568.00;22988728.00;68782296.00;22988728;45793568;35037.00;18871.00;53908.00;18871;35037;0.00;0.00;0;0
1421943774;total;45793568.00;22988728.00;68782296.00;22988728;45793568;35037.00;18871.00;53908.00;18871;35037;0.00;0.00;0;0
1421943775;eth0;45704632.00;22929168.00;68633800.00;22929167;45704634;34969.00;18824.00;53793.00;18824;34969;0.00;0.00;0;0
1421943775;total;45704632.00;22929168.00;68633800.00;22929167;45704634;34969.00;18824.00;53793.00;18824;34969;0.00;0.00;0;0
1421943776;eth0;45661608.00;22920576.00;68582184.00;22920576;45661606;34936.00;18816.00;53752.00;18816;34936;0.00;0.00;0;0
1421943776;total;45661608.00;22920576.00;68582184.00;22920576;45661606;34936.00;18816.00;53752.00;18816;34936;0.00;0.00;0;0
1421943777;eth0;45793568.00;22971738.00;68765304.00;22971738;45793568;35037.00;18858.00;53895.00;18858;35037;0.00;0.00;0;0
1421943777;total;45793568.00;22971738.00;68765304.00;22971738;45793568;35037.00;18858.00;53895.00;18858;35037;0.00;0.00;0;0
1421943778;eth0;45802032.00;22988792.00;68790824.00;22988792;45802032;35044.00;18872.00;53916.00;18872;35044;0.00;0.00;0;0
1421943778;total;45802032.00;22988792.00;68790824.00;22988792;45802032;35044.00;18872.00;53916.00;18872;35044;0.00;0.00;0;0
1421943779;eth0;45844544.00;23005846.00;68850392.00;23005846;45844544;35077.00;18886.00;53963.00;18886;35077;0.00;0.00;0;0
1421943779;total;45844544.00;23005846.00;68850392.00;23005846;45844544;35077.00;18886.00;53963.00;18886;35077;0.00;0.00;0;0
1421943780;eth0;45748664.00;22954684.00;68703344.00;22954684;45748664;35001.00;18844.00;53845.00;18844;35001;0.00;0.00;0;0
1421943780;total;45748664.00;22954684.00;68703344.00;22954684;45748664;35001.00;18844.00;53845.00;18844;35001;0.00;0.00;0;0
1421943781;eth0;46084888.00;23125224.00;69210112.00;23125224;46084888;35260.00;18984.00;54244.00;18984;35260;0.00;0.00;0;0
1421943781;total;46084888.00;23125224.00;69210112.00;23125224;46084888;35260.00;18984.00;54244.00;18984;35260;0.00;0.00;0;0
1421943782;eth0;45935576.00;23057008.00;68992584.00;23057008;45935576;35147.00;18928.00;54075.00;18928;35147;0.00;0.00;0;0
1421943782;total;45935576.00;23057008.00;68992584.00;23057008;45935576;35147.00;18928.00;54075.00;18928;35147;0.00;0.00;0;0
1421943783;eth0;45782004.00;22971738.00;68753744.00;22971738;45782004;35027.00;18858.00;53885.00;18858;35027;0.00;0.00;0;0
1421943783;total;45782004.00;22971738.00;68753744.00;22971738;45782004;35027.00;18858.00;53885.00;18858;35027;0.00;0.00;0;0
1421943784;eth0;45646132.00;22912048.00;68558184.00;22912049;45646132;34924.00;18809.00;53733.00;18809;34924;0.00;0.00;0;0
1421943784;total;45646132.00;22912048.00;68558184.00;22912049;45646132;34924.00;18809.00;53733.00;18809;34924;0.00;0.00;0;0
1421943785;eth0;45742592.00;22954684.00;68697280.00;22954684;45742592;34998.00;18844.00;53842.00;18844;34998;0.00;0.00;0;0
1421943785;total;45742592.00;22954684.00;68697280.00;22954684;45742592;34998.00;18844.00;53842.00;18844;34998;0.00;0.00;0;0
1421943786;eth0;45741656.00;22946156.00;68687808.00;22946157;45741654;34997.00;18837.00;53834.00;18837;34997;0.00;0.00;0;0
1421943786;total;45741656.00;22946156.00;68687808.00;22946157;45741654;34997.00;18837.00;53834.00;18837;34997;0.00;0.00;0;0
1421943787;eth0;45709544.00;22937630.00;68647176.00;22937630;45709546;34973.00;18830.00;53803.00;18830;34973;0.00;0.00;0;0
1421943787;total;45709544.00;22937630.00;68647176.00;22937630;45709546;34973.00;18830.00;53803.00;18830;34973;0.00;0.00;0;0
1421943788;eth0;45703116.00;22937630.00;68640744.00;22937630;45703116;34968.00;18830.00;53798.00;18830;34968;0.00;0.00;0;0
1421943788;total;45703116.00;22937630.00;68640744.00;22937630;45703116;34968.00;18830.00;53798.00;18830;34968;0.00;0.00;0;0
1421943789;eth0;45663124.00;22912048.00;68575176.00;22912049;45663124;34937.00;18809.00;53746.00;18809;34937;0.00;0.00;0;0
1421943789;total;45663124.00;22912048.00;68575176.00;22912049;45663124;34937.00;18809.00;53746.00;18809;34937;0.00;0.00;0;0
1421943790;eth0;46054520.00;23116696.00;69171216.00;23116697;46054520;35238.00;18977.00;54215.00;18977;35238;0.00;0.00;0;0
1421943790;total;46054520.00;23116696.00;69171216.00;23116697;46054520;35238.00;18977.00;54215.00;18977;35238;0.00;0.00;0;0
1421943791;eth0;46110344.00;23133752.00;69244096.00;23133751;46110344;35278.00;18991.00;54269.00;18991;35278;0.00;0.00;0;0
1421943791;total;46110344.00;23133752.00;69244096.00;23133751;46110344;35278.00;18991.00;54269.00;18991;35278;0.00;0.00;0;0
1421943792;eth0;45640640.00;22903522.00;68544160.00;22903522;45640640;34920.00;18802.00;53722.00;18802;34920;0.00;0.00;0;0
1421943792;total;45640640.00;22903522.00;68544160.00;22903522;45640640;34920.00;18802.00;53722.00;18802;34920;0.00;0.00;0;0
1421943793;eth0;45793568.00;22988792.00;68782360.00;22988792;45793568;35037.00;18872.00;53909.00;18872;35037;0.00;0.00;0;0
1421943793;total;45793568.00;22988792.00;68782360.00;22988792;45793568;35037.00;18872.00;53909.00;18872;35037;0.00;0.00;0;0
1421943794;eth0;45750184.00;22954684.00;68704864.00;22954684;45750182;35005.00;18844.00;53849.00;18844;35005;0.00;0.00;0;0
1421943794;total;45750184.00;22954684.00;68704864.00;22954684;45750182;35005.00;18844.00;53849.00;18844;35005;0.00;0.00;0;0
1421943795;eth0;45727992.00;22946156.00;68674152.00;22946157;45727992;34986.00;18837.00;53823.00;18837;34986;0.00;0.00;0;0
1421943795;total;45727992.00;22946156.00;68674152.00;22946157;45727992;34986.00;18837.00;53823.00;18837;34986;0.00;0.00;0;0
1421943796;eth0;45900072.00;23031428.00;68931504.00;23031427;45900074;35119.00;18907.00;54026.00;18907;35119;0.00;0.00;0;0
1421943796;total;45900072.00;23031428.00;68931504.00;23031427;45900074;35119.00;18907.00;54026.00;18907;35119;0.00;0.00;0;0
1421943797;eth0;45813016.00;22997320.00;68810336.00;22997319;45813016;35051.00;18879.00;53930.00;18879;35051;0.00;0.00;0;0
1421943797;total;45813016.00;22997320.00;68810336.00;22997319;45813016;35051.00;18879.00;53930.00;18879;35051;0.00;0.00;0;0
1421943798;eth0;45928568.00;23039954.00;68968520.00;23039954;45928566;35140.00;18914.00;54054.00;18914;35140;0.00;0.00;0;0
1421943798;total;45928568.00;23039954.00;68968520.00;23039954;45928566;35140.00;18914.00;54054.00;18914;35140;0.00;0.00;0;0
1421943799;eth0;45709544.00;22940666.00;68650208.00;22940666;45709546;34973.00;18832.00;53805.00;18832;34973;0.00;0.00;0;0
1421943799;total;45709544.00;22940666.00;68650208.00;22940666;45709546;34973.00;18832.00;53805.00;18832;34973;0.00;0.00;0;0
1421943800;eth0;45730152.00;22951648.00;68681800.00;22951648;45730154;34989.00;18842.00;53831.00;18842;34989;0.00;0.00;0;0
1421943800;total;45730152.00;22951648.00;68681800.00;22951648;45730154;34989.00;18842.00;53831.00;18842;34989;0.00;0.00;0;0
1421943801;eth0;45650624.00;22903522.00;68554144.00;22903522;45650622;34928.00;18802.00;53730.00;18802;34928;0.00;0.00;0;0
1421943801;total;45650624.00;22903522.00;68554144.00;22903522;45650622;34928.00;18802.00;53730.00;18802;34928;0.00;0.00;0;0
1421943802;eth0;45626104.00;22894996.00;68521096.00;22894995;45626104;34908.00;18795.00;53703.00;18795;34908;0.00;0.00;0;0
1421943802;total;45626104.00;22894996.00;68521096.00;22894995;45626104;34908.00;18795.00;53703.00;18795;34908;0.00;0.00;0;0
1421943803;eth0;45912512.00;23048480.00;68960992.00;23048481;45912512;35128.00;18921.00;54049.00;18921;35128;0.00;0.00;0;0
1421943803;total;45912512.00;23048480.00;68960992.00;23048481;45912512;35128.00;18921.00;54049.00;18921;35128;0.00;0.00;0;0
1421943804;eth0;45912512.00;23034464.00;68946976.00;23034463;45912512;35128.00;18909.00;54037.00;18909;35128;0.00;0.00;0;0
1421943804;total;45912512.00;23034464.00;68946976.00;23034463;45912512;35128.00;18909.00;54037.00;18909;35128;0.00;0.00;0;0
1421943805;eth0;46252352.00;23215984.00;69468336.00;23215985;46252352;35389.00;19059.00;54448.00;19059;35389;0.00;0.00;0;0
1421943805;total;46252352.00;23215984.00;69468336.00;23215985;46252352;35389.00;19059.00;54448.00;19059;35389;0.00;0.00;0;0
1421943806;eth0;47543744.00;23858482.00;71402224.00;23858482;47543744;36375.00;19585.00;55960.00;19585;36375;0.00;0.00;0;0
1421943806;total;47543744.00;23858482.00;71402224.00;23858482;47543744;36375.00;19585.00;55960.00;19585;36375;0.00;0.00;0;0
1421943807;eth0;46541216.00;23346990.00;69888208.00;23346990;46541216;35609.00;19167.00;54776.00;19167;35609;0.00;0.00;0;0
1421943807;total;46541216.00;23346990.00;69888208.00;23346990;46541216;35609.00;19167.00;54776.00;19167;35609;0.00;0.00;0;0
1421943808;eth0;48444320.00;24318940.00;72763264.00;24318940;48444320;37065.00;19963.00;57028.00;19963;37065;0.00;0.00;0;0
1421943808;total;48444320.00;24318940.00;72763264.00;24318940;48444320;37065.00;19963.00;57028.00;19963;37065;0.00;0.00;0;0
1421943809;eth0;48777152.00;24474072.00;73251224.00;24474072;48777150;37320.00;20092.00;57412.00;20092;37320;0.00;0.00;0;0
1421943809;total;48777152.00;24474072.00;73251224.00;24474072;48777150;37320.00;20092.00;57412.00;20092;37320;0.00;0.00;0;0
1421943810;eth0;46327328.00;23243084.00;69570416.00;23243084;46327330;35445.00;19081.00;54526.00;19081;35445;0.00;0.00;0;0
1421943810;total;46327328.00;23243084.00;69570416.00;23243084;46327330;35445.00;19081.00;54526.00;19081;35445;0.00;0.00;0;0
1421943811;eth0;45876072.00;23022900.00;68898976.00;23022900;45876072;35100.00;18900.00;54000.00;18900;35100;0.00;0.00;0;0
1421943811;total;45876072.00;23022900.00;68898976.00;23022900;45876072;35100.00;18900.00;54000.00;18900;35100;0.00;0.00;0;0
1421943812;eth0;46577656.00;23377060.00;69954720.00;23377061;46577656;35637.00;19191.00;54828.00;19191;35637;0.00;0.00;0;0
1421943812;total;46577656.00;23377060.00;69954720.00;23377061;46577656;35637.00;19191.00;54828.00;19191;35637;0.00;0.00;0;0
1421943813;eth0;46311792.00;23240048.00;69551840.00;23240048;46311792;35434.00;19078.00;54512.00;19078;35434;0.00;0.00;0;0
1421943813;total;46311792.00;23240048.00;69551840.00;23240048;46311792;35434.00;19078.00;54512.00;19078;35434;0.00;0.00;0;0
1421943814;eth0;46265432.00;23219020.00;69484456.00;23219021;46265434;35399.00;19061.00;54460.00;19061;35399;0.00;0.00;0;0
1421943814;total;46265432.00;23219020.00;69484456.00;23219021;46265434;35399.00;19061.00;54460.00;19061;35399;0.00;0.00;0;0
1421943815;eth0;46128856.00;23145314.00;69274168.00;23145314;46128854;35292.00;19000.00;54292.00;19000;35292;0.00;0.00;0;0
1421943815;total;46128856.00;23145314.00;69274168.00;23145314;46128854;35292.00;19000.00;54292.00;19000;35292;0.00;0.00;0;0
1421943816;eth0;45725600.00;22951648.00;68677248.00;22951648;45725600;34985.00;18842.00;53827.00;18842;34985;0.00;0.00;0;0
1421943816;total;45725600.00;22951648.00;68677248.00;22951648;45725600;34985.00;18842.00;53827.00;18842;34985;0.00;0.00;0;0
1421943817;eth0;46218368.00;23184912.00;69403280.00;23184913;46218368;35362.00;19033.00;54395.00;19033;35362;0.00;0.00;0;0
1421943817;total;46218368.00;23184912.00;69403280.00;23184913;46218368;35362.00;19033.00;54395.00;19033;35362;0.00;0.00;0;0
1421943818;eth0;46551200.00;23363980.00;69915176.00;23363980;46551198;35617.00;19180.00;54797.00;19180;35617;0.00;0.00;0;0
1421943818;total;46551200.00;23363980.00;69915176.00;23363980;46551198;35617.00;19180.00;54797.00;19180;35617;0.00;0.00;0;0
1421943819;eth0;46259360.00;23219020.00;69478384.00;23219021;46259362;35393.00;19061.00;54454.00;19061;35393;0.00;0.00;0;0
1421943819;total;46259360.00;23219020.00;69478384.00;23219021;46259362;35393.00;19061.00;54454.00;19061;35393;0.00;0.00;0;0
1421943820;eth0;46207448.00;23184912.00;69392360.00;23184913;46207448;35355.00;19033.00;54388.00;19033;35355;0.00;0.00;0;0
1421943820;total;46207448.00;23184912.00;69392360.00;23184913;46207448;35355.00;19033.00;54388.00;19033;35355;0.00;0.00;0;0
1421943821;eth0;46620104.00;23389560.00;70009664.00;23389561;46620104;35668.00;19201.00;54869.00;19201;35668;0.00;0.00;0;0
1421943821;total;46620104.00;23389560.00;70009664.00;23389561;46620104;35668.00;19201.00;54869.00;19201;35668;0.00;0.00;0;0
1421943822;eth0;46504776.00;23338400.00;69843176.00;23338399;46504776;35582.00;19159.00;54741.00;19159;35582;0.00;0.00;0;0
1421943822;total;46504776.00;23338400.00;69843176.00;23338399;46504776;35582.00;19159.00;54741.00;19159;35582;0.00;0.00;0;0
1421943823;eth0;46339768.00;23253128.00;69592896.00;23253129;46339768;35454.00;19089.00;54543.00;19089;35454;0.00;0.00;0;0
1421943823;total;46339768.00;23253128.00;69592896.00;23253129;46339768;35454.00;19089.00;54543.00;19089;35454;0.00;0.00;0;0
1421943824;eth0;46286336.00;23236012.00;69522344.00;23236011;46286336;35414.00;19074.00;54488.00;19074;35414;0.00;0.00;0;0
1421943824;total;46286336.00;23236012.00;69522344.00;23236011;46286336;35414.00;19074.00;54488.00;19074;35414;0.00;0.00;0;0
1421943825;eth0;46409832.00;23287300.00;69697136.00;23287301;46409834;35510.00;19118.00;54628.00;19118;35510;0.00;0.00;0;0
1421943825;total;46409832.00;23287300.00;69697136.00;23287301;46409834;35510.00;19118.00;54628.00;19118;35510;0.00;0.00;0;0
1421943826;eth0;46162840.00;23167796.00;69330632.00;23167795;46162838;35318.00;19018.00;54336.00;19018;35318;0.00;0.00;0;0
1421943826;total;46162840.00;23167796.00;69330632.00;23167795;46162838;35318.00;19018.00;54336.00;19018;35318;0.00;0.00;0;0
1421943827;eth0;46609184.00;23389624.00;69998808.00;23389625;46609184;35663.00;19202.00;54865.00;19202;35663;0.00;0.00;0;0
1421943827;total;46609184.00;23389624.00;69998808.00;23389625;46609184;35663.00;19202.00;54865.00;19202;35663;0.00;0.00;0;0
1421943828;eth0;46354304.00;23253128.00;69607432.00;23253129;46354304;35464.00;19089.00;54553.00;19089;35464;0.00;0.00;0;0
1421943828;total;46354304.00;23253128.00;69607432.00;23253129;46354304;35464.00;19089.00;54553.00;19089;35464;0.00;0.00;0;0
1421943829;eth0;45670648.00;22920576.00;68591224.00;22920576;45670650;34943.00;18816.00;53759.00;18816;34943;0.00;0.00;0;0
1421943829;total;45670648.00;22920576.00;68591224.00;22920576;45670650;34943.00;18816.00;53759.00;18816;34943;0.00;0.00;0;0
1421943830;eth0;45882504.00;23022900.00;68905400.00;23022900;45882502;35105.00;18901.00;54006.00;18901;35105;0.00;0.00;0;0
1421943830;total;45882504.00;23022900.00;68905400.00;23022900;45882502;35105.00;18901.00;54006.00;18901;35105;0.00;0.00;0;0
1421943831;eth0;46133408.00;23150804.00;69284216.00;23150805;46133408;35297.00;19004.00;54301.00;19004;35297;0.00;0.00;0;0
1421943831;total;46133408.00;23150804.00;69284216.00;23150805;46133408;35297.00;19004.00;54301.00;19004;35297;0.00;0.00;0;0
1421943832;eth0;46099424.00;23142214.00;69241640.00;23142214;46099424;35271.00;18997.00;54268.00;18997;35271;0.00;0.00;0;0
1421943832;total;46099424.00;23142214.00;69241640.00;23142214;46099424;35271.00;18997.00;54268.00;18997;35271;0.00;0.00;0;0
1421943833;eth0;46660160.00;23406680.00;70066840.00;23406679;46660160;35700.00;19216.00;54916.00;19216;35700;0.00;0.00;0;0
1421943833;total;46660160.00;23406680.00;70066840.00;23406679;46660160;35700.00;19216.00;54916.00;19216;35700;0.00;0.00;0;0
1421943834;eth0;46326392.00;23253128.00;69579520.00;23253129;46326392;35446.00;19089.00;54535.00;19089;35446;0.00;0.00;0;0
1421943834;total;46326392.00;23253128.00;69579520.00;23253129;46326392;35446.00;19089.00;54535.00;19089;35446;0.00;0.00;0;0
1421943835;eth0;45600584.00;22886468.00;68487056.00;22886468;45600584;34888.00;18788.00;53676.00;18788;34888;0.00;0.00;0;0
1421943835;total;45600584.00;22886468.00;68487056.00;22886468;45600584;34888.00;18788.00;53676.00;18788;34888;0.00;0.00;0;0
1421943836;eth0;45572672.00;22860888.00;68433560.00;22860887;45572672;34868.00;18767.00;53635.00;18767;34868;0.00;0.00;0;0
1421943836;total;45572672.00;22860888.00;68433560.00;22860887;45572672;34868.00;18767.00;53635.00;18767;34868;0.00;0.00;0;0
1421943837;eth0;45725600.00;22946156.00;68671760.00;22946157;45725600;34985.00;18837.00;53822.00;18837;34985;0.00;0.00;0;0
1421943837;total;45725600.00;22946156.00;68671760.00;22946157;45725600;34985.00;18837.00;53822.00;18837;34985;0.00;0.00;0;0
1421943838;eth0;45640640.00;22903522.00;68544160.00;22903522;45640640;34920.00;18802.00;53722.00;18802;34920;0.00;0.00;0;0
1421943838;total;45640640.00;22903522.00;68544160.00;22903522;45640640;34920.00;18802.00;53722.00;18802;34920;0.00;0.00;0;0
1421943839;eth0;46269344.00;23219020.00;69488368.00;23219021;46269344;35401.00;19061.00;54462.00;19061;35401;0.00;0.00;0;0
1421943839;total;46269344.00;23219020.00;69488368.00;23219021;46269344;35401.00;19061.00;54462.00;19061;35401;0.00;0.00;0;0
1421943840;eth0;46507232.00;23346926.00;69854160.00;23346926;46507232;35585.00;19166.00;54751.00;19166;35585;0.00;0.00;0;0
1421943840;total;46507232.00;23346926.00;69854160.00;23346926;46507232;35585.00;19166.00;54751.00;19166;35585;0.00;0.00;0;0
1421943841;eth0;46337312.00;23253128.00;69590440.00;23253129;46337312;35451.00;19089.00;54540.00;19089;35451;0.00;0.00;0;0
1421943841;total;46337312.00;23253128.00;69590440.00;23253129;46337312;35451.00;19089.00;54540.00;19089;35451;0.00;0.00;0;0
1421943842;eth0;46566672.00;23363980.00;69930656.00;23363980;46566672;35629.00;19180.00;54809.00;19180;35629;0.00;0.00;0;0
1421943842;total;46566672.00;23363980.00;69930656.00;23363980;46566672;35629.00;19180.00;54809.00;19180;35629;0.00;0.00;0;0
1421943843;eth0;49087624.00;24634504.00;73722128.00;24634503;49087624;37557.00;20223.00;57780.00;20223;37557;0.00;0.00;0;0
1421943843;total;49087624.00;24634504.00;73722128.00;24634503;49087624;37557.00;20223.00;57780.00;20223;37557;0.00;0.00;0;0
1421943844;eth0;45926468.00;23048480.00;68974952.00;23048481;45926468;35139.00;18921.00;54060.00;18921;35139;0.00;0.00;0;0
1421943844;total;45926468.00;23048480.00;68974952.00;23048481;45926468;35139.00;18921.00;54060.00;18921;35139;0.00;0.00;0;0
1421943845;eth0;49145544.00;24660084.00;73805632.00;24660084;49145546;37601.00;20244.00;57845.00;20244;37601;0.00;0.00;0;0
1421943845;total;49145544.00;24660084.00;73805632.00;24660084;49145546;37601.00;20244.00;57845.00;20244;37601;0.00;0.00;0;0
1421943846;eth0;48147864.00;24156992.00;72304856.00;24156991;48147866;36838.00;19831.00;56669.00;19831;36838;0.00;0.00;0;0
1421943846;total;48147864.00;24156992.00;72304856.00;24156991;48147866;36838.00;19831.00;56669.00;19831;36838;0.00;0.00;0;0
1421943847;eth0;45918584.00;23048480.00;68967064.00;23048481;45918584;35133.00;18921.00;54054.00;18921;35133;0.00;0.00;0;0
1421943847;total;45918584.00;23048480.00;68967064.00;23048481;45918584;35133.00;18921.00;54054.00;18921;35133;0.00;0.00;0;0
1421943848;eth0;46328784.00;23244602.00;69573384.00;23244602;46328784;35446.00;19082.00;54528.00;19082;35446;0.00;0.00;0;0
1421943848;total;46328784.00;23244602.00;69573384.00;23244602;46328784;35446.00;19082.00;54528.00;19082;35446;0.00;0.00;0;0
1421943849;eth0;46050904.00;23108170.00;69159072.00;23108170;46050904;35234.00;18970.00;54204.00;18970;35234;0.00;0.00;0;0
1421943849;total;46050904.00;23108170.00;69159072.00;23108170;46050904;35234.00;18970.00;54204.00;18970;35234;0.00;0.00;0;0
1421943850;eth0;45946496.00;23057008.00;69003504.00;23057008;45946496;35154.00;18928.00;54082.00;18928;35154;0.00;0.00;0;0
1421943850;total;45946496.00;23057008.00;69003504.00;23057008;45946496;35154.00;18928.00;54082.00;18928;35154;0.00;0.00;0;0
1421943851;eth0;45971080.00;23074062.00;69045136.00;23074062;45971078;35173.00;18942.00;54115.00;18942;35173;0.00;0.00;0;0
1421943851;total;45971080.00;23074062.00;69045136.00;23074062;45971078;35173.00;18942.00;54115.00;18942;35173;0.00;0.00;0;0
1421943852;eth0;45900948.00;23031428.00;68932376.00;23031427;45900948;35119.00;18907.00;54026.00;18907;35119;0.00;0.00;0;0
1421943852;total;45900948.00;23031428.00;68932376.00;23031427;45900948;35119.00;18907.00;54026.00;18907;35119;0.00;0.00;0;0
1421943853;eth0;45895520.00;23031428.00;68926944.00;23031427;45895520;35115.00;18907.00;54022.00;18907;35115;0.00;0.00;0;0
1421943853;total;45895520.00;23031428.00;68926944.00;23031427;45895520;35115.00;18907.00;54022.00;18907;35115;0.00;0.00;0;0
1421943854;eth0;45848520.00;23005846.00;68854368.00;23005846;45848518;35079.00;18886.00;53965.00;18886;35079;0.00;0.00;0;0
1421943854;total;45848520.00;23005846.00;68854368.00;23005846;45848518;35079.00;18886.00;53965.00;18886;35079;0.00;0.00;0;0
1421943855;eth0;45516204.00;22843832.00;68360040.00;22843833;45516204;34825.00;18753.00;53578.00;18753;34825;0.00;0.00;0;0
1421943855;total;45516204.00;22843832.00;68360040.00;22843833;45516204;34825.00;18753.00;53578.00;18753;34825;0.00;0.00;0;0
1421943856;eth0;45968980.00;23068572.00;69037552.00;23068571;45968980;35171.00;18937.00;54108.00;18937;35171;0.00;0.00;0;0
1421943856;total;45968980.00;23068572.00;69037552.00;23068571;45968980;35171.00;18937.00;54108.00;18937;35171;0.00;0.00;0;0
1421943857;eth0;45827552.00;22994284.00;68821832.00;22994283;45827552;35063.00;18877.00;53940.00;18877;35063;0.00;0.00;0;0
1421943857;total;45827552.00;22994284.00;68821832.00;22994283;45827552;35063.00;18877.00;53940.00;18877;35063;0.00;0.00;0;0
1421943858;eth0;45929504.00;23048480.00;68977984.00;23048481;45929504;35141.00;18921.00;54062.00;18921;35141;0.00;0.00;0;0
1421943858;total;45929504.00;23048480.00;68977984.00;23048481;45929504;35141.00;18921.00;54062.00;18921;35141;0.00;0.00;0;0
1421943859;eth0;45697688.00;22937630.00;68635320.00;22937630;45697688;34964.00;18830.00;53794.00;18830;34964;0.00;0.00;0;0
1421943859;total;45697688.00;22937630.00;68635320.00;22937630;45697688;34964.00;18830.00;53794.00;18830;34964;0.00;0.00;0;0
1421943860;eth0;46382216.00;23271700.00;69653920.00;23271701;46382216;35487.00;19104.00;54591.00;19104;35487;0.00;0.00;0;0
1421943860;total;46382216.00;23271700.00;69653920.00;23271701;46382216;35487.00;19104.00;54591.00;19104;35487;0.00;0.00;0;0
1421943861;eth0;46334856.00;23251612.00;69586464.00;23251611;46334856;35451.00;19088.00;54539.00;19088;35451;0.00;0.00;0;0
1421943861;total;46334856.00;23251612.00;69586464.00;23251611;46334856;35451.00;19088.00;54539.00;19088;35451;0.00;0.00;0;0
1421943862;eth0;45897976.00;23039016.00;68936992.00;23039017;45897976;35117.00;18912.00;54029.00;18912;35117;0.00;0.00;0;0
1421943862;total;45897976.00;23039016.00;68936992.00;23039017;45897976;35117.00;18912.00;54029.00;18912;35117;0.00;0.00;0;0
1421943863;eth0;46643168.00;23399024.00;70042192.00;23399025;46643168;35687.00;19210.00;54897.00;19210;35687;0.00;0.00;0;0
1421943863;total;46643168.00;23399024.00;70042192.00;23399025;46643168;35687.00;19210.00;54897.00;19210;35687;0.00;0.00;0;0
1421943864;eth0;46555752.00;23363980.00;69919728.00;23363980;46555752;35620.00;19180.00;54800.00;19180;35620;0.00;0.00;0;0
1421943864;total;46555752.00;23363980.00;69919728.00;23363980;46555752;35620.00;19180.00;54800.00;19180;35620;0.00;0.00;0;0
1421943865;eth0;47539192.00;23858546.00;71397736.00;23858546;47539190;36374.00;19586.00;55960.00;19586;36374;0.00;0.00;0;0
1421943865;total;47539192.00;23858546.00;71397736.00;23858546;47539190;36374.00;19586.00;55960.00;19586;36374;0.00;0.00;0;0
1421943866;eth0;47414816.00;23790330.00;71205152.00;23790330;47414818;36276.00;19530.00;55806.00;19530;36276;0.00;0.00;0;0
1421943866;total;47414816.00;23790330.00;71205152.00;23790330;47414818;36276.00;19530.00;55806.00;19530;36276;0.00;0.00;0;0
1421943867;eth0;49752704.00;24967056.00;74719760.00;24967056;49752704;38066.00;20496.00;58562.00;20496;38066;0.00;0.00;0;0
1421943867;total;49752704.00;24967056.00;74719760.00;24967056;49752704;38066.00;20496.00;58562.00;20496;38066;0.00;0.00;0;0
1421943868;eth0;47729720.00;23952344.00;71682064.00;23952343;47729718;36519.00;19663.00;56182.00;19663;36519;0.00;0.00;0;0
1421943868;total;47729720.00;23952344.00;71682064.00;23952343;47729718;36519.00;19663.00;56182.00;19663;36519;0.00;0.00;0;0
1421943869;eth0;47792552.00;23991004.00;71783560.00;23991005;47792552;36566.00;19694.00;56260.00;19694;36566;0.00;0.00;0;0
1421943869;total;47792552.00;23991004.00;71783560.00;23991005;47792552;36566.00;19694.00;56260.00;19694;36566;0.00;0.00;0;0
1421943870;eth0;47463336.00;23811356.00;71274696.00;23811357;47463338;36315.00;19548.00;55863.00;19548;36315;0.00;0.00;0;0
1421943870;total;47463336.00;23811356.00;71274696.00;23811357;47463338;36315.00;19548.00;55863.00;19548;36315;0.00;0.00;0;0
1421943871;eth0;45838472.00;23005846.00;68844320.00;23005846;45838472;35071.00;18886.00;53957.00;18886;35071;0.00;0.00;0;0
1421943871;total;45838472.00;23005846.00;68844320.00;23005846;45838472;35071.00;18886.00;53957.00;18886;35071;0.00;0.00;0;0
1421943872;eth0;46277872.00;23219020.00;69496896.00;23219021;46277872;35407.00;19061.00;54468.00;19061;35407;0.00;0.00;0;0
1421943872;total;46277872.00;23219020.00;69496896.00;23219021;46277872;35407.00;19061.00;54468.00;19061;35407;0.00;0.00;0;0
1421943873;eth0;47288864.00;23730640.00;71019504.00;23730641;47288864;36181.00;19481.00;55662.00;19481;36181;0.00;0.00;0;0
1421943873;total;47288864.00;23730640.00;71019504.00;23730641;47288864;36181.00;19481.00;55662.00;19481;36181;0.00;0.00;0;0
1421943874;eth0;47730656.00;23952344.00;71683000.00;23952343;47730656;36519.00;19663.00;56182.00;19663;36519;0.00;0.00;0;0
1421943874;total;47730656.00;23952344.00;71683000.00;23952343;47730656;36519.00;19663.00;56182.00;19663;36519;0.00;0.00;0;0
1421943875;eth0;46202896.00;23193440.00;69396336.00;23193440;46202894;35352.00;19040.00;54392.00;19040;35352;0.00;0.00;0;0
1421943875;total;46202896.00;23193440.00;69396336.00;23193440;46202894;35352.00;19040.00;54392.00;19040;35352;0.00;0.00;0;0
1421943876;eth0;46182864.00;23167860.00;69350728.00;23167859;46182866;35333.00;19019.00;54352.00;19019;35333;0.00;0.00;0;0
1421943876;total;46182864.00;23167860.00;69350728.00;23167859;46182866;35333.00;19019.00;54352.00;19019;35333;0.00;0.00;0;0
1421943877;eth0;45810560.00;22997320.00;68807880.00;22997319;45810560;35050.00;18879.00;53929.00;18879;35050;0.00;0.00;0;0
1421943877;total;45810560.00;22997320.00;68807880.00;22997319;45810560;35050.00;18879.00;53929.00;18879;35050;0.00;0.00;0;0
1421943878;eth0;46167392.00;23159332.00;69326720.00;23159332;46167392;35323.00;19012.00;54335.00;19012;35323;0.00;0.00;0;0
1421943878;total;46167392.00;23159332.00;69326720.00;23159332;46167392;35323.00;19012.00;54335.00;19012;35323;0.00;0.00;0;0
1421943879;eth0;46991472.00;23585682.00;70577152.00;23585682;46991472;35954.00;19362.00;55316.00;19362;35954;0.00;0.00;0;0
1421943879;total;46991472.00;23585682.00;70577152.00;23585682;46991472;35954.00;19362.00;55316.00;19362;35954;0.00;0.00;0;0
1421943880;eth0;46702672.00;23440660.00;70143328.00;23440659;46702672;35732.00;19243.00;54975.00;19243;35732;0.00;0.00;0;0
1421943880;total;46702672.00;23440660.00;70143328.00;23440659;46702672;35732.00;19243.00;54975.00;19243;35732;0.00;0.00;0;0
1421943881;eth0;46396752.00;23278774.00;69675528.00;23278774;46396752;35500.00;19110.00;54610.00;19110;35500;0.00;0.00;0;0
1421943881;total;46396752.00;23278774.00;69675528.00;23278774;46396752;35500.00;19110.00;54610.00;19110;35500;0.00;0.00;0;0
1421943882;eth0;46447792.00;23312818.00;69760608.00;23312818;46447792;35536.00;19138.00;54674.00;19138;35536;0.00;0.00;0;0
1421943882;total;46447792.00;23312818.00;69760608.00;23312818;46447792;35536.00;19138.00;54674.00;19138;35536;0.00;0.00;0;0
1421943883;eth0;46439264.00;23300318.00;69739584.00;23300318;46439264;35531.00;19127.00;54658.00;19127;35531;0.00;0.00;0;0
1421943883;total;46439264.00;23300318.00;69739584.00;23300318;46439264;35531.00;19127.00;54658.00;19127;35531;0.00;0.00;0;0
1421943884;eth0;46245344.00;23205940.00;69451280.00;23205940;46245342;35383.00;19051.00;54434.00;19051;35383;0.00;0.00;0;0
1421943884;total;46245344.00;23205940.00;69451280.00;23205940;46245342;35383.00;19051.00;54434.00;19051;35383;0.00;0.00;0;0
1421943885;eth0;46123424.00;23142278.00;69265704.00;23142278;46123426;35289.00;18998.00;54287.00;18998;35289;0.00;0.00;0;0
1421943885;total;46123424.00;23142278.00;69265704.00;23142278;46123426;35289.00;18998.00;54287.00;18998;35289;0.00;0.00;0;0
1421943886;eth0;46728128.00;23457712.00;70185840.00;23457713;46728128;35752.00;19256.00;55008.00;19256;35752;0.00;0.00;0;0
1421943886;total;46728128.00;23457712.00;70185840.00;23457713;46728128;35752.00;19256.00;55008.00;19256;35752;0.00;0.00;0;0
1421943887;eth0;46371296.00;23270248.00;69641544.00;23270247;46371296;35480.00;19104.00;54584.00;19104;35480;0.00;0.00;0;0
1421943887;total;46371296.00;23270248.00;69641544.00;23270247;46371296;35480.00;19104.00;54584.00;19104;35480;0.00;0.00;0;0
1421943888;eth0;46353368.00;23253128.00;69606496.00;23253129;46353366;35465.00;19089.00;54554.00;19089;35465;0.00;0.00;0;0
1421943888;total;46353368.00;23253128.00;69606496.00;23253129;46353366;35465.00;19089.00;54554.00;19089;35465;0.00;0.00;0;0
1421943889;eth0;46032392.00;23099644.00;69132040.00;23099643;46032394;35219.00;18963.00;54182.00;18963;35219;0.00;0.00;0;0
1421943889;total;46032392.00;23099644.00;69132040.00;23099643;46032394;35219.00;18963.00;54182.00;18963;35219;0.00;0.00;0;0
1421943890;eth0;48954080.00;24574750.00;73528832.00;24574750;48954080;37455.00;20173.00;57628.00;20173;37455;0.00;0.00;0;0
1421943890;total;48954080.00;24574750.00;73528832.00;24574750;48954080;37455.00;20173.00;57628.00;20173;37455;0.00;0.00;0;0
1421943891;eth0;47560736.00;23867136.00;71427872.00;23867137;47560736;36390.00;19594.00;55984.00;19594;36390;0.00;0.00;0;0
1421943891;total;47560736.00;23867136.00;71427872.00;23867137;47560736;36390.00;19594.00;55984.00;19594;36390;0.00;0.00;0;0
1421943892;eth0;47434784.00;23798856.00;71233640.00;23798857;47434782;36292.00;19537.00;55829.00;19537;36292;0.00;0.00;0;0
1421943892;total;47434784.00;23798856.00;71233640.00;23798857;47434782;36292.00;19537.00;55829.00;19537;36292;0.00;0.00;0;0
1421943893;eth0;48502304.00;24344584.00;72846888.00;24344585;48502306;37111.00;19985.00;57096.00;19985;37111;0.00;0.00;0;0
1421943893;total;48502304.00;24344584.00;72846888.00;24344585;48502306;37111.00;19985.00;57096.00;19985;37111;0.00;0.00;0;0
1421943894;eth0;46422208.00;23287236.00;69709448.00;23287237;46422208;35516.00;19117.00;54633.00;19117;35516;0.00;0.00;0;0
1421943894;total;46422208.00;23287236.00;69709448.00;23287237;46422208;35516.00;19117.00;54633.00;19117;35516;0.00;0.00;0;0
1421943895;eth0;46408380.00;23295764.00;69704144.00;23295764;46408380;35508.00;19124.00;54632.00;19124;35508;0.00;0.00;0;0
1421943895;total;46408380.00;23295764.00;69704144.00;23295764;46408380;35508.00;19124.00;54632.00;19124;35508;0.00;0.00;0;0
1421943896;eth0;46521188.00;23338400.00;69859584.00;23338399;46521188;35593.00;19159.00;54752.00;19159;35593;0.00;0.00;0;0
1421943896;total;46521188.00;23338400.00;69859584.00;23338399;46521188;35593.00;19159.00;54752.00;19159;35593;0.00;0.00;0;0
1421943897;eth0;46473248.00;23321344.00;69794592.00;23321345;46473248;35557.00;19145.00;54702.00;19145;35557;0.00;0.00;0;0
1421943897;total;46473248.00;23321344.00;69794592.00;23321345;46473248;35557.00;19145.00;54702.00;19145;35557;0.00;0.00;0;0
1421943898;eth0;48485896.00;24336058.00;72821952.00;24336058;48485894;37097.00;19978.00;57075.00;19978;37097;0.00;0.00;0;0
1421943898;total;48485896.00;24336058.00;72821952.00;24336058;48485894;37097.00;19978.00;57075.00;19978;37097;0.00;0.00;0;0
1421943899;eth0;46023800.00;23091116.00;69114920.00;23091116;46023802;35212.00;18956.00;54168.00;18956;35212;0.00;0.00;0;0
1421943899;total;46023800.00;23091116.00;69114920.00;23091116;46023802;35212.00;18956.00;54168.00;18956;35212;0.00;0.00;0;0
1421943900;eth0;46165000.00;23167860.00;69332856.00;23167859;46165000;35322.00;19019.00;54341.00;19019;35322;0.00;0.00;0;0
1421943900;total;46165000.00;23167860.00;69332856.00;23167859;46165000;35322.00;19019.00;54341.00;19019;35322;0.00;0.00;0;0
1421943901;eth0;46298776.00;23236076.00;69534848.00;23236075;46298774;35424.00;19075.00;54499.00;19075;35424;0.00;0.00;0;0
1421943901;total;46298776.00;23236076.00;69534848.00;23236075;46298774;35424.00;19075.00;54499.00;19075;35424;0.00;0.00;0;0
1421943902;eth0;46156472.00;23159332.00;69315808.00;23159332;46156472;35314.00;19012.00;54326.00;19012;35314;0.00;0.00;0;0
1421943902;total;46156472.00;23159332.00;69315808.00;23159332;46156472;35314.00;19012.00;54326.00;19012;35314;0.00;0.00;0;0
1421943903;eth0;45862472.00;23014372.00;68876848.00;23014373;45862474;35090.00;18893.00;53983.00;18893;35090;0.00;0.00;0;0
1421943903;total;45862472.00;23014372.00;68876848.00;23014373;45862474;35090.00;18893.00;53983.00;18893;35090;0.00;0.00;0;0
1421943904;eth0;46141872.00;23159332.00;69301200.00;23159332;46141872;35305.00;19012.00;54317.00;19012;35305;0.00;0.00;0;0
1421943904;total;46141872.00;23159332.00;69301200.00;23159332;46141872;35305.00;19012.00;54317.00;19012;35305;0.00;0.00;0;0
1421943905;eth0;46362832.00;23261656.00;69624488.00;23261656;46362832;35471.00;19096.00;54567.00;19096;35471;0.00;0.00;0;0
1421943905;total;46362832.00;23261656.00;69624488.00;23261656;46362832;35471.00;19096.00;54567.00;19096;35471;0.00;0.00;0;0
1421943906;eth0;46326392.00;23253128.00;69579520.00;23253129;46326392;35445.00;19089.00;54534.00;19089;35445;0.00;0.00;0;0
1421943906;total;46326392.00;23253128.00;69579520.00;23253129;46326392;35445.00;19089.00;54534.00;19089;35445;0.00;0.00;0;0
1421943907;eth0;46110344.00;23142278.00;69252624.00;23142278;46110344;35279.00;18998.00;54277.00;18998;35279;0.00;0.00;0;0
1421943907;total;46110344.00;23142278.00;69252624.00;23142278;46110344;35279.00;18998.00;54277.00;18998;35279;0.00;0.00;0;0
1421943908;eth0;45929504.00;23039954.00;68969456.00;23039954;45929504;35141.00;18914.00;54055.00;18914;35141;0.00;0.00;0;0
1421943908;total;45929504.00;23039954.00;68969456.00;23039954;45929504;35141.00;18914.00;54055.00;18914;35141;0.00;0.00;0;0
1421943909;eth0;46956616.00;23568628.00;70525240.00;23568628;46956614;35927.00;19348.00;55275.00;19348;35927;0.00;0.00;0;0
1421943909;total;46956616.00;23568628.00;70525240.00;23568628;46956614;35927.00;19348.00;55275.00;19348;35927;0.00;0.00;0;0
1421943910;eth0;45819960.00;22997320.00;68817280.00;22997319;45819962;35057.00;18879.00;53936.00;18879;35057;0.00;0.00;0;0
1421943910;total;45819960.00;22997320.00;68817280.00;22997319;45819962;35057.00;18879.00;53936.00;18879;35057;0.00;0.00;0;0
1421943911;eth0;45988944.00;23074062.00;69063008.00;23074062;45988944;35187.00;18942.00;54129.00;18942;35187;0.00;0.00;0;0
1421943911;total;45988944.00;23074062.00;69063008.00;23074062;45988944;35187.00;18942.00;54129.00;18942;35187;0.00;0.00;0;0
1421943912;eth0;47091032.00;23628316.00;70719352.00;23628317;47091032;36030.00;19397.00;55427.00;19397;36030;0.00;0.00;0;0
1421943912;total;47091032.00;23628316.00;70719352.00;23628317;47091032;36030.00;19397.00;55427.00;19397;36030;0.00;0.00;0;0
1421943913;eth0;47189368.00;23679480.00;70868848.00;23679479;47189368;36104.00;19439.00;55543.00;19439;36104;0.00;0.00;0;0
1421943913;total;47189368.00;23679480.00;70868848.00;23679479;47189368;36104.00;19439.00;55543.00;19439;36104;0.00;0.00;0;0
1421943914;eth0;45713160.00;22946156.00;68659320.00;22946157;45713162;34976.00;18837.00;53813.00;18837;34976;0.00;0.00;0;0
1421943914;total;45713160.00;22946156.00;68659320.00;22946157;45713162;34976.00;18837.00;53813.00;18837;34976;0.00;0.00;0;0
1421943915;eth0;45780488.00;22971738.00;68752224.00;22971738;45780486;35028.00;18858.00;53886.00;18858;35028;0.00;0.00;0;0
1421943915;total;45780488.00;22971738.00;68752224.00;22971738;45780486;35028.00;18858.00;53886.00;18858;35028;0.00;0.00;0;0
1421943916;eth0;45849096.00;23005846.00;68854944.00;23005846;45849098;35078.00;18886.00;53964.00;18886;35078;0.00;0.00;0;0
1421943916;total;45849096.00;23005846.00;68854944.00;23005846;45849098;35078.00;18886.00;53964.00;18886;35078;0.00;0.00;0;0
1421943917;eth0;45933480.00;23050000.00;68983480.00;23049999;45933478;35144.00;18922.00;54066.00;18922;35144;0.00;0.00;0;0
1421943917;total;45933480.00;23050000.00;68983480.00;23049999;45933478;35144.00;18922.00;54066.00;18922;35144;0.00;0.00;0;0
1421943918;eth0;45731672.00;22953166.00;68684840.00;22953166;45731672;34991.00;18843.00;53834.00;18843;34991;0.00;0.00;0;0
1421943918;total;45731672.00;22953166.00;68684840.00;22953166;45731672;34991.00;18843.00;53834.00;18843;34991;0.00;0.00;0;0
1421943919;eth0;45838472.00;23005782.00;68844256.00;23005782;45838472;35070.00;18885.00;53955.00;18885;35070;0.00;0.00;0;0
1421943919;total;45838472.00;23005782.00;68844256.00;23005782;45838472;35070.00;18885.00;53955.00;18885;35070;0.00;0.00;0;0
1421943920;eth0;45657632.00;22912048.00;68569680.00;22912049;45657632;34933.00;18809.00;53742.00;18809;34933;0.00;0.00;0;0
1421943920;total;45657632.00;22912048.00;68569680.00;22912049;45657632;34933.00;18809.00;53742.00;18809;34933;0.00;0.00;0;0
1421943921;eth0;45963488.00;23065536.00;69029024.00;23065535;45963488;35167.00;18935.00;54102.00;18935;35167;0.00;0.00;0;0
1421943921;total;45963488.00;23065536.00;69029024.00;23065535;45963488;35167.00;18935.00;54102.00;18935;35167;0.00;0.00;0;0
1421943922;eth0;45856044.00;23008946.00;68864992.00;23008946;45856044;35085.00;18889.00;53974.00;18889;35085;0.00;0.00;0;0
1421943922;total;45856044.00;23008946.00;68864992.00;23008946;45856044;35085.00;18889.00;53974.00;18889;35085;0.00;0.00;0;0
1421943923;eth0;45816052.00;22985756.00;68801808.00;22985756;45816052;35054.00;18870.00;53924.00;18870;35054;0.00;0.00;0;0
1421943923;total;45816052.00;22985756.00;68801808.00;22985756;45816052;35054.00;18870.00;53924.00;18870;35054;0.00;0.00;0;0
1421943924;eth0;45553224.00;22860888.00;68414112.00;22860887;45553224;34853.00;18767.00;53620.00;18767;34853;0.00;0.00;0;0
1421943924;total;45553224.00;22860888.00;68414112.00;22860887;45553224;34853.00;18767.00;53620.00;18767;34853;0.00;0.00;0;0
1421943925;eth0;45660088.00;22920512.00;68580600.00;22920512;45660088;34935.00;18815.00;53750.00;18815;34935;0.00;0.00;0;0
1421943925;total;45660088.00;22920512.00;68580600.00;22920512;45660088;34935.00;18815.00;53750.00;18815;34935;0.00;0.00;0;0
1421943926;eth0;45686124.00;22920640.00;68606768.00;22920640;45686124;34955.00;18817.00;53772.00;18817;34955;0.00;0.00;0;0
1421943926;total;45686124.00;22920640.00;68606768.00;22920640;45686124;34955.00;18817.00;53772.00;18817;34955;0.00;0.00;0;0
1421943927;eth0;46002900.00;23082588.00;69085488.00;23082589;46002900;35196.00;18950.00;54146.00;18950;35196;0.00;0.00;0;0
1421943927;total;46002900.00;23082588.00;69085488.00;23082589;46002900;35196.00;18950.00;54146.00;18950;35196;0.00;0.00;0;0
1421943928;eth0;45691680.00;22937630.00;68629312.00;22937630;45691680;34960.00;18829.00;53789.00;18829;34960;0.00;0.00;0;0
1421943928;total;45691680.00;22937630.00;68629312.00;22937630;45691680;34960.00;18829.00;53789.00;18829;34960;0.00;0.00;0;0
1421943929;eth0;45755608.00;22954684.00;68710296.00;22954684;45755610;35008.00;18844.00;53852.00;18844;35008;0.00;0.00;0;0
1421943929;total;45755608.00;22954684.00;68710296.00;22954684;45755610;35008.00;18844.00;53852.00;18844;35008;0.00;0.00;0;0
1421943930;eth0;45763560.00;22971674.00;68735232.00;22971674;45763558;35014.00;18857.00;53871.00;18857;35014;0.00;0.00;0;0
1421943930;total;45763560.00;22971674.00;68735232.00;22971674;45763558;35014.00;18857.00;53871.00;18857;35014;0.00;0.00;0;0
1421943931;eth0;45769568.00;22963276.00;68732840.00;22963275;45769566;35019.00;18852.00;53871.00;18852;35019;0.00;0.00;0;0
1421943931;total;45769568.00;22963276.00;68732840.00;22963275;45769566;35019.00;18852.00;53871.00;18852;35019;0.00;0.00;0;0
1421943932;eth0;45953504.00;23057008.00;69010512.00;23057008;45953506;35159.00;18928.00;54087.00;18928;35159;0.00;0.00;0;0
1421943932;total;45953504.00;23057008.00;69010512.00;23057008;45953506;35159.00;18928.00;54087.00;18928;35159;0.00;0.00;0;0
1421943933;eth0;45657632.00;22912048.00;68569680.00;22912049;45657632;34933.00;18809.00;53742.00;18809;34933;0.00;0.00;0;0
1421943933;total;45657632.00;22912048.00;68569680.00;22912049;45657632;34933.00;18809.00;53742.00;18809;34933;0.00;0.00;0;0
1421943934;eth0;45827552.00;23005846.00;68833400.00;23005846;45827552;35063.00;18886.00;53949.00;18886;35063;0.00;0.00;0;0
1421943934;total;45827552.00;23005846.00;68833400.00;23005846;45827552;35063.00;18886.00;53949.00;18886;35063;0.00;0.00;0;0
1421943935;eth0;45725600.00;22940666.00;68666264.00;22940666;45725600;34985.00;18832.00;53817.00;18832;34985;0.00;0.00;0;0
1421943935;total;45725600.00;22940666.00;68666264.00;22940666;45725600;34985.00;18832.00;53817.00;18832;34985;0.00;0.00;0;0
1421943936;eth0;46037528.00;23105134.00;69142664.00;23105134;46037528;35225.00;18968.00;54193.00;18968;35225;0.00;0.00;0;0
1421943936;total;46037528.00;23105134.00;69142664.00;23105134;46037528;35225.00;18968.00;54193.00;18968;35225;0.00;0.00;0;0
1421943937;eth0;46246280.00;23210494.00;69456776.00;23210494;46246280;35383.00;19054.00;54437.00;19054;35383;0.00;0.00;0;0
1421943937;total;46246280.00;23210494.00;69456776.00;23210494;46246280;35383.00;19054.00;54437.00;19054;35383;0.00;0.00;0;0
1421943938;eth0;46082432.00;23116696.00;69199128.00;23116697;46082432;35257.00;18977.00;54234.00;18977;35257;0.00;0.00;0;0
1421943938;total;46082432.00;23116696.00;69199128.00;23116697;46082432;35257.00;18977.00;54234.00;18977;35257;0.00;0.00;0;0
1421943939;eth0;46201376.00;23184912.00;69386288.00;23184913;46201376;35349.00;19033.00;54382.00;19033;35349;0.00;0.00;0;0
1421943939;total;46201376.00;23184912.00;69386288.00;23184913;46201376;35349.00;19033.00;54382.00;19033;35349;0.00;0.00;0;0
1421943940;eth0;46354304.00;23270120.00;69624424.00;23270119;46354304;35466.00;19103.00;54569.00;19103;35466;0.00;0.00;0;0
1421943940;total;46354304.00;23270120.00;69624424.00;23270119;46354304;35466.00;19103.00;54569.00;19103;35466;0.00;0.00;0;0
1421943941;eth0;46133408.00;23150804.00;69284216.00;23150805;46133408;35297.00;19004.00;54301.00;19004;35297;0.00;0.00;0;0
1421943941;total;46133408.00;23150804.00;69284216.00;23150805;46133408;35297.00;19004.00;54301.00;19004;35297;0.00;0.00;0;0
1421943942;eth0;45963488.00;23057072.00;69020560.00;23057072;45963488;35167.00;18929.00;54096.00;18929;35167;0.00;0.00;0;0
1421943942;total;45963488.00;23057072.00;69020560.00;23057072;45963488;35167.00;18929.00;54096.00;18929;35167;0.00;0.00;0;0
1421943943;eth0;45759584.00;22963212.00;68722792.00;22963211;45759584;35011.00;18851.00;53862.00;18851;35011;0.00;0.00;0;0
1421943943;total;45759584.00;22963212.00;68722792.00;22963211;45759584;35011.00;18851.00;53862.00;18851;35011;0.00;0.00;0;0
1421943944;eth0;45615120.00;22894996.00;68510112.00;22894995;45615120;34901.00;18795.00;53696.00;18795;34901;0.00;0.00;0;0
1421943944;total;45615120.00;22894996.00;68510112.00;22894995;45615120;34901.00;18795.00;53696.00;18795;34901;0.00;0.00;0;0
1421943945;eth0;45744112.00;22954684.00;68698792.00;22954684;45744110;35000.00;18844.00;53844.00;18844;35000;0.00;0.00;0;0
1421943945;total;45744112.00;22954684.00;68698792.00;22954684;45744110;35000.00;18844.00;53844.00;18844;35000;0.00;0.00;0;0
1421943946;eth0;45844544.00;23008882.00;68853424.00;23008882;45844544;35076.00;18888.00;53964.00;18888;35076;0.00;0.00;0;0
1421943946;total;45844544.00;23008882.00;68853424.00;23008882;45844544;35076.00;18888.00;53964.00;18888;35076;0.00;0.00;0;0
1421943947;eth0;47635712.00;23906608.00;71542320.00;23906608;47635714;36445.00;19625.00;56070.00;19625;36445;0.00;0.00;0;0
1421943947;total;47635712.00;23906608.00;71542320.00;23906608;47635714;36445.00;19625.00;56070.00;19625;36445;0.00;0.00;0;0
1421943948;eth0;45912512.00;23031492.00;68944000.00;23031491;45912512;35128.00;18908.00;54036.00;18908;35128;0.00;0.00;0;0
1421943948;total;45912512.00;23031492.00;68944000.00;23031491;45912512;35128.00;18908.00;54036.00;18908;35128;0.00;0.00;0;0
1421943949;eth0;45480704.00;22826780.00;68307480.00;22826779;45480702;34798.00;18739.00;53537.00;18739;34798;0.00;0.00;0;0
1421943949;total;45480704.00;22826780.00;68307480.00;22826779;45480702;34798.00;18739.00;53537.00;18739;34798;0.00;0.00;0;0
1421943950;eth0;45725600.00;22946156.00;68671760.00;22946157;45725600;34985.00;18837.00;53822.00;18837;34985;0.00;0.00;0;0
1421943950;total;45725600.00;22946156.00;68671760.00;22946157;45725600;34985.00;18837.00;53822.00;18837;34985;0.00;0.00;0;0
1421943951;eth0;47805632.00;23986452.00;71792088.00;23986451;47805634;36576.00;19691.00;56267.00;19691;36576;0.00;0.00;0;0
1421943951;total;47805632.00;23986452.00;71792088.00;23986451;47805634;36576.00;19691.00;56267.00;19691;36576;0.00;0.00;0;0
1421943952;eth0;46490240.00;23338336.00;69828576.00;23338335;46490240;35570.00;19158.00;54728.00;19158;35570;0.00;0.00;0;0
1421943952;total;46490240.00;23338336.00;69828576.00;23338335;46490240;35570.00;19158.00;54728.00;19158;35570;0.00;0.00;0;0
1421943953;eth0;45827552.00;22997320.00;68824872.00;22997319;45827552;35063.00;18879.00;53942.00;18879;35063;0.00;0.00;0;0
1421943953;total;45827552.00;22997320.00;68824872.00;22997319;45827552;35063.00;18879.00;53942.00;18879;35063;0.00;0.00;0;0
1421943954;eth0;45674624.00;22920576.00;68595200.00;22920576;45674624;34946.00;18816.00;53762.00;18816;34946;0.00;0.00;0;0
1421943954;total;45674624.00;22920576.00;68595200.00;22920576;45674624;34946.00;18816.00;53762.00;18816;34946;0.00;0.00;0;0
1421943955;eth0;47441792.00;23807384.00;71249176.00;23807384;47441792;36298.00;19544.00;55842.00;19544;36298;0.00;0.00;0;0
1421943955;total;47441792.00;23807384.00;71249176.00;23807384;47441792;36298.00;19544.00;55842.00;19544;36298;0.00;0.00;0;0
1421943956;eth0;48274400.00;24225208.00;72499608.00;24225207;48274400;36935.00;19887.00;56822.00;19887;36935;0.00;0.00;0;0
1421943956;total;48274400.00;24225208.00;72499608.00;24225207;48274400;36935.00;19887.00;56822.00;19887;36935;0.00;0.00;0;0
1421943957;eth0;48852128.00;24506662.00;73358792.00;24506662;48852128;37377.00;20119.00;57496.00;20119;37377;0.00;0.00;0;0
1421943957;total;48852128.00;24506662.00;73358792.00;24506662;48852128;37377.00;20119.00;57496.00;20119;37377;0.00;0.00;0;0
1421943958;eth0;46439264.00;23304292.00;69743552.00;23304291;46439264;35531.00;19131.00;54662.00;19131;35531;0.00;0.00;0;0
1421943958;total;46439264.00;23304292.00;69743552.00;23304291;46439264;35531.00;19131.00;54662.00;19131;35531;0.00;0.00;0;0
1421943959;eth0;45844544.00;23005846.00;68850392.00;23005846;45844544;35076.00;18886.00;53962.00;18886;35076;0.00;0.00;0;0
1421943959;total;45844544.00;23005846.00;68850392.00;23005846;45844544;35076.00;18886.00;53962.00;18886;35076;0.00;0.00;0;0
1421943960;eth0;45827552.00;22997320.00;68824872.00;22997319;45827552;35063.00;18879.00;53942.00;18879;35063;0.00;0.00;0;0
1421943960;total;45827552.00;22997320.00;68824872.00;22997319;45827552;35063.00;18879.00;53942.00;18879;35063;0.00;0.00;0;0
1421943961;eth0;45686124.00;22929104.00;68615224.00;22929103;45686124;34955.00;18823.00;53778.00;18823;34955;0.00;0.00;0;0
1421943961;total;45686124.00;22929104.00;68615224.00;22929103;45686124;34955.00;18823.00;53778.00;18823;34955;0.00;0.00;0;0
1421943962;eth0;46607664.00;23389560.00;69997224.00;23389561;46607666;35660.00;19201.00;54861.00;19201;35660;0.00;0.00;0;0
1421943962;total;46607664.00;23389560.00;69997224.00;23389561;46607666;35660.00;19201.00;54861.00;19201;35660;0.00;0.00;0;0
1421943963;eth0;45589664.00;22877940.00;68467608.00;22877941;45589664;34882.00;18781.00;53663.00;18781;34882;0.00;0.00;0;0
1421943963;total;45589664.00;22877940.00;68467608.00;22877941;45589664;34882.00;18781.00;53663.00;18781;34882;0.00;0.00;0;0
1421943964;eth0;45834560.00;22997320.00;68831880.00;22997319;45834562;35067.00;18879.00;53946.00;18879;35067;0.00;0.00;0;0
1421943964;total;45834560.00;22997320.00;68831880.00;22997319;45834562;35067.00;18879.00;53946.00;18879;35067;0.00;0.00;0;0
1421943965;eth0;45572672.00;22877004.00;68449680.00;22877004;45572672;34868.00;18779.00;53647.00;18779;34868;0.00;0.00;0;0
1421943965;total;45572672.00;22877004.00;68449680.00;22877004;45572672;34868.00;18779.00;53647.00;18779;34868;0.00;0.00;0;0
1421943966;eth0;45810560.00;22981202.00;68791760.00;22981202;45810560;35050.00;18867.00;53917.00;18867;35050;0.00;0.00;0;0
1421943966;total;45810560.00;22981202.00;68791760.00;22981202;45810560;35050.00;18867.00;53917.00;18867;35050;0.00;0.00;0;0
1421943967;eth0;46977516.00;23577156.00;70554672.00;23577155;46977516;35943.00;19356.00;55299.00;19356;35943;0.00;0.00;0;0
1421943967;total;46977516.00;23577156.00;70554672.00;23577155;46977516;35943.00;19356.00;55299.00;19356;35943;0.00;0.00;0;0
1421943968;eth0;48653716.00;24421264.00;73074976.00;24421264;48653716;37225.00;20046.00;57271.00;20046;37225;0.00;0.00;0;0
1421943968;total;48653716.00;24421264.00;73074976.00;24421264;48653716;37225.00;20046.00;57271.00;20046;37225;0.00;0.00;0;0
1421943969;eth0;46371296.00;23270248.00;69641544.00;23270247;46371296;35480.00;19104.00;54584.00;19104;35480;0.00;0.00;0;0
1421943969;total;46371296.00;23270248.00;69641544.00;23270247;46371296;35480.00;19104.00;54584.00;19104;35480;0.00;0.00;0;0
1421943970;eth0;46592192.00;23372508.00;69964696.00;23372507;46592192;35647.00;19187.00;54834.00;19187;35647;0.00;0.00;0;0
1421943970;total;46592192.00;23372508.00;69964696.00;23372507;46592192;35647.00;19187.00;54834.00;19187;35647;0.00;0.00;0;0
1421943971;eth0;46421336.00;23295764.00;69717096.00;23295764;46421334;35518.00;19124.00;54642.00;19124;35518;0.00;0.00;0;0
1421943971;total;46421336.00;23295764.00;69717096.00;23295764;46421334;35518.00;19124.00;54642.00;19124;35518;0.00;0.00;0;0
1421943972;eth0;46627112.00;23402642.00;70029760.00;23402642;46627114;35674.00;19211.00;54885.00;19211;35674;0.00;0.00;0;0
1421943972;total;46627112.00;23402642.00;70029760.00;23402642;46627114;35674.00;19211.00;54885.00;19211;35674;0.00;0.00;0;0
1421943973;eth0;47135936.00;23657872.00;70793808.00;23657871;47135936;36066.00;19422.00;55488.00;19422;36066;0.00;0.00;0;0
1421943973;total;47135936.00;23657872.00;70793808.00;23657871;47135936;36066.00;19422.00;55488.00;19422;36066;0.00;0.00;0;0
1421943974;eth0;46235360.00;23193440.00;69428800.00;23193440;46235360;35373.00;19040.00;54413.00;19040;35373;0.00;0.00;0;0
1421943974;total;46235360.00;23193440.00;69428800.00;23193440;46235360;35373.00;19040.00;54413.00;19040;35373;0.00;0.00;0;0
1421943975;eth0;46558208.00;23372444.00;69930648.00;23372443;46558208;35622.00;19186.00;54808.00;19186;35622;0.00;0.00;0;0
1421943975;total;46558208.00;23372444.00;69930648.00;23372443;46558208;35622.00;19186.00;54808.00;19186;35622;0.00;0.00;0;0
1421943976;eth0;46626176.00;23398088.00;70024264.00;23398088;46626176;35674.00;19208.00;54882.00;19208;35674;0.00;0.00;0;0
1421943976;total;46626176.00;23398088.00;70024264.00;23398088;46626176;35674.00;19208.00;54882.00;19208;35674;0.00;0.00;0;0
1421943977;eth0;46048448.00;23099708.00;69148152.00;23099707;46048448;35232.00;18964.00;54196.00;18964;35232;0.00;0.00;0;0
1421943977;total;46048448.00;23099708.00;69148152.00;23099707;46048448;35232.00;18964.00;54196.00;18964;35232;0.00;0.00;0;0
1421943978;eth0;46541216.00;23355452.00;69896672.00;23355453;46541216;35609.00;19173.00;54782.00;19173;35609;0.00;0.00;0;0
1421943978;total;46541216.00;23355452.00;69896672.00;23355453;46541216;35609.00;19173.00;54782.00;19173;35609;0.00;0.00;0;0
1421943979;eth0;46661680.00;23423668.00;70085344.00;23423669;46661678;35703.00;19229.00;54932.00;19229;35703;0.00;0.00;0;0
1421943979;total;46661680.00;23423668.00;70085344.00;23423669;46661678;35703.00;19229.00;54932.00;19229;35703;0.00;0.00;0;0
1421943980;eth0;46624656.00;23389560.00;70014216.00;23389561;46624658;35671.00;19201.00;54872.00;19201;35671;0.00;0.00;0;0
1421943980;total;46624656.00;23389560.00;70014216.00;23389561;46624658;35671.00;19201.00;54872.00;19201;35671;0.00;0.00;0;0
1421943981;eth0;48452784.00;24319004.00;72771792.00;24319004;48452784;37072.00;19964.00;57036.00;19964;37072;0.00;0.00;0;0
1421943981;total;48452784.00;24319004.00;72771792.00;24319004;48452784;37072.00;19964.00;57036.00;19964;37072;0.00;0.00;0;0
1421943982;eth0;46311856.00;23239112.00;69550968.00;23239111;46311856;35433.00;19077.00;54510.00;19077;35433;0.00;0.00;0;0
1421943982;total;46311856.00;23239112.00;69550968.00;23239111;46311856;35433.00;19077.00;54510.00;19077;35433;0.00;0.00;0;0
1421943983;eth0;46218368.00;23190404.00;69408768.00;23190404;46218368;35362.00;19038.00;54400.00;19038;35362;0.00;0.00;0;0
1421943983;total;46218368.00;23190404.00;69408768.00;23190404;46218368;35362.00;19038.00;54400.00;19038;35362;0.00;0.00;0;0
1421943984;eth0;48671288.00;24429856.00;73101144.00;24429855;48671288;37240.00;20055.00;57295.00;20055;37240;0.00;0.00;0;0
1421943984;total;48671288.00;24429856.00;73101144.00;24429855;48671288;37240.00;20055.00;57295.00;20055;37240;0.00;0.00;0;0
1421943985;eth0;47260308.00;23713588.00;70973896.00;23713587;47260308;36158.00;19467.00;55625.00;19467;36158;0.00;0.00;0;0
1421943985;total;47260308.00;23713588.00;70973896.00;23713587;47260308;36158.00;19467.00;55625.00;19467;36158;0.00;0.00;0;0
