1423154054;eth0;1024.00;1024.00;2048.00;1024;1024;16.00;16.00;32.00;16;16;0.00;0.00;0;0
1423154054;total;1024.00;1024.00;2048.00;1024;1024;16.00;16.00;32.00;16;16;0.00;0.00;0;0
1423154055;eth0;29346602.00;29129620.00;58476224.00;29129620;29346602;27330.00;23920.00;51250.00;23920;27330;0.00;0.00;0;0
1423154055;total;29346602.00;29129620.00;58476224.00;29129620;29346602;27330.00;23920.00;51250.00;23920;27330;0.00;0.00;0;0
1423154056;eth0;51778084.00;51380176.00;103158256.00;51380175;51778085;48218.00;42189.00;90407.00;42189;48218;0.00;0.00;0;0
1423154056;total;51778084.00;51380176.00;103158256.00;51380175;51778085;48218.00;42189.00;90407.00;42189;48218;0.00;0.00;0;0
1423154057;eth0;51937340.00;51542152.00;103479488.00;51542150;51937341;48367.00;42322.00;90689.00;42322;48367;0.00;0.00;0;0
1423154057;total;51937340.00;51542152.00;103479488.00;51542150;51937341;48367.00;42322.00;90689.00;42322;48367;0.00;0.00;0;0
1423154058;eth0;51498556.00;51098848.00;102597408.00;51098850;51498555;47957.00;41958.00;89915.00;41958;47957;0.00;0.00;0;0
1423154058;total;51498556.00;51098848.00;102597408.00;51098850;51498555;47957.00;41958.00;89915.00;41958;47957;0.00;0.00;0;0
1423154059;eth0;51924132.00;51526616.00;103450752.00;51526618;51924132;48354.00;42310.00;90664.00;42310;48354;0.00;0.00;0;0
1423154059;total;51924132.00;51526616.00;103450752.00;51526618;51924132;48354.00;42310.00;90664.00;42310;48354;0.00;0.00;0;0
1423154060;eth0;51856984.00;51463908.00;103320896.00;51463907;51856986;48293.00;42257.00;90550.00;42257;48293;0.00;0.00;0;0
1423154060;total;51856984.00;51463908.00;103320896.00;51463907;51856986;48293.00;42257.00;90550.00;42257;48293;0.00;0.00;0;0
1423154061;eth0;51527428.00;51132952.00;102660376.00;51132950;51527428;47985.00;41986.00;89971.00;41986;47985;0.00;0.00;0;0
1423154061;total;51527428.00;51132952.00;102660376.00;51132950;51527428;47985.00;41986.00;89971.00;41986;47985;0.00;0.00;0;0
1423154062;eth0;51889768.00;51487028.00;103376800.00;51487029;51889768;48321.00;42276.00;90597.00;42276;48321;0.00;0.00;0;0
1423154062;total;51889768.00;51487028.00;103376800.00;51487029;51889768;48321.00;42276.00;90597.00;42276;48321;0.00;0.00;0;0
1423154063;eth0;51649156.00;51247744.00;102896904.00;51247746;51649156;48097.00;42081.00;90178.00;42081;48097;0.00;0.00;0;0
1423154063;total;51649156.00;51247744.00;102896904.00;51247746;51649156;48097.00;42081.00;90178.00;42081;48097;0.00;0.00;0;0
1423154064;eth0;51732676.00;51337552.00;103070224.00;51337550;51732675;48178.00;42154.00;90332.00;42154;48178;0.00;0.00;0;0
1423154064;total;51732676.00;51337552.00;103070224.00;51337550;51732675;48178.00;42154.00;90332.00;42154;48178;0.00;0.00;0;0
1423154065;eth0;51445492.00;51047700.00;102493192.00;51047700;51445491;47906.00;41916.00;89822.00;41916;47906;0.00;0.00;0;0
1423154065;total;51445492.00;51047700.00;102493192.00;51047700;51445491;47906.00;41916.00;89822.00;41916;47906;0.00;0.00;0;0
1423154066;eth0;52703308.00;52300796.00;105004104.00;52300796;52703309;49072.00;42938.00;92010.00;42938;49072;0.00;0.00;0;0
1423154066;total;52703308.00;52300796.00;105004104.00;52300796;52703309;49072.00;42938.00;92010.00;42938;49072;0.00;0.00;0;0
1423154067;eth0;53829136.00;53416164.00;107245304.00;53416164;53829137;50116.00;43850.00;93966.00;43850;50116;0.00;0.00;0;0
1423154067;total;53829136.00;53416164.00;107245304.00;53416164;53829137;50116.00;43850.00;93966.00;43850;50116;0.00;0.00;0;0
1423154068;eth0;51541008.00;51147984.00;102688992.00;51147982;51541006;47988.00;41989.00;89977.00;41989;47988;0.00;0.00;0;0
1423154068;total;51541008.00;51147984.00;102688992.00;51147982;51541006;47988.00;41989.00;89977.00;41989;47988;0.00;0.00;0;0
1423154069;eth0;51326052.00;50934224.00;102260280.00;50934226;51326053;47784.00;41813.00;89597.00;41813;47784;0.00;0.00;0;0
1423154069;total;51326052.00;50934224.00;102260280.00;50934226;51326053;47784.00;41813.00;89597.00;41813;47784;0.00;0.00;0;0
1423154070;eth0;51455076.00;51051148.00;102506224.00;51051149;51455076;47909.00;41909.00;89818.00;41909;47909;0.00;0.00;0;0
1423154070;total;51455076.00;51051148.00;102506224.00;51051149;51455076;47909.00;41909.00;89818.00;41909;47909;0.00;0.00;0;0
1423154071;eth0;51764296.00;51366648.00;103130944.00;51366648;51764296;48191.00;42168.00;90359.00;42168;48191;0.00;0.00;0;0
1423154071;total;51764296.00;51366648.00;103130944.00;51366648;51764296;48191.00;42168.00;90359.00;42168;48191;0.00;0.00;0;0
1423154072;eth0;52718184.00;52313144.00;105031328.00;52313145;52718183;49082.00;42945.00;92027.00;42945;49082;0.00;0.00;0;0
1423154072;total;52718184.00;52313144.00;105031328.00;52313145;52718183;49082.00;42945.00;92027.00;42945;49082;0.00;0.00;0;0
1423154073;eth0;51970656.00;51578888.00;103549544.00;51578886;51970656;48389.00;42341.00;90730.00;42341;48389;0.00;0.00;0;0
1423154073;total;51970656.00;51578888.00;103549544.00;51578886;51970656;48389.00;42341.00;90730.00;42341;48389;0.00;0.00;0;0
1423154074;eth0;51790076.00;51384640.00;103174712.00;51384639;51790075;48215.00;42184.00;90399.00;42184;48215;0.00;0.00;0;0
1423154074;total;51790076.00;51384640.00;103174712.00;51384639;51790075;48215.00;42184.00;90399.00;42184;48215;0.00;0.00;0;0
1423154075;eth0;51996372.00;51596876.00;103593248.00;51596877;51996371;48410.00;42357.00;90767.00;42357;48410;0.00;0.00;0;0
1423154075;total;51996372.00;51596876.00;103593248.00;51596877;51996371;48410.00;42357.00;90767.00;42357;48410;0.00;0.00;0;0
1423154076;eth0;51360552.00;50965880.00;102326432.00;50965879;51360553;47820.00;41839.00;89659.00;41839;47820;0.00;0.00;0;0
1423154076;total;51360552.00;50965880.00;102326432.00;50965879;51360553;47820.00;41839.00;89659.00;41839;47820;0.00;0.00;0;0
1423154077;eth0;51523692.00;51129408.00;102653104.00;51129410;51523692;47968.00;41973.00;89941.00;41973;47968;0.00;0.00;0;0
1423154077;total;51523692.00;51129408.00;102653104.00;51129410;51523692;47968.00;41973.00;89941.00;41973;47968;0.00;0.00;0;0
1423154078;eth0;51996372.00;51595360.00;103591728.00;51595359;51996371;48410.00;42356.00;90766.00;42356;48410;0.00;0.00;0;0
1423154078;total;51996372.00;51595360.00;103591728.00;51595359;51996371;48410.00;42356.00;90766.00;42356;48410;0.00;0.00;0;0
1423154079;eth0;51499560.00;51109900.00;102609456.00;51109901;51499559;47949.00;41956.00;89905.00;41956;47949;0.00;0.00;0;0
1423154079;total;51499560.00;51109900.00;102609456.00;51109901;51499559;47949.00;41956.00;89905.00;41956;47949;0.00;0.00;0;0
1423154080;eth0;51651068.00;51248208.00;102899280.00;51248207;51651069;48087.00;42072.00;90159.00;42072;48087;0.00;0.00;0;0
1423154080;total;51651068.00;51248208.00;102899280.00;51248207;51651069;48087.00;42072.00;90159.00;42072;48087;0.00;0.00;0;0
1423154081;eth0;52051028.00;51656568.00;103707592.00;51656566;52051029;48463.00;42406.00;90869.00;42406;48463;0.00;0.00;0;0
1423154081;total;52051028.00;51656568.00;103707592.00;51656566;52051029;48463.00;42406.00;90869.00;42406;48463;0.00;0.00;0;0
1423154082;eth0;51744072.00;51341068.00;103085144.00;51341067;51744074;48173.00;42147.00;90320.00;42147;48173;0.00;0.00;0;0
1423154082;total;51744072.00;51341068.00;103085144.00;51341067;51744074;48173.00;42147.00;90320.00;42147;48173;0.00;0.00;0;0
1423154083;eth0;51824512.00;51426336.00;103250848.00;51426337;51824511;48250.00;42217.00;90467.00;42217;48250;0.00;0.00;0;0
1423154083;total;51824512.00;51426336.00;103250848.00;51426337;51824511;48250.00;42217.00;90467.00;42217;48250;0.00;0.00;0;0
1423154084;eth0;52288532.00;51895320.00;104183856.00;51895322;52288533;48682.00;42602.00;91284.00;42602;48682;0.00;0.00;0;0
1423154084;total;52288532.00;51895320.00;104183856.00;51895322;52288533;48682.00;42602.00;91284.00;42602;48682;0.00;0.00;0;0
1423154085;eth0;51640084.00;51238744.00;102878824.00;51238743;51640083;48079.00;42063.00;90142.00;42063;48079;0.00;0.00;0;0
1423154085;total;51640084.00;51238744.00;102878824.00;51238743;51640083;48079.00;42063.00;90142.00;42063;48079;0.00;0.00;0;0
1423154086;eth0;51716840.00;51321560.00;103038400.00;51321558;51716841;48151.00;42130.00;90281.00;42130;48151;0.00;0.00;0;0
1423154086;total;51716840.00;51321560.00;103038400.00;51321558;51716841;48151.00;42130.00;90281.00;42130;48151;0.00;0.00;0;0
1423154087;eth0;51877588.00;51479952.00;103357544.00;51479954;51877587;48300.00;42262.00;90562.00;42262;48300;0.00;0.00;0;0
1423154087;total;51877588.00;51479952.00;103357544.00;51479954;51877587;48300.00;42262.00;90562.00;42262;48300;0.00;0.00;0;0
1423154088;eth0;51616696.00;51213160.00;102829856.00;51213162;51616697;48054.00;42042.00;90096.00;42042;48054;0.00;0.00;0;0
1423154088;total;51616696.00;51213160.00;102829856.00;51213162;51616697;48054.00;42042.00;90096.00;42042;48054;0.00;0.00;0;0
1423154089;eth0;51485408.00;51093784.00;102579192.00;51093784;51485409;47935.00;41944.00;89879.00;41944;47935;0.00;0.00;0;0
1423154089;total;51485408.00;51093784.00;102579192.00;51093784;51485409;47935.00;41944.00;89879.00;41944;47935;0.00;0.00;0;0
1423154090;eth0;51252820.00;50855028.00;102107848.00;50855028;51252819;47718.00;41748.00;89466.00;41748;47718;0.00;0.00;0;0
1423154090;total;51252820.00;50855028.00;102107848.00;50855028;51252819;47718.00;41748.00;89466.00;41748;47718;0.00;0.00;0;0
1423154091;eth0;51205816.00;50819984.00;102025800.00;50819983;51205815;47675.00;41718.00;89393.00;41718;47675;0.00;0.00;0;0
1423154091;total;51205816.00;50819984.00;102025800.00;50819983;51205815;47675.00;41718.00;89393.00;41718;47675;0.00;0.00;0;0
1423154092;eth0;51346340.00;50949760.00;102296104.00;50949762;51346339;47805.00;41827.00;89632.00;41827;47805;0.00;0.00;0;0
1423154092;total;51346340.00;50949760.00;102296104.00;50949762;51346339;47805.00;41827.00;89632.00;41827;47805;0.00;0.00;0;0
1423154093;eth0;51509608.00;51110840.00;102620448.00;51110838;51509606;47955.00;41958.00;89913.00;41958;47955;0.00;0.00;0;0
1423154093;total;51509608.00;51110840.00;102620448.00;51110838;51509606;47955.00;41958.00;89913.00;41958;47955;0.00;0.00;0;0
1423154094;eth0;51466128.00;51072756.00;102538880.00;51072757;51466126;47917.00;41926.00;89843.00;41926;47917;0.00;0.00;0;0
1423154094;total;51466128.00;51072756.00;102538880.00;51072757;51466126;47917.00;41926.00;89843.00;41926;47917;0.00;0.00;0;0
1423154095;eth0;51558064.00;51158964.00;102717024.00;51158964;51558064;48001.00;41998.00;89999.00;41998;48001;0.00;0.00;0;0
1423154095;total;51558064.00;51158964.00;102717024.00;51158964;51558064;48001.00;41998.00;89999.00;41998;48001;0.00;0.00;0;0
1423154096;eth0;51650192.00;51254280.00;102904472.00;51254279;51650194;48088.00;42076.00;90164.00;42076;48088;0.00;0.00;0;0
1423154096;total;51650192.00;51254280.00;102904472.00;51254279;51650194;48088.00;42076.00;90164.00;42076;48088;0.00;0.00;0;0
1423154097;eth0;51388724.00;50992976.00;102381704.00;50992978;51388725;47844.00;41861.00;89705.00;41861;47844;0.00;0.00;0;0
1423154097;total;51388724.00;50992976.00;102381704.00;50992978;51388725;47844.00;41861.00;89705.00;41861;47844;0.00;0.00;0;0
1423154098;eth0;51145664.00;50751184.00;101896848.00;50751186;51145664;47618.00;41663.00;89281.00;41663;47618;0.00;0.00;0;0
1423154098;total;51145664.00;50751184.00;101896848.00;50751186;51145664;47618.00;41663.00;89281.00;41663;47618;0.00;0.00;0;0
1423154099;eth0;51764360.00;51374240.00;103138600.00;51374238;51764360;48194.00;42173.00;90367.00;42173;48194;0.00;0.00;0;0
1423154099;total;51764360.00;51374240.00;103138600.00;51374238;51764360;48194.00;42173.00;90367.00;42173;48194;0.00;0.00;0;0
1423154100;eth0;51480792.00;51082220.00;102563008.00;51082221;51480791;47930.00;41935.00;89865.00;41935;47930;0.00;0.00;0;0
1423154100;total;51480792.00;51082220.00;102563008.00;51082221;51480791;47930.00;41935.00;89865.00;41935;47930;0.00;0.00;0;0
1423154101;eth0;51890800.00;51498528.00;103389328.00;51498526;51890798;48315.00;42277.00;90592.00;42277;48315;0.00;0.00;0;0
1423154101;total;51890800.00;51498528.00;103389328.00;51498526;51890798;48315.00;42277.00;90592.00;42277;48315;0.00;0.00;0;0
1423154102;eth0;51954924.00;51545716.00;103500640.00;51545715;51954924;48369.00;42315.00;90684.00;42315;48369;0.00;0.00;0;0
1423154102;total;51954924.00;51545716.00;103500640.00;51545715;51954924;48369.00;42315.00;90684.00;42315;48369;0.00;0.00;0;0
1423154103;eth0;51799672.00;51400756.00;103200424.00;51400756;51799671;48226.00;42196.00;90422.00;42196;48226;0.00;0.00;0;0
1423154103;total;51799672.00;51400756.00;103200424.00;51400756;51799671;48226.00;42196.00;90422.00;42196;48226;0.00;0.00;0;0
1423154104;eth0;51583972.00;51193652.00;102777624.00;51193653;51583971;48028.00;42025.00;90053.00;42025;48028;0.00;0.00;0;0
1423154104;total;51583972.00;51193652.00;102777624.00;51193653;51583971;48028.00;42025.00;90053.00;42025;48028;0.00;0.00;0;0
1423154105;eth0;51618216.00;51215616.00;102833832.00;51215617;51618215;48056.00;42045.00;90101.00;42045;48056;0.00;0.00;0;0
1423154105;total;51618216.00;51215616.00;102833832.00;51215617;51618215;48056.00;42045.00;90101.00;42045;48056;0.00;0.00;0;0
1423154106;eth0;51480856.00;51088292.00;102569152.00;51088293;51480855;47931.00;41940.00;89871.00;41940;47931;0.00;0.00;0;0
1423154106;total;51480856.00;51088292.00;102569152.00;51088293;51480855;47931.00;41940.00;89871.00;41940;47931;0.00;0.00;0;0
1423154107;eth0;52271284.00;51866704.00;104137984.00;51866705;52271283;48665.00;42578.00;91243.00;42578;48665;0.00;0.00;0;0
1423154107;total;52271284.00;51866704.00;104137984.00;51866705;52271283;48665.00;42578.00;91243.00;42578;48665;0.00;0.00;0;0
1423154108;eth0;51721460.00;51337096.00;103058552.00;51337094;51721459;48155.00;42143.00;90298.00;42143;48155;0.00;0.00;0;0
1423154108;total;51721460.00;51337096.00;103058552.00;51337094;51721459;48155.00;42143.00;90298.00;42143;48155;0.00;0.00;0;0
1423154109;eth0;51592436.00;51186064.00;102778496.00;51186063;51592436;48033.00;42020.00;90053.00;42020;48033;0.00;0.00;0;0
1423154109;total;51592436.00;51186064.00;102778496.00;51186063;51592436;48033.00;42020.00;90053.00;42020;48033;0.00;0.00;0;0
1423154110;eth0;51690124.00;51303924.00;102994048.00;51303923;51690123;48126.00;42117.00;90243.00;42117;48126;0.00;0.00;0;0
1423154110;total;51690124.00;51303924.00;102994048.00;51303923;51690123;48126.00;42117.00;90243.00;42117;48126;0.00;0.00;0;0
1423154111;eth0;51872032.00;51460444.00;103332472.00;51460445;51872030;48293.00;42245.00;90538.00;42245;48293;0.00;0.00;0;0
1423154111;total;51872032.00;51460444.00;103332472.00;51460445;51872030;48293.00;42245.00;90538.00;42245;48293;0.00;0.00;0;0
1423154112;eth0;51840180.00;51443392.00;103283568.00;51443391;51840179;48267.00;42231.00;90498.00;42231;48267;0.00;0.00;0;0
1423154112;total;51840180.00;51443392.00;103283568.00;51443391;51840179;48267.00;42231.00;90498.00;42231;48267;0.00;0.00;0;0
1423154113;eth0;51901848.00;51511608.00;103413456.00;51511607;51901848;48321.00;42287.00;90608.00;42287;48321;0.00;0.00;0;0
1423154113;total;51901848.00;51511608.00;103413456.00;51511607;51901848;48321.00;42287.00;90608.00;42287;48321;0.00;0.00;0;0
1423154114;eth0;51990300.00;51588288.00;103578584.00;51588286;51990299;48404.00;42350.00;90754.00;42350;48404;0.00;0.00;0;0
1423154114;total;51990300.00;51588288.00;103578584.00;51588286;51990299;48404.00;42350.00;90754.00;42350;48404;0.00;0.00;0;0
1423154115;eth0;51618216.00;51213224.00;102831440.00;51213226;51618215;48057.00;42042.00;90099.00;42042;48057;0.00;0.00;0;0
1423154115;total;51618216.00;51213224.00;102831440.00;51213226;51618215;48057.00;42042.00;90099.00;42042;48057;0.00;0.00;0;0
1423154116;eth0;52004964.00;51606920.00;103611888.00;51606922;52004964;48418.00;42365.00;90783.00;42365;48418;0.00;0.00;0;0
1423154116;total;52004964.00;51606920.00;103611888.00;51606922;52004964;48418.00;42365.00;90783.00;42365;48418;0.00;0.00;0;0
1423154117;eth0;51824576.00;51432408.00;103256984.00;51432409;51824575;48252.00;42221.00;90473.00;42221;48252;0.00;0.00;0;0
1423154117;total;51824576.00;51432408.00;103256984.00;51432409;51824575;48252.00;42221.00;90473.00;42221;48252;0.00;0.00;0;0
1423154118;eth0;51729924.00;51324952.00;103054872.00;51324950;51729924;48160.00;42135.00;90295.00;42135;48160;0.00;0.00;0;0
1423154118;total;51729924.00;51324952.00;103054872.00;51324950;51729924;48160.00;42135.00;90295.00;42135;48160;0.00;0.00;0;0
1423154119;eth0;51710344.00;51315488.00;103025832.00;51315486;51710345;48145.00;42126.00;90271.00;42126;48145;0.00;0.00;0;0
1423154119;total;51710344.00;51315488.00;103025832.00;51315486;51710345;48145.00;42126.00;90271.00;42126;48145;0.00;0.00;0;0
1423154120;eth0;51543400.00;51144944.00;102688344.00;51144946;51543399;47987.00;41986.00;89973.00;41986;47987;0.00;0.00;0;0
1423154120;total;51543400.00;51144944.00;102688344.00;51144946;51543399;47987.00;41986.00;89973.00;41986;47987;0.00;0.00;0;0
1423154121;eth0;51833168.00;51436384.00;103269552.00;51436382;51833168;48261.00;42225.00;90486.00;42225;48261;0.00;0.00;0;0
1423154121;total;51833168.00;51436384.00;103269552.00;51436382;51833168;48261.00;42225.00;90486.00;42225;48261;0.00;0.00;0;0
1423154122;eth0;51575248.00;51180572.00;102755824.00;51180572;51575250;48015.00;42015.00;90030.00;42015;48015;0.00;0.00;0;0
1423154122;total;51575248.00;51180572.00;102755824.00;51180572;51575250;48015.00;42015.00;90030.00;42015;48015;0.00;0.00;0;0
1423154123;eth0;51566720.00;51167492.00;102734208.00;51167491;51566721;48010.00;42005.00;90015.00;42005;48010;0.00;0.00;0;0
1423154123;total;51566720.00;51167492.00;102734208.00;51167491;51566721;48010.00;42005.00;90015.00;42005;48010;0.00;0.00;0;0
1423154124;eth0;53225168.00;52816240.00;106041408.00;52816238;53225170;49554.00;43358.00;92912.00;43358;49554;0.00;0.00;0;0
1423154124;total;53225168.00;52816240.00;106041408.00;52816238;53225170;49554.00;43358.00;92912.00;43358;49554;0.00;0.00;0;0
1423154125;eth0;53173612.00;52765076.00;105938688.00;52765076;53173612;49506.00;43316.00;92822.00;43316;49506;0.00;0.00;0;0
1423154125;total;53173612.00;52765076.00;105938688.00;52765076;53173612;49506.00;43316.00;92822.00;43316;49506;0.00;0.00;0;0
1423154126;eth0;52494828.00;52099032.00;104593864.00;52099033;52494829;48877.00;42770.00;91647.00;42770;48877;0.00;0.00;0;0
1423154126;total;52494828.00;52099032.00;104593864.00;52099033;52494829;48877.00;42770.00;91647.00;42770;48877;0.00;0.00;0;0
1423154127;eth0;51815856.00;51414776.00;103230624.00;51414774;51815854;48239.00;42207.00;90446.00;42207;48239;0.00;0.00;0;0
1423154127;total;51815856.00;51414776.00;103230624.00;51414774;51815854;48239.00;42207.00;90446.00;42207;48239;0.00;0.00;0;0
1423154128;eth0;53096276.00;52685296.00;105781568.00;52685297;53096275;49434.00;43251.00;92685.00;43251;49434;0.00;0.00;0;0
1423154128;total;53096276.00;52685296.00;105781568.00;52685297;53096275;49434.00;43251.00;92685.00;43251;49434;0.00;0.00;0;0
1423154129;eth0;53750924.00;53343392.00;107094320.00;53343394;53750925;50046.00;43790.00;93836.00;43790;50046;0.00;0.00;0;0
1423154129;total;53750924.00;53343392.00;107094320.00;53343394;53750925;50046.00;43790.00;93836.00;43790;50046;0.00;0.00;0;0
1423154130;eth0;51547952.00;51151016.00;102698968.00;51151018;51547953;47990.00;41990.00;89980.00;41990;47990;0.00;0.00;0;0
1423154130;total;51547952.00;51151016.00;102698968.00;51151018;51547953;47990.00;41990.00;89980.00;41990;47990;0.00;0.00;0;0
1423154131;eth0;51283152.00;50891592.00;102174744.00;50891591;51283152;47746.00;41779.00;89525.00;41779;47746;0.00;0.00;0;0
1423154131;total;51283152.00;50891592.00;102174744.00;50891591;51283152;47746.00;41779.00;89525.00;41779;47746;0.00;0.00;0;0
1423154132;eth0;51085576.00;50684488.00;101770064.00;50684488;51085577;47563.00;41608.00;89171.00;41608;47563;0.00;0.00;0;0
1423154132;total;51085576.00;50684488.00;101770064.00;50684488;51085577;47563.00;41608.00;89171.00;41608;47563;0.00;0.00;0;0
1423154133;eth0;51497976.00;51106924.00;102604896.00;51158027;51549471;47945.06;41954.05;89899.10;41996;47993;0.00;0.00;0;0
1423154133;total;51497976.00;51106924.00;102604896.00;51158027;51549471;47945.06;41954.05;89899.10;41996;47993;0.00;0.00;0;0
1423154134;eth0;51558128.00;51157448.00;102715576.00;51157446;51558128;48002.00;41997.00;89999.00;41997;48002;0.00;0.00;0;0
1423154134;total;51558128.00;51157448.00;102715576.00;51157446;51558128;48002.00;41997.00;89999.00;41997;48002;0.00;0.00;0;0
1423154136;eth0;51738644.00;51345620.00;103084264.00;51345621;51738645;48173.00;42150.00;90323.00;42150;48173;0.00;0.00;0;0
1423154136;total;51738644.00;51345620.00;103084264.00;51345621;51738645;48173.00;42150.00;90323.00;42150;48173;0.00;0.00;0;0
1423154137;eth0;51540944.00;51144944.00;102685888.00;51144946;51540942;47984.00;41987.00;89971.00;41987;47984;0.00;0.00;0;0
1423154137;total;51540944.00;51144944.00;102685888.00;51144946;51540942;47984.00;41987.00;89971.00;41987;47984;0.00;0.00;0;0
1423154138;eth0;51523692.00;51123336.00;102647032.00;51123338;51523692;47969.00;41968.00;89937.00;41968;47969;0.00;0.00;0;0
1423154138;total;51523692.00;51123336.00;102647032.00;51123338;51523692;47969.00;41968.00;89937.00;41968;47969;0.00;0.00;0;0
1423154139;eth0;51609752.00;51217716.00;102827464.00;51217716;51609750;48052.00;42045.00;90097.00;42045;48052;0.00;0.00;0;0
1423154139;total;51609752.00;51217716.00;102827464.00;51217716;51609750;48052.00;42045.00;90097.00;42045;48052;0.00;0.00;0;0
1423154140;eth0;51558064.00;51165036.00;102723104.00;51165036;51558064;48000.00;42002.00;90002.00;42002;48000;0.00;0.00;0;0
1423154140;total;51558064.00;51165036.00;102723104.00;51165036;51558064;48000.00;42002.00;90002.00;42002;48000;0.00;0.00;0;0
1423154141;eth0;51515228.00;51117848.00;102633072.00;51117847;51515227;47963.00;41964.00;89927.00;41964;47963;0.00;0.00;0;0
1423154141;total;51515228.00;51117848.00;102633072.00;51117847;51515227;47963.00;41964.00;89927.00;41964;47963;0.00;0.00;0;0
1423154142;eth0;51459568.00;51062132.00;102521696.00;51062131;51459566;47910.00;41919.00;89829.00;41919;47910;0.00;0.00;0;0
1423154142;total;51459568.00;51062132.00;102521696.00;51062131;51459566;47910.00;41919.00;89829.00;41919;47910;0.00;0.00;0;0
1423154143;eth0;51063708.00;50675960.00;101739672.00;50675961;51063709;47541.00;41601.00;89142.00;41601;47541;0.00;0.00;0;0
1423154143;total;51063708.00;50675960.00;101739672.00;50675961;51063709;47541.00;41601.00;89142.00;41601;47541;0.00;0.00;0;0
1423154144;eth0;50908160.00;50513948.00;101422112.00;50513948;50908160;47398.00;41468.00;88866.00;41468;47398;0.00;0.00;0;0
1423154144;total;50908160.00;50513948.00;101422112.00;50513948;50908160;47398.00;41468.00;88866.00;41468;47398;0.00;0.00;0;0
1423154145;eth0;51013668.00;50616272.00;101629944.00;50616272;51013669;47494.00;41553.00;89047.00;41553;47494;0.00;0.00;0;0
1423154145;total;51013668.00;50616272.00;101629944.00;50616272;51013669;47494.00;41553.00;89047.00;41553;47494;0.00;0.00;0;0
1423154146;eth0;50939496.00;50556584.00;101496080.00;50556583;50939496;47429.00;41502.00;88931.00;41502;47429;0.00;0.00;0;0
1423154146;total;50939496.00;50556584.00;101496080.00;50556583;50939496;47429.00;41502.00;88931.00;41502;47429;0.00;0.00;0;0
1423154147;eth0;51497912.00;51095304.00;102593216.00;51095302;51497913;47943.00;41945.00;89888.00;41945;47943;0.00;0.00;0;0
1423154147;total;51497912.00;51095304.00;102593216.00;51095302;51497913;47943.00;41945.00;89888.00;41945;47943;0.00;0.00;0;0
1423154148;eth0;51661244.00;51265840.00;102927088.00;51265842;51661244;48098.00;42086.00;90184.00;42086;48098;0.00;0.00;0;0
1423154148;total;51661244.00;51265840.00;102927088.00;51265842;51661244;48098.00;42086.00;90184.00;42086;48098;0.00;0.00;0;0
1423154149;eth0;51549600.00;51156508.00;102706112.00;51156509;51549599;47995.00;41994.00;89989.00;41994;47995;0.00;0.00;0;0
1423154149;total;51549600.00;51156508.00;102706112.00;51156509;51549599;47995.00;41994.00;89989.00;41994;47995;0.00;0.00;0;0
1423154150;eth0;51688540.00;51283832.00;102972376.00;51283833;51688541;48125.00;42101.00;90226.00;42101;48125;0.00;0.00;0;0
1423154150;total;51688540.00;51283832.00;102972376.00;51283833;51688541;48125.00;42101.00;90226.00;42101;48125;0.00;0.00;0;0
1423154151;eth0;51272040.00;50876636.00;102148672.00;50876636;51272038;47734.00;41765.00;89499.00;41765;47734;0.00;0.00;0;0
1423154151;total;51272040.00;50876636.00;102148672.00;50876636;51272038;47734.00;41765.00;89499.00;41765;47734;0.00;0.00;0;0
1423154152;eth0;51206816.00;50817884.00;102024704.00;50817884;51206818;47676.00;41718.00;89394.00;41718;47676;0.00;0.00;0;0
1423154152;total;51206816.00;50817884.00;102024704.00;50817884;51206818;47676.00;41718.00;89394.00;41718;47676;0.00;0.00;0;0
1423154153;eth0;51540880.00;51137936.00;102678816.00;51137937;51540878;47984.00;41980.00;89964.00;41980;47984;0.00;0.00;0;0
1423154153;total;51540880.00;51137936.00;102678816.00;51137937;51540878;47984.00;41980.00;89964.00;41980;47984;0.00;0.00;0;0
1423154154;eth0;51626872.00;51235708.00;102862576.00;51235707;51626872;48066.00;42061.00;90127.00;42061;48066;0.00;0.00;0;0
1423154154;total;51626872.00;51235708.00;102862576.00;51235707;51626872;48066.00;42061.00;90127.00;42061;48066;0.00;0.00;0;0
1423154155;eth0;52724320.00;52330200.00;105054520.00;52330199;52724319;49090.00;42959.00;92049.00;42959;49090;0.00;0.00;0;0
1423154155;total;52724320.00;52330200.00;105054520.00;52330199;52724319;49090.00;42959.00;92049.00;42959;49090;0.00;0.00;0;0
1423154156;eth0;51148120.00;50744176.00;101892296.00;50744177;51148121;47618.00;41657.00;89275.00;41657;47618;0.00;0.00;0;0
1423154156;total;51148120.00;50744176.00;101892296.00;50744177;51148121;47618.00;41657.00;89275.00;41657;47618;0.00;0.00;0;0
1423154157;eth0;51229136.00;50837976.00;102067112.00;50837974;51229137;47697.00;41734.00;89431.00;41734;47697;0.00;0.00;0;0
1423154157;total;51229136.00;50837976.00;102067112.00;50837974;51229137;47697.00;41734.00;89431.00;41734;47697;0.00;0.00;0;0
1423154158;eth0;51045004.00;50653416.00;101698424.00;50653416;51045005;47523.00;41582.00;89105.00;41582;47523;0.00;0.00;0;0
1423154158;total;51045004.00;50653416.00;101698424.00;50653416;51045005;47523.00;41582.00;89105.00;41582;47523;0.00;0.00;0;0
1423154159;eth0;51154320.00;50764268.00;101918592.00;50764267;51154321;47627.00;41674.00;89301.00;41674;47627;0.00;0.00;0;0
1423154159;total;51154320.00;50764268.00;101918592.00;50764267;51154321;47627.00;41674.00;89301.00;41674;47627;0.00;0.00;0;0
1423154160;eth0;51240124.00;50840428.00;102080552.00;50840429;51240123;47705.00;41736.00;89441.00;41736;47705;0.00;0.00;0;0
1423154160;total;51240124.00;50840428.00;102080552.00;50840429;51240123;47705.00;41736.00;89441.00;41736;47705;0.00;0.00;0;0
1423154161;eth0;51094104.00;50701544.00;101795648.00;50701542;51094106;47570.00;41622.00;89192.00;41622;47570;0.00;0.00;0;0
1423154161;total;51094104.00;50701544.00;101795648.00;50701542;51094106;47570.00;41622.00;89192.00;41622;47570;0.00;0.00;0;0
1423154162;eth0;51205816.00;50815428.00;102021248.00;50815429;51205815;47674.00;41715.00;89389.00;41715;47674;0.00;0.00;0;0
1423154162;total;51205816.00;50815428.00;102021248.00;50815429;51205815;47674.00;41715.00;89389.00;41715;47674;0.00;0.00;0;0
1423154163;eth0;51097208.00;50704576.00;101801784.00;50704578;51097206;47574.00;41624.00;89198.00;41624;47574;0.00;0.00;0;0
1423154163;total;51097208.00;50704576.00;101801784.00;50704578;51097206;47574.00;41624.00;89198.00;41624;47574;0.00;0.00;0;0
1423154164;eth0;50953520.00;50560556.00;101514072.00;50560556;50953518;47438.00;41507.00;88945.00;41507;47438;0.00;0.00;0;0
1423154164;total;50953520.00;50560556.00;101514072.00;50560556;50953518;47438.00;41507.00;88945.00;41507;47438;0.00;0.00;0;0
1423154165;eth0;51040092.00;50648864.00;101688952.00;50648862;51040091;47522.00;41579.00;89101.00;41579;47522;0.00;0.00;0;0
1423154165;total;51040092.00;50648864.00;101688952.00;50648862;51040091;47522.00;41579.00;89101.00;41579;47522;0.00;0.00;0;0
1423154166;eth0;51199744.00;50811456.00;102011200.00;50811456;51199743;47669.00;41711.00;89380.00;41711;47669;0.00;0.00;0;0
1423154166;total;51199744.00;50811456.00;102011200.00;50811456;51199743;47669.00;41711.00;89380.00;41711;47669;0.00;0.00;0;0
1423154167;eth0;51231528.00;50831904.00;102063432.00;50831902;51231530;47695.00;41730.00;89425.00;41730;47695;0.00;0.00;0;0
1423154167;total;51231528.00;50831904.00;102063432.00;50831902;51231530;47695.00;41730.00;89425.00;41730;47695;0.00;0.00;0;0
1423154168;eth0;51283152.00;50896144.00;102179296.00;50896145;51283152;47746.00;41782.00;89528.00;41782;47746;0.00;0.00;0;0
1423154168;total;51283152.00;50896144.00;102179296.00;50896145;51283152;47746.00;41782.00;89528.00;41782;47746;0.00;0.00;0;0
1423154169;eth0;51188692.00;50803864.00;101992560.00;50803866;51188693;47661.00;41706.00;89367.00;41706;47661;0.00;0.00;0;0
1423154169;total;51188692.00;50803864.00;101992560.00;50803866;51188693;47661.00;41706.00;89367.00;41706;47661;0.00;0.00;0;0
1423154170;eth0;51377612.00;50968916.00;102346528.00;50968915;51377611;47831.00;41841.00;89672.00;41841;47831;0.00;0.00;0;0
1423154170;total;51377612.00;50968916.00;102346528.00;50968915;51377611;47831.00;41841.00;89672.00;41841;47831;0.00;0.00;0;0
1423154171;eth0;51380776.00;50988424.00;102369200.00;50988424;51380775;47838.00;41858.00;89696.00;41858;47838;0.00;0.00;0;0
1423154171;total;51380776.00;50988424.00;102369200.00;50988424;51380775;47838.00;41858.00;89696.00;41858;47838;0.00;0.00;0;0
1423154172;eth0;51253336.00;50855028.00;102108360.00;50855028;51253334;47717.00;41748.00;89465.00;41748;47717;0.00;0.00;0;0
1423154172;total;51253336.00;50855028.00;102108360.00;50855028;51253334;47717.00;41748.00;89465.00;41748;47717;0.00;0.00;0;0
1423154173;eth0;51172384.00;50781320.00;101953704.00;50781321;51172382;47643.00;41687.00;89330.00;41687;47643;0.00;0.00;0;0
1423154173;total;51172384.00;50781320.00;101953704.00;50781321;51172382;47643.00;41687.00;89330.00;41687;47643;0.00;0.00;0;0
1423154174;eth0;51473780.00;51082220.00;102556000.00;51082221;51473780;47926.00;41935.00;89861.00;41935;47926;0.00;0.00;0;0
1423154174;total;51473780.00;51082220.00;102556000.00;51082221;51473780;47926.00;41935.00;89861.00;41935;47926;0.00;0.00;0;0
1423154175;eth0;51101116.00;50710068.00;101811184.00;50710069;51101117;47574.00;41629.00;89203.00;41629;47574;0.00;0.00;0;0
1423154175;total;51101116.00;50710068.00;101811184.00;50710069;51101117;47574.00;41629.00;89203.00;41629;47574;0.00;0.00;0;0
1423154176;eth0;51180036.00;50778284.00;101958320.00;50778285;51180036;47650.00;41685.00;89335.00;41685;47650;0.00;0.00;0;0
1423154176;total;51180036.00;50778284.00;101958320.00;50778285;51180036;47650.00;41685.00;89335.00;41685;47650;0.00;0.00;0;0
1423154177;eth0;51308932.00;50914716.00;102223648.00;50914717;51308931;47770.00;41797.00;89567.00;41797;47770;0.00;0.00;0;0
1423154177;total;51308932.00;50914716.00;102223648.00;50914717;51308931;47770.00;41797.00;89567.00;41797;47770;0.00;0.00;0;0
1423154178;eth0;51386332.00;50999048.00;102385384.00;50999050;51386332;47844.00;41865.00;89709.00;41865;47844;0.00;0.00;0;0
1423154178;total;51386332.00;50999048.00;102385384.00;50999050;51386332;47844.00;41865.00;89709.00;41865;47844;0.00;0.00;0;0
1423154179;eth0;51197224.00;50802348.00;101999568.00;50802348;51197222;47666.00;41706.00;89372.00;41706;47666;0.00;0.00;0;0
1423154179;total;51197224.00;50802348.00;101999568.00;50802348;51197222;47666.00;41706.00;89372.00;41706;47666;0.00;0.00;0;0
1423154180;eth0;51429168.00;51032576.00;102461744.00;51032577;51429169;47880.00;41893.00;89773.00;41893;47880;0.00;0.00;0;0
1423154180;total;51429168.00;51032576.00;102461744.00;51032577;51429169;47880.00;41893.00;89773.00;41893;47880;0.00;0.00;0;0
1423154181;eth0;51291744.00;50893108.00;102184856.00;50893109;51291745;47754.00;41781.00;89535.00;41781;47754;0.00;0.00;0;0
1423154181;total;51291744.00;50893108.00;102184856.00;50893109;51291745;47754.00;41781.00;89535.00;41781;47754;0.00;0.00;0;0
1423154182;eth0;51055760.00;50658908.00;101714664.00;50658907;51055759;47535.00;41586.00;89121.00;41586;47535;0.00;0.00;0;0
1423154182;total;51055760.00;50658908.00;101714664.00;50658907;51055759;47535.00;41586.00;89121.00;41586;47535;0.00;0.00;0;0
1423154183;eth0;51063708.00;50675960.00;101739672.00;50675961;51063709;47541.00;41601.00;89142.00;41601;47541;0.00;0.00;0;0
1423154183;total;51063708.00;50675960.00;101739672.00;50675961;51063709;47541.00;41601.00;89142.00;41601;47541;0.00;0.00;0;0
1423154184;eth0;51111292.00;50720112.00;101831408.00;50720114;51111292;47586.00;41637.00;89223.00;41637;47586;0.00;0.00;0;0
1423154184;total;51111292.00;50720112.00;101831408.00;50720114;51111292;47586.00;41637.00;89223.00;41637;47586;0.00;0.00;0;0
1423154185;eth0;51085576.00;50694532.00;101780112.00;50694533;51085577;47563.00;41616.00;89179.00;41616;47563;0.00;0.00;0;0
1423154185;total;51085576.00;50694532.00;101780112.00;50694533;51085577;47563.00;41616.00;89179.00;41616;47563;0.00;0.00;0;0
1423154186;eth0;51426712.00;51031060.00;102457768.00;51031059;51426712;47879.00;41893.00;89772.00;41893;47879;0.00;0.00;0;0
1423154186;total;51426712.00;51031060.00;102457768.00;51031059;51426712;47879.00;41893.00;89772.00;41893;47879;0.00;0.00;0;0
1423154187;eth0;51517620.00;51119364.00;102636984.00;51119365;51517620;47964.00;41965.00;89929.00;41965;47964;0.00;0.00;0;0
1423154187;total;51517620.00;51119364.00;102636984.00;51119365;51517620;47964.00;41965.00;89929.00;41965;47964;0.00;0.00;0;0
1423154188;eth0;51231592.00;50837976.00;102069568.00;50837974;51231594;47698.00;41734.00;89432.00;41734;47698;0.00;0.00;0;0
1423154188;total;51231592.00;50837976.00;102069568.00;50837974;51231594;47698.00;41734.00;89432.00;41734;47698;0.00;0.00;0;0
1423154189;eth0;51454072.00;51051148.00;102505224.00;51051149;51454073;47906.00;41909.00;89815.00;41909;47906;0.00;0.00;0;0
1423154189;total;51454072.00;51051148.00;102505224.00;51051149;51454073;47906.00;41909.00;89815.00;41909;47906;0.00;0.00;0;0
1423154190;eth0;51163788.00;50778284.00;101942072.00;50778285;51163789;47634.00;41686.00;89320.00;41686;47634;0.00;0.00;0;0
1423154190;total;51163788.00;50778284.00;101942072.00;50778285;51163789;47634.00;41686.00;89320.00;41686;47634;0.00;0.00;0;0
1423154191;eth0;51257372.00;50863556.00;102120928.00;50863555;51257373;47722.00;41754.00;89476.00;41754;47722;0.00;0.00;0;0
1423154191;total;51257372.00;50863556.00;102120928.00;50863555;51257373;47722.00;41754.00;89476.00;41754;47722;0.00;0.00;0;0
1423154192;eth0;51248780.00;50855028.00;102103808.00;50855028;51248780;47714.00;41748.00;89462.00;41748;47714;0.00;0.00;0;0
1423154192;total;51248780.00;50855028.00;102103808.00;50855028;51248780;47714.00;41748.00;89462.00;41748;47714;0.00;0.00;0;0
1423154193;eth0;51154256.00;50765784.00;101920040.00;50765785;51154257;47626.00;41675.00;89301.00;41675;47626;0.00;0.00;0;0
1423154193;total;51154256.00;50765784.00;101920040.00;50765785;51154257;47626.00;41675.00;89301.00;41675;47626;0.00;0.00;0;0
1423154194;eth0;51476816.00;51080704.00;102557520.00;51080703;51476816;47927.00;41933.00;89860.00;41933;47927;0.00;0.00;0;0
1423154194;total;51476816.00;51080704.00;102557520.00;51080703;51476816;47927.00;41933.00;89860.00;41933;47927;0.00;0.00;0;0
1423154195;eth0;51158232.00;50752704.00;101910936.00;50752704;51158232;47629.00;41664.00;89293.00;41664;47629;0.00;0.00;0;0
1423154195;total;51158232.00;50752704.00;101910936.00;50752704;51158232;47629.00;41664.00;89293.00;41664;47629;0.00;0.00;0;0
1423154196;eth0;51429232.00;51045656.00;102474888.00;51045658;51429233;47882.00;41904.00;89786.00;41904;47882;0.00;0.00;0;0
1423154196;total;51429232.00;51045656.00;102474888.00;51045658;51429233;47882.00;41904.00;89786.00;41904;47882;0.00;0.00;0;0
1423154197;eth0;51207396.00;50817884.00;102025280.00;50817884;51207397;47677.00;41718.00;89395.00;41718;47677;0.00;0.00;0;0
1423154197;total;51207396.00;50817884.00;102025280.00;50817884;51207397;47677.00;41718.00;89395.00;41718;47677;0.00;0.00;0;0
1423154198;eth0;51255792.00;50858064.00;102113856.00;50858064;51255791;47719.00;41750.00;89469.00;41750;47719;0.00;0.00;0;0
1423154198;total;51255792.00;50858064.00;102113856.00;50858064;51255791;47719.00;41750.00;89469.00;41750;47719;0.00;0.00;0;0
1423154199;eth0;51015832.00;50621764.00;101637592.00;50621763;51015830;47498.00;41557.00;89055.00;41557;47498;0.00;0.00;0;0
1423154199;total;51015832.00;50621764.00;101637592.00;50621763;51015830;47498.00;41557.00;89055.00;41557;47498;0.00;0.00;0;0
1423154200;eth0;51172448.00;50786812.00;101959256.00;50786812;51172446;47643.00;41692.00;89335.00;41692;47643;0.00;0.00;0;0
1423154200;total;51172448.00;50786812.00;101959256.00;50786812;51172446;47643.00;41692.00;89335.00;41692;47643;0.00;0.00;0;0
1423154201;eth0;50922184.00;50522476.00;101444656.00;50522475;50922182;47409.00;41475.00;88884.00;41475;47409;0.00;0.00;0;0
1423154201;total;50922184.00;50522476.00;101444656.00;50522475;50922182;47409.00;41475.00;88884.00;41475;47409;0.00;0.00;0;0
1423154202;eth0;50922248.00;50534040.00;101456288.00;50534038;50922246;47410.00;41484.00;88894.00;41484;47410;0.00;0.00;0;0
1423154202;total;50922248.00;50534040.00;101456288.00;50534038;50922246;47410.00;41484.00;88894.00;41484;47410;0.00;0.00;0;0
1423154203;eth0;51085512.00;50689980.00;101775488.00;50689979;51085513;47562.00;41613.00;89175.00;41613;47562;0.00;0.00;0;0
1423154203;total;51085512.00;50689980.00;101775488.00;50689979;51085513;47562.00;41613.00;89175.00;41613;47562;0.00;0.00;0;0
1423154204;eth0;51087096.00;50693016.00;101780112.00;50693015;51087095;47566.00;41615.00;89181.00;41615;47566;0.00;0.00;0;0
1423154204;total;51087096.00;50693016.00;101780112.00;50693015;51087095;47566.00;41615.00;89181.00;41615;47566;0.00;0.00;0;0
1423154205;eth0;51264448.00;50875120.00;102139568.00;50875118;51264448;47727.00;41764.00;89491.00;41764;47727;0.00;0.00;0;0
1423154205;total;51264448.00;50875120.00;102139568.00;50875118;51264448;47727.00;41764.00;89491.00;41764;47727;0.00;0.00;0;0
1423154206;eth0;51128416.00;50732616.00;101861024.00;50732614;51128414;47601.00;41648.00;89249.00;41648;47601;0.00;0.00;0;0
1423154206;total;51128416.00;50732616.00;101861024.00;50732614;51128414;47601.00;41648.00;89249.00;41648;47601;0.00;0.00;0;0
1423154207;eth0;51137136.00;50752704.00;101889840.00;50752704;51137135;47611.00;41664.00;89275.00;41664;47611;0.00;0.00;0;0
1423154207;total;51137136.00;50752704.00;101889840.00;50752704;51137135;47611.00;41664.00;89275.00;41664;47611;0.00;0.00;0;0
1423154208;eth0;51532284.00;51127892.00;102660176.00;51127892;51532285;47977.00;41972.00;89949.00;41972;47977;0.00;0.00;0;0
1423154208;total;51532284.00;51127892.00;102660176.00;51127892;51532285;47977.00;41972.00;89949.00;41972;47977;0.00;0.00;0;0
1423154209;eth0;51180036.00;50786812.00;101966848.00;50786812;51180036;47650.00;41692.00;89342.00;41692;47650;0.00;0.00;0;0
1423154209;total;51180036.00;50786812.00;101966848.00;50786812;51180036;47650.00;41692.00;89342.00;41692;47650;0.00;0.00;0;0
1423154210;eth0;51145664.00;50752704.00;101898368.00;50752704;51145664;47618.00;41664.00;89282.00;41664;47618;0.00;0.00;0;0
1423154210;total;51145664.00;50752704.00;101898368.00;50752704;51145664;47618.00;41664.00;89282.00;41664;47618;0.00;0.00;0;0
1423154211;eth0;51128544.00;50744176.00;101872720.00;50744177;51128542;47605.00;41657.00;89262.00;41657;47605;0.00;0.00;0;0
1423154211;total;51128544.00;50744176.00;101872720.00;50744177;51128542;47605.00;41657.00;89262.00;41657;47605;0.00;0.00;0;0
1423154212;eth0;51008112.00;50607744.00;101615856.00;50607745;51008112;47487.00;41545.00;89032.00;41545;47487;0.00;0.00;0;0
1423154212;total;51008112.00;50607744.00;101615856.00;50607745;51008112;47487.00;41545.00;89032.00;41545;47487;0.00;0.00;0;0
1423154213;eth0;51119948.00;50734712.00;101854664.00;50734713;51119949;47596.00;41650.00;89246.00;41650;47596;0.00;0.00;0;0
1423154213;total;51119948.00;50734712.00;101854664.00;50734713;51119949;47596.00;41650.00;89246.00;41650;47596;0.00;0.00;0;0
1423154214;eth0;51223000.00;50827928.00;102050928.00;50827929;51223001;47691.00;41725.00;89416.00;41725;47691;0.00;0.00;0;0
1423154214;total;51223000.00;50827928.00;102050928.00;50827929;51223001;47691.00;41725.00;89416.00;41725;47691;0.00;0.00;0;0
1423154215;eth0;51317460.00;50917172.00;102234632.00;50917172;51317460;47775.00;41799.00;89574.00;41799;47775;0.00;0.00;0;0
1423154215;total;51317460.00;50917172.00;102234632.00;50917172;51317460;47775.00;41799.00;89574.00;41799;47775;0.00;0.00;0;0
1423154216;eth0;51248780.00;50856544.00;102105328.00;50856546;51248780;47714.00;41749.00;89463.00;41749;47714;0.00;0.00;0;0
1423154216;total;51248780.00;50856544.00;102105328.00;50856546;51248780;47714.00;41749.00;89463.00;41749;47714;0.00;0.00;0;0
1423154217;eth0;52503360.00;52097516.00;104600872.00;52097515;52503358;48882.00;42767.00;91649.00;42767;48882;0.00;0.00;0;0
1423154217;total;52503360.00;52097516.00;104600872.00;52097515;52503358;48882.00;42767.00;91649.00;42767;48882;0.00;0.00;0;0
1423154218;eth0;52847080.00;52433460.00;105280536.00;52433460;52847078;49202.00;43045.00;92247.00;43045;49202;0.00;0.00;0;0
1423154218;total;52847080.00;52433460.00;105280536.00;52433460;52847078;49202.00;43045.00;92247.00;43045;49202;0.00;0.00;0;0
1423154219;eth0;50959720.00;50582164.00;101541880.00;50582164;50959718;47446.00;41524.00;88970.00;41524;47446;0.00;0.00;0;0
1423154219;total;50959720.00;50582164.00;101541880.00;50582164;50959718;47446.00;41524.00;88970.00;41524;47446;0.00;0.00;0;0
1423154220;eth0;51288644.00;50889136.00;102177784.00;50889136;51288645;47750.00;41776.00;89526.00;41776;47750;0.00;0.00;0;0
1423154220;total;51288644.00;50889136.00;102177784.00;50889136;51288645;47750.00;41776.00;89526.00;41776;47750;0.00;0.00;0;0
1423154221;eth0;51231592.00;50839492.00;102071088.00;50839492;51231594;47698.00;41735.00;89433.00;41735;47698;0.00;0.00;0;0
1423154221;total;51231592.00;50839492.00;102071088.00;50839492;51231594;47698.00;41735.00;89433.00;41735;47698;0.00;0.00;0;0
1423154222;eth0;51558192.00;51169008.00;102727200.00;51169009;51558192;48003.00;42006.00;90009.00;42006;48003;0.00;0.00;0;0
1423154222;total;51558192.00;51169008.00;102727200.00;51169009;51558192;48003.00;42006.00;90009.00;42006;48003;0.00;0.00;0;0
1423154223;eth0;51222936.00;50820920.00;102043856.00;50820920;51222937;47689.00;41720.00;89409.00;41720;47689;0.00;0.00;0;0
1423154223;total;51222936.00;50820920.00;102043856.00;50820920;51222937;47689.00;41720.00;89409.00;41720;47689;0.00;0.00;0;0
1423154224;eth0;51360488.00;50974408.00;102334896.00;50974406;51360489;47818.00;41846.00;89664.00;41846;47818;0.00;0.00;0;0
1423154224;total;51360488.00;50974408.00;102334896.00;50974406;51360489;47818.00;41846.00;89664.00;41846;47818;0.00;0.00;0;0
1423154225;eth0;51274560.00;50873600.00;102148160.00;50873600;51274559;47738.00;41763.00;89501.00;41763;47738;0.00;0.00;0;0
1423154225;total;51274560.00;50873600.00;102148160.00;50873600;51274559;47738.00;41763.00;89501.00;41763;47738;0.00;0.00;0;0
1423154226;eth0;51236212.00;50844984.00;102081192.00;50844983;51236212;47703.00;41740.00;89443.00;41740;47703;0.00;0.00;0;0
1423154226;total;51236212.00;50844984.00;102081192.00;50844983;51236212;47703.00;41740.00;89443.00;41740;47703;0.00;0.00;0;0
1423154227;eth0;51106736.00;50716140.00;101822880.00;50716141;51106738;47582.00;41633.00;89215.00;41633;47582;0.00;0.00;0;0
1423154227;total;51106736.00;50716140.00;101822880.00;50716141;51106738;47582.00;41633.00;89215.00;41633;47582;0.00;0.00;0;0
1423154228;eth0;51051076.00;50652836.00;101703912.00;50652835;51051077;47529.00;41583.00;89112.00;41583;47529;0.00;0.00;0;0
1423154228;total;51051076.00;50652836.00;101703912.00;50652835;51051077;47529.00;41583.00;89112.00;41583;47529;0.00;0.00;0;0
1423154229;eth0;51468224.00;51074276.00;102542496.00;51074275;51468223;47919.00;41927.00;89846.00;41927;47919;0.00;0.00;0;0
1423154229;total;51468224.00;51074276.00;102542496.00;51074275;51468223;47919.00;41927.00;89846.00;41927;47919;0.00;0.00;0;0
1423154230;eth0;51519136.00;51121820.00;102640960.00;51121820;51519138;47965.00;41969.00;89934.00;41969;47965;0.00;0.00;0;0
1423154230;total;51519136.00;51121820.00;102640960.00;51121820;51519138;47965.00;41969.00;89934.00;41969;47965;0.00;0.00;0;0
1423154231;eth0;51394924.00;51008448.00;102403376.00;51008450;51394925;47852.00;41873.00;89725.00;41873;47852;0.00;0.00;0;0
1423154231;total;51394924.00;51008448.00;102403376.00;51008450;51394925;47852.00;41873.00;89725.00;41873;47852;0.00;0.00;0;0
1423154232;eth0;50896404.00;50496960.00;101393360.00;50496958;50896403;47384.00;41454.00;88838.00;41454;47384;0.00;0.00;0;0
1423154232;total;50896404.00;50496960.00;101393360.00;50496958;50896403;47384.00;41454.00;88838.00;41454;47384;0.00;0.00;0;0
1423154233;eth0;51016832.00;50633328.00;101650160.00;50633326;51016833;47499.00;41566.00;89065.00;41566;47499;0.00;0.00;0;0
1423154233;total;51016832.00;50633328.00;101650160.00;50633326;51016833;47499.00;41566.00;89065.00;41566;47499;0.00;0.00;0;0
1423154234;eth0;51423676.00;51025568.00;102449248.00;51025568;51423676;47878.00;41888.00;89766.00;41888;47878;0.00;0.00;0;0
1423154234;total;51423676.00;51025568.00;102449248.00;51025568;51423676;47878.00;41888.00;89766.00;41888;47878;0.00;0.00;0;0
1423154235;eth0;51159752.00;50761232.00;101920984.00;50761231;51159750;47629.00;41671.00;89300.00;41671;47629;0.00;0.00;0;0
1423154235;total;51159752.00;50761232.00;101920984.00;50761231;51159750;47629.00;41671.00;89300.00;41671;47629;0.00;0.00;0;0
1423154236;eth0;51128480.00;50741720.00;101870200.00;50741722;51128478;47602.00;41654.00;89256.00;41654;47602;0.00;0.00;0;0
1423154236;total;51128480.00;50741720.00;101870200.00;50741722;51128478;47602.00;41654.00;89256.00;41654;47602;0.00;0.00;0;0
1423154237;eth0;51330736.00;50934224.00;102264960.00;50934226;51330735;47791.00;41814.00;89605.00;41814;47791;0.00;0.00;0;0
1423154237;total;51330736.00;50934224.00;102264960.00;50934226;51330735;47791.00;41814.00;89605.00;41814;47791;0.00;0.00;0;0
1423154238;eth0;51269940.00;50878152.00;102148096.00;50878154;51269941;47733.00;41767.00;89500.00;41767;47733;0.00;0.00;0;0
1423154238;total;51269940.00;50878152.00;102148096.00;50878154;51269941;47733.00;41767.00;89500.00;41767;47733;0.00;0.00;0;0
1423154239;eth0;50905124.00;50513948.00;101419072.00;50513948;50905124;47395.00;41468.00;88863.00;41468;47395;0.00;0.00;0;0
1423154239;total;50905124.00;50513948.00;101419072.00;50513948;50905124;47395.00;41468.00;88863.00;41468;47395;0.00;0.00;0;0
1423154240;eth0;50982332.00;50584620.00;101566952.00;50584619;50982333;47465.00;41526.00;88991.00;41526;47465;0.00;0.00;0;0
1423154240;total;50982332.00;50584620.00;101566952.00;50584619;50982333;47465.00;41526.00;88991.00;41526;47465;0.00;0.00;0;0
1423154241;eth0;51119948.00;50733196.00;101853144.00;50733195;51119949;47596.00;41648.00;89244.00;41648;47596;0.00;0.00;0;0
1423154241;total;51119948.00;50733196.00;101853144.00;50733195;51119949;47596.00;41648.00;89244.00;41648;47596;0.00;0.00;0;0
1423154242;eth0;50801880.00;50405552.00;101207432.00;50405552;50801880;47296.00;41379.00;88675.00;41379;47296;0.00;0.00;0;0
1423154242;total;50801880.00;50405552.00;101207432.00;50405552;50801880;47296.00;41379.00;88675.00;41379;47296;0.00;0.00;0;0
1423154243;eth0;51119884.00;50727124.00;101847008.00;50727123;51119885;47594.00;41643.00;89237.00;41643;47594;0.00;0.00;0;0
1423154243;total;51119884.00;50727124.00;101847008.00;50727123;51119885;47594.00;41643.00;89237.00;41643;47594;0.00;0.00;0;0
1423154244;eth0;51343432.00;50948824.00;102292256.00;50948825;51343431;47804.00;41825.00;89629.00;41825;47804;0.00;0.00;0;0
1423154244;total;51343432.00;50948824.00;102292256.00;50948825;51343431;47804.00;41825.00;89629.00;41825;47804;0.00;0.00;0;0
1423154245;eth0;51094104.00;50710068.00;101804176.00;50710069;51094106;47570.00;41629.00;89199.00;41629;47570;0.00;0.00;0;0
1423154245;total;51094104.00;50710068.00;101804176.00;50710069;51094106;47570.00;41629.00;89199.00;41629;47570;0.00;0.00;0;0
1423154246;eth0;50896532.00;50505420.00;101401952.00;50505421;50896531;47389.00;41461.00;88850.00;41461;47389;0.00;0.00;0;0
1423154246;total;50896532.00;50505420.00;101401952.00;50505421;50896531;47389.00;41461.00;88850.00;41461;47389;0.00;0.00;0;0
1423154247;eth0;51326116.00;50929316.00;102255432.00;50929316;51326117;47784.00;41808.00;89592.00;41808;47784;0.00;0.00;0;0
1423154247;total;51326116.00;50929316.00;102255432.00;50929316;51326117;47784.00;41808.00;89592.00;41808;47784;0.00;0.00;0;0
1423154248;eth0;51283088.00;50883064.00;102166152.00;50883064;51283088;47745.00;41772.00;89517.00;41772;47745;0.00;0.00;0;0
1423154248;total;51283088.00;50883064.00;102166152.00;50883064;51283088;47745.00;41772.00;89517.00;41772;47745;0.00;0.00;0;0
1423154249;eth0;51463604.00;51072756.00;102536360.00;51072757;51463605;47914.00;41926.00;89840.00;41926;47914;0.00;0.00;0;0
1423154249;total;51463604.00;51072756.00;102536360.00;51072757;51463605;47914.00;41926.00;89840.00;41926;47914;0.00;0.00;0;0
1423154250;eth0;51028464.00;50637300.00;101665760.00;50637299;51028462;47510.00;41570.00;89080.00;41570;47510;0.00;0.00;0;0
1423154250;total;51028464.00;50637300.00;101665760.00;50637299;51028462;47510.00;41570.00;89080.00;41570;47510;0.00;0.00;0;0
1423154251;eth0;51486284.00;51085256.00;102571544.00;51085257;51486284;47934.00;41938.00;89872.00;41938;47934;0.00;0.00;0;0
1423154251;total;51486284.00;51085256.00;102571544.00;51085257;51486284;47934.00;41938.00;89872.00;41938;47934;0.00;0.00;0;0
1423154252;eth0;51446420.00;51058740.00;102505160.00;51058739;51446419;47898.00;41913.00;89811.00;41913;47898;0.00;0.00;0;0
1423154252;total;51446420.00;51058740.00;102505160.00;51058739;51446419;47898.00;41913.00;89811.00;41913;47898;0.00;0.00;0;0
1423154253;eth0;51085512.00;50685424.00;101770936.00;50685425;51085513;47562.00;41610.00;89172.00;41610;47562;0.00;0.00;0;0
1423154253;total;51085512.00;50685424.00;101770936.00;50685425;51085513;47562.00;41610.00;89172.00;41610;47562;0.00;0.00;0;0
1423154254;eth0;51059800.00;50673504.00;101733304.00;50673506;51059798;47541.00;41598.00;89139.00;41598;47541;0.00;0.00;0;0
1423154254;total;51059800.00;50673504.00;101733304.00;50673506;51059798;47541.00;41598.00;89139.00;41598;47541;0.00;0.00;0;0
1423154255;eth0;51334712.00;50942752.00;102277464.00;50942753;51334710;47792.00;41821.00;89613.00;41821;47792;0.00;0.00;0;0
1423154255;total;51334712.00;50942752.00;102277464.00;50942753;51334710;47792.00;41821.00;89613.00;41821;47792;0.00;0.00;0;0
1423154256;eth0;51025296.00;50624800.00;101650096.00;50624799;51025298;47505.00;41559.00;89064.00;41559;47505;0.00;0.00;0;0
1423154256;total;51025296.00;50624800.00;101650096.00;50624799;51025298;47505.00;41559.00;89064.00;41559;47505;0.00;0.00;0;0
1423154257;eth0;51170504.00;50778284.00;101948792.00;50778285;51170504;47644.00;41685.00;89329.00;41685;47644;0.00;0.00;0;0
1423154257;total;51170504.00;50778284.00;101948792.00;50778285;51170504;47644.00;41685.00;89329.00;41685;47644;0.00;0.00;0;0
1423154258;eth0;51086452.00;50694532.00;101780984.00;50694533;51086452;47560.00;41616.00;89176.00;41616;47560;0.00;0.00;0;0
1423154258;total;51086452.00;50694532.00;101780984.00;50694533;51086452;47560.00;41616.00;89176.00;41616;47560;0.00;0.00;0;0
1423154259;eth0;51300336.00;50904672.00;102205008.00;50904672;51300338;47762.00;41789.00;89551.00;41789;47762;0.00;0.00;0;0
1423154259;total;51300336.00;50904672.00;102205008.00;50904672;51300338;47762.00;41789.00;89551.00;41789;47762;0.00;0.00;0;0
1423154260;eth0;51223000.00;50829448.00;102052448.00;50829447;51223001;47690.00;41727.00;89417.00;41727;47690;0.00;0.00;0;0
1423154260;total;51223000.00;50829448.00;102052448.00;50829447;51223001;47690.00;41727.00;89417.00;41727;47690;0.00;0.00;0;0
1423154261;eth0;51274624.00;50885164.00;102159784.00;50885163;51274623;47739.00;41773.00;89512.00;41773;47739;0.00;0.00;0;0
1423154261;total;51274624.00;50885164.00;102159784.00;50885163;51274623;47739.00;41773.00;89512.00;41773;47739;0.00;0.00;0;0
1423154262;eth0;51523692.00;51116328.00;102640024.00;51116329;51523692;47969.00;41962.00;89931.00;41962;47969;0.00;0.00;0;0
1423154262;total;51523692.00;51116328.00;102640024.00;51116329;51523692;47969.00;41962.00;89931.00;41962;47969;0.00;0.00;0;0
1423154263;eth0;51291808.00;50913200.00;102205008.00;50913199;51291809;47757.00;41796.00;89553.00;41796;47757;0.00;0.00;0;0
1423154263;total;51291808.00;50913200.00;102205008.00;50913199;51291809;47757.00;41796.00;89553.00;41796;47757;0.00;0.00;0;0
1423154264;eth0;51429168.00;51027088.00;102456256.00;51027086;51429169;47879.00;41889.00;89768.00;41889;47879;0.00;0.00;0;0
1423154264;total;51429168.00;51027088.00;102456256.00;51027086;51429169;47879.00;41889.00;89768.00;41889;47879;0.00;0.00;0;0
1423154265;eth0;51059800.00;50673504.00;101733304.00;50673506;51059798;47540.00;41600.00;89140.00;41600;47540;0.00;0.00;0;0
1423154265;total;51059800.00;50673504.00;101733304.00;50673506;51059798;47540.00;41600.00;89140.00;41600;47540;0.00;0.00;0;0
1423154266;eth0;51360424.00;50958288.00;102318712.00;50958289;51360425;47816.00;41832.00;89648.00;41832;47816;0.00;0.00;0;0
1423154266;total;51360424.00;50958288.00;102318712.00;50958289;51360425;47816.00;41832.00;89648.00;41832;47816;0.00;0.00;0;0
1423154267;eth0;51231592.00;50841008.00;102072608.00;50841010;51231594;47698.00;41737.00;89435.00;41737;47698;0.00;0.00;0;0
1423154267;total;51231592.00;50841008.00;102072608.00;50841010;51231594;47698.00;41737.00;89435.00;41737;47698;0.00;0.00;0;0
1423154268;eth0;51386268.00;50989944.00;102376208.00;50989942;51386268;47842.00;41859.00;89701.00;41859;47842;0.00;0.00;0;0
1423154268;total;51386268.00;50989944.00;102376208.00;50989942;51386268;47842.00;41859.00;89701.00;41859;47842;0.00;0.00;0;0
1423154269;eth0;51497976.00;51102312.00;102600288.00;51102311;51497977;47946.00;41950.00;89896.00;41950;47946;0.00;0.00;0;0
1423154269;total;51497976.00;51102312.00;102600288.00;51102311;51497977;47946.00;41950.00;89896.00;41950;47946;0.00;0.00;0;0
1423154270;eth0;51387848.00;50997532.00;102385384.00;50997532;51387850;47845.00;41866.00;89711.00;41866;47845;0.00;0.00;0;0
1423154270;total;51387848.00;50997532.00;102385384.00;50997532;51387850;47845.00;41866.00;89711.00;41866;47845;0.00;0.00;0;0
1423154271;eth0;51204296.00;50804804.00;102009104.00;50804803;51204297;47672.00;41706.00;89378.00;41706;47672;0.00;0.00;0;0
1423154271;total;51204296.00;50804804.00;102009104.00;50804803;51204297;47672.00;41706.00;89378.00;41706;47672;0.00;0.00;0;0
1423154272;eth0;50930840.00;50539528.00;101470368.00;50539529;50930839;47418.00;41489.00;88907.00;41489;47418;0.00;0.00;0;0
1423154272;total;50930840.00;50539528.00;101470368.00;50539529;50930839;47418.00;41489.00;88907.00;41489;47418;0.00;0.00;0;0
1423154273;eth0;51048620.00;50661944.00;101710560.00;50661943;51048620;47527.00;41590.00;89117.00;41590;47527;0.00;0.00;0;0
1423154273;total;51048620.00;50661944.00;101710560.00;50661943;51048620;47527.00;41590.00;89117.00;41590;47527;0.00;0.00;0;0
1423154274;eth0;51354352.00;50954316.00;102308672.00;50954316;51354353;47812.00;41829.00;89641.00;41829;47812;0.00;0.00;0;0
1423154274;total;51354352.00;50954316.00;102308672.00;50954316;51354353;47812.00;41829.00;89641.00;41829;47812;0.00;0.00;0;0
1423154275;eth0;52308820.00;51920904.00;104229720.00;51920903;52308819;48703.00;42623.00;91326.00;42623;48703;0.00;0.00;0;0
1423154275;total;52308820.00;51920904.00;104229720.00;51920903;52308819;48703.00;42623.00;91326.00;42623;48703;0.00;0.00;0;0
1423154276;eth0;53075988.00;52658780.00;105734768.00;52658779;53075989;49413.00;43228.00;92641.00;43228;49413;0.00;0.00;0;0
1423154276;total;53075988.00;52658780.00;105734768.00;52658779;53075989;49413.00;43228.00;92641.00;43228;49413;0.00;0.00;0;0
1423154277;eth0;51461148.00;51061192.00;102522344.00;51061194;51461148;47912.00;41917.00;89829.00;41917;47912;0.00;0.00;0;0
1423154277;total;51461148.00;51061192.00;102522344.00;51061194;51461148;47912.00;41917.00;89829.00;41917;47912;0.00;0.00;0;0
1423154278;eth0;51354352.00;50965880.00;102320232.00;50965879;51354353;47812.00;41840.00;89652.00;41840;47812;0.00;0.00;0;0
1423154278;total;51354352.00;50965880.00;102320232.00;50965879;51354353;47812.00;41840.00;89652.00;41840;47812;0.00;0.00;0;0
1423154279;eth0;51211952.00;50823376.00;102035328.00;50823375;51211951;47680.00;41722.00;89402.00;41722;47680;0.00;0.00;0;0
1423154279;total;51211952.00;50823376.00;102035328.00;50823375;51211951;47680.00;41722.00;89402.00;41722;47680;0.00;0.00;0;0
1423154280;eth0;51575312.00;51170528.00;102745840.00;51170527;51575314;48019.00;42007.00;90026.00;42007;48019;0.00;0.00;0;0
1423154280;total;51575312.00;51170528.00;102745840.00;51170527;51575314;48019.00;42007.00;90026.00;42007;48019;0.00;0.00;0;0
1423154281;eth0;51440284.00;51042624.00;102482904.00;51042622;51440283;47891.00;41902.00;89793.00;41902;47891;0.00;0.00;0;0
1423154281;total;51440284.00;51042624.00;102482904.00;51042622;51440283;47891.00;41902.00;89793.00;41902;47891;0.00;0.00;0;0
1423154282;eth0;51443960.00;51051148.00;102495112.00;51051149;51443962;47898.00;41909.00;89807.00;41909;47898;0.00;0.00;0;0
1423154282;total;51443960.00;51051148.00;102495112.00;51051149;51443962;47898.00;41909.00;89807.00;41909;47898;0.00;0.00;0;0
1423154283;eth0;51388724.00;50991460.00;102380184.00;50991460;51388725;47842.00;41860.00;89702.00;41860;47842;0.00;0.00;0;0
1423154283;total;51388724.00;50991460.00;102380184.00;50991460;51388725;47842.00;41860.00;89702.00;41860;47842;0.00;0.00;0;0
1423154284;eth0;51910440.00;51514644.00;103425088.00;51514643;51910441;48330.00;42289.00;90619.00;42289;48330;0.00;0.00;0;0
1423154284;total;51910440.00;51514644.00;103425088.00;51514643;51910441;48330.00;42289.00;90619.00;42289;48330;0.00;0.00;0;0
1423154285;eth0;51626872.00;51227180.00;102854048.00;51227180;51626872;48066.00;42054.00;90120.00;42054;48066;0.00;0.00;0;0
1423154285;total;51626872.00;51227180.00;102854048.00;51227180;51626872;48066.00;42054.00;90120.00;42054;48066;0.00;0.00;0;0
1423154286;eth0;51442444.00;51051148.00;102493592.00;51051149;51442444;47895.00;41909.00;89804.00;41909;47895;0.00;0.00;0;0
1423154286;total;51442444.00;51051148.00;102493592.00;51051149;51442444;47895.00;41909.00;89804.00;41909;47895;0.00;0.00;0;0
1423154287;eth0;51501952.00;51105348.00;102607296.00;51105347;51501952;47949.00;41953.00;89902.00;41953;47949;0.00;0.00;0;0
1423154287;total;51501952.00;51105348.00;102607296.00;51105347;51501952;47949.00;41953.00;89902.00;41953;47949;0.00;0.00;0;0
1423154288;eth0;51575312.00;51176016.00;102751328.00;51176018;51575314;48018.00;42012.00;90030.00;42012;48018;0.00;0.00;0;0
1423154288;total;51575312.00;51176016.00;102751328.00;51176018;51575314;48018.00;42012.00;90030.00;42012;48018;0.00;0.00;0;0
1423154289;eth0;51480792.00;51089812.00;102570600.00;51089811;51480791;47930.00;41940.00;89870.00;41940;47930;0.00;0.00;0;0
1423154289;total;51480792.00;51089812.00;102570600.00;51089811;51480791;47930.00;41940.00;89870.00;41940;47930;0.00;0.00;0;0
1423154290;eth0;51506568.00;51112356.00;102618928.00;51112356;51506570;47954.00;41959.00;89913.00;41959;47954;0.00;0.00;0;0
1423154290;total;51506568.00;51112356.00;102618928.00;51112356;51506570;47954.00;41959.00;89913.00;41959;47954;0.00;0.00;0;0
1423154291;eth0;51522816.00;51121820.00;102644640.00;51121820;51522817;47970.00;41968.00;89938.00;41968;47970;0.00;0.00;0;0
1423154291;total;51522816.00;51121820.00;102644640.00;51121820;51522817;47970.00;41968.00;89938.00;41968;47970;0.00;0.00;0;0
1423154292;eth0;51490324.00;51093784.00;102584104.00;51093784;51490323;47938.00;41944.00;89882.00;41944;47938;0.00;0.00;0;0
1423154292;total;51490324.00;51093784.00;102584104.00;51093784;51490323;47938.00;41944.00;89882.00;41944;47938;0.00;0.00;0;0
1423154293;eth0;51469740.00;51076728.00;102546472.00;51076730;51469741;47922.00;41930.00;89852.00;41930;47922;0.00;0.00;0;0
1423154293;total;51469740.00;51076728.00;102546472.00;51076730;51469741;47922.00;41930.00;89852.00;41930;47922;0.00;0.00;0;0
1423154294;eth0;51208272.00;50812392.00;102020664.00;50812393;51208272;47674.00;41713.00;89387.00;41713;47674;0.00;0.00;0;0
1423154294;total;51208272.00;50812392.00;102020664.00;50812393;51208272;47674.00;41713.00;89387.00;41713;47674;0.00;0.00;0;0
1423154295;eth0;51472200.00;51076728.00;102548928.00;51076730;51472198;47922.00;41930.00;89852.00;41930;47922;0.00;0.00;0;0
1423154295;total;51472200.00;51076728.00;102548928.00;51076730;51472198;47922.00;41930.00;89852.00;41930;47922;0.00;0.00;0;0
1423154296;eth0;51308996.00;50922308.00;102231304.00;50922307;51308995;47773.00;41802.00;89575.00;41802;47773;0.00;0.00;0;0
1423154296;total;51308996.00;50922308.00;102231304.00;50922307;51308995;47773.00;41802.00;89575.00;41802;47773;0.00;0.00;0;0
1423154297;eth0;51119820.00;50719532.00;101839352.00;50719533;51119821;47591.00;41638.00;89229.00;41638;47591;0.00;0.00;0;0
1423154297;total;51119820.00;50719532.00;101839352.00;50719533;51119821;47591.00;41638.00;89229.00;41638;47591;0.00;0.00;0;0
1423154298;eth0;51568304.00;51179056.00;102747360.00;51179054;51568303;48013.00;42014.00;90027.00;42014;48013;0.00;0.00;0;0
1423154298;total;51568304.00;51179056.00;102747360.00;51179054;51568303;48013.00;42014.00;90027.00;42014;48013;0.00;0.00;0;0
1423154299;eth0;51276076.00;50872080.00;102148160.00;50872082;51276077;47739.00;41762.00;89501.00;41762;47739;0.00;0.00;0;0
1423154299;total;51276076.00;50872080.00;102148160.00;50872082;51276077;47739.00;41762.00;89501.00;41762;47739;0.00;0.00;0;0
1423154300;eth0;51546436.00;51153472.00;102699904.00;51153473;51546435;47990.00;41993.00;89983.00;41993;47990;0.00;0.00;0;0
1423154300;total;51546436.00;51153472.00;102699904.00;51153473;51546435;47990.00;41993.00;89983.00;41993;47990;0.00;0.00;0;0
1423154301;eth0;51162848.00;50769760.00;101932608.00;50769758;51162850;47634.00;41678.00;89312.00;41678;47634;0.00;0.00;0;0
1423154301;total;51162848.00;50769760.00;101932608.00;50769758;51162850;47634.00;41678.00;89312.00;41678;47634;0.00;0.00;0;0
1423154302;eth0;51394860.00;51006060.00;102400920.00;51006059;51394861;47850.00;41871.00;89721.00;41871;47850;0.00;0.00;0;0
1423154302;total;51394860.00;51006060.00;102400920.00;51006059;51394861;47850.00;41871.00;89721.00;41871;47850;0.00;0.00;0;0
1423154303;eth0;51461148.00;51062132.00;102523280.00;51062131;51461148;47914.00;41919.00;89833.00;41919;47914;0.00;0.00;0;0
1423154303;total;51461148.00;51062132.00;102523280.00;51062131;51461148;47914.00;41919.00;89833.00;41919;47914;0.00;0.00;0;0
1423154304;eth0;51483248.00;51085256.00;102568504.00;51085257;51483248;47930.00;41937.00;89867.00;41937;47930;0.00;0.00;0;0
1423154304;total;51483248.00;51085256.00;102568504.00;51085257;51483248;47930.00;41937.00;89867.00;41937;47930;0.00;0.00;0;0
1423154305;eth0;51483892.00;51093784.00;102577672.00;51093784;51483891;47934.00;41944.00;89878.00;41944;47934;0.00;0.00;0;0
1423154305;total;51483892.00;51093784.00;102577672.00;51093784;51483891;47934.00;41944.00;89878.00;41944;47934;0.00;0.00;0;0
1423154306;eth0;51224520.00;50829448.00;102053968.00;50829447;51224519;47691.00;41727.00;89418.00;41727;47691;0.00;0.00;0;0
1423154306;total;51224520.00;50829448.00;102053968.00;50829447;51224519;47691.00;41727.00;89418.00;41727;47691;0.00;0.00;0;0
1423154307;eth0;51020808.00;50627836.00;101648640.00;50627835;51020808;47502.00;41561.00;89063.00;41561;47502;0.00;0.00;0;0
1423154307;total;51020808.00;50627836.00;101648640.00;50627835;51020808;47502.00;41561.00;89063.00;41561;47502;0.00;0.00;0;0
1423154308;eth0;51377612.00;50988424.00;102366032.00;50988424;51377611;47833.00;41858.00;89691.00;41858;47833;0.00;0.00;0;0
1423154308;total;51377612.00;50988424.00;102366032.00;50988424;51377611;47833.00;41858.00;89691.00;41858;47833;0.00;0.00;0;0
1423154309;eth0;51257372.00;50859584.00;102116952.00;50859582;51257373;47722.00;41751.00;89473.00;41751;47722;0.00;0.00;0;0
1423154309;total;51257372.00;50859584.00;102116952.00;50859582;51257373;47722.00;41751.00;89473.00;41751;47722;0.00;0.00;0;0
1423154310;eth0;51469740.00;51072176.00;102541920.00;51072176;51469741;47921.00;41927.00;89848.00;41927;47921;0.00;0.00;0;0
1423154310;total;51469740.00;51072176.00;102541920.00;51072176;51469741;47921.00;41927.00;89848.00;41927;47921;0.00;0.00;0;0
1423154311;eth0;51237152.00;50846500.00;102083648.00;50846501;51237151;47703.00;41741.00;89444.00;41741;47703;0.00;0.00;0;0
1423154311;total;51237152.00;50846500.00;102083648.00;50846501;51237151;47703.00;41741.00;89444.00;41741;47703;0.00;0.00;0;0
1423154312;eth0;51339264.00;50940296.00;102279560.00;50940298;51339264;47797.00;41818.00;89615.00;41818;47797;0.00;0.00;0;0
1423154312;total;51339264.00;50940296.00;102279560.00;50940298;51339264;47797.00;41818.00;89615.00;41818;47797;0.00;0.00;0;0
1423154313;eth0;51587944.00;51196108.00;102784056.00;51196108;51587946;48031.00;42028.00;90059.00;42028;48031;0.00;0.00;0;0
1423154313;total;51587944.00;51196108.00;102784056.00;51196108;51587946;48031.00;42028.00;90059.00;42028;48031;0.00;0.00;0;0
1423154314;eth0;51245744.00;50852572.00;102098320.00;50852573;51245744;47712.00;41745.00;89457.00;41745;47712;0.00;0.00;0;0
1423154314;total;51245744.00;50852572.00;102098320.00;50852573;51245744;47712.00;41745.00;89457.00;41745;47712;0.00;0.00;0;0
1423154315;eth0;51566656.00;51164456.00;102731112.00;51164455;51566657;48008.00;42003.00;90011.00;42003;48008;0.00;0.00;0;0
1423154315;total;51566656.00;51164456.00;102731112.00;51164455;51566657;48008.00;42003.00;90011.00;42003;48008;0.00;0.00;0;0
1423154316;eth0;51455012.00;51059676.00;102514688.00;51059676;51455012;47906.00;41916.00;89822.00;41916;47906;0.00;0.00;0;0
1423154316;total;51455012.00;51059676.00;102514688.00;51059676;51455012;47906.00;41916.00;89822.00;41916;47906;0.00;0.00;0;0
1423154317;eth0;51592500.00;51200664.00;102793160.00;51200662;51592500;48034.00;42032.00;90066.00;42032;48034;0.00;0.00;0;0
1423154317;total;51592500.00;51200664.00;102793160.00;51200662;51592500;48034.00;42032.00;90066.00;42032;48034;0.00;0.00;0;0
1423154318;eth0;51455012.00;51056640.00;102511648.00;51056640;51455012;47906.00;41913.00;89819.00;41913;47906;0.00;0.00;0;0
1423154318;total;51455012.00;51056640.00;102511648.00;51056640;51455012;47906.00;41913.00;89819.00;41913;47906;0.00;0.00;0;0
1423154319;eth0;51180036.00;50788328.00;101968368.00;50788330;51180036;47650.00;41694.00;89344.00;41694;47650;0.00;0.00;0;0
1423154319;total;51180036.00;50788328.00;101968368.00;50788330;51180036;47650.00;41694.00;89344.00;41694;47650;0.00;0.00;0;0
1423154320;eth0;51753312.00;51346560.00;103099872.00;51346558;51753310;48184.00;42151.00;90335.00;42151;48184;0.00;0.00;0;0
1423154320;total;51753312.00;51346560.00;103099872.00;51346558;51753310;48184.00;42151.00;90335.00;42151;48184;0.00;0.00;0;0
1423154321;eth0;53416672.00;53015396.00;106432064.00;53015395;53416673;49732.00;43522.00;93254.00;43522;49732;0.00;0.00;0;0
1423154321;total;53416672.00;53015396.00;106432064.00;53015395;53416673;49732.00;43522.00;93254.00;43522;49732;0.00;0.00;0;0
1423154322;eth0;51523756.00;51133384.00;102657136.00;51133383;51523756;47970.00;41976.00;89946.00;41976;47970;0.00;0.00;0;0
1423154322;total;51523756.00;51133384.00;102657136.00;51133383;51523756;47970.00;41976.00;89946.00;41976;47970;0.00;0.00;0;0
1423154323;eth0;51119884.00;50710068.00;101829952.00;50710069;51119885;47594.00;41629.00;89223.00;41629;47594;0.00;0.00;0;0
1423154323;total;51119884.00;50710068.00;101829952.00;50710069;51119885;47594.00;41629.00;89223.00;41629;47594;0.00;0.00;0;0
1423154324;eth0;51377740.00;51006060.00;102383800.00;51006059;51377739;47837.00;41871.00;89708.00;41871;47837;0.00;0.00;0;0
1423154324;total;51377740.00;51006060.00;102383800.00;51006059;51377739;47837.00;41871.00;89708.00;41871;47837;0.00;0.00;0;0
1423154325;eth0;51598572.00;51190036.00;102788608.00;51190036;51598572;48039.00;42024.00;90063.00;42024;48039;0.00;0.00;0;0
1423154325;total;51598572.00;51190036.00;102788608.00;51190036;51598572;48039.00;42024.00;90063.00;42024;48039;0.00;0.00;0;0
1423154326;eth0;51405912.00;51008512.00;102414424.00;51008514;51405911;47858.00;41874.00;89732.00;41874;47858;0.00;0.00;0;0
1423154326;total;51405912.00;51008512.00;102414424.00;51008514;51405911;47858.00;41874.00;89732.00;41874;47858;0.00;0.00;0;0
1423154327;eth0;51065872.00;50675960.00;101741832.00;50675961;51065870;47546.00;41601.00;89147.00;41601;47546;0.00;0.00;0;0
1423154327;total;51065872.00;50675960.00;101741832.00;50675961;51065870;47546.00;41601.00;89147.00;41601;47546;0.00;0.00;0;0
1423154328;eth0;51045004.00;50650380.00;101695384.00;50650380;51045005;47522.00;41580.00;89102.00;41580;47522;0.00;0.00;0;0
1423154328;total;51045004.00;50650380.00;101695384.00;50650380;51045005;47522.00;41580.00;89102.00;41580;47522;0.00;0.00;0;0
1423154329;eth0;51223064.00;50834000.00;102057064.00;50834001;51223065;47691.00;41730.00;89421.00;41730;47691;0.00;0.00;0;0
1423154329;total;51223064.00;50834000.00;102057064.00;50834001;51223065;47691.00;41730.00;89421.00;41730;47691;0.00;0.00;0;0
1423154330;eth0;51171380.00;50773732.00;101945112.00;50773731;51171379;47641.00;41682.00;89323.00;41682;47641;0.00;0.00;0;0
1423154330;total;51171380.00;50773732.00;101945112.00;50773731;51171379;47641.00;41682.00;89323.00;41682;47641;0.00;0.00;0;0
1423154331;eth0;50982396.00;50585200.00;101567600.00;50585200;50982397;47466.00;41527.00;88993.00;41527;47466;0.00;0.00;0;0
1423154331;total;50982396.00;50585200.00;101567600.00;50585200;50982397;47466.00;41527.00;88993.00;41527;47466;0.00;0.00;0;0
1423154332;eth0;50922248.00;50527968.00;101450208.00;50527966;50922246;47410.00;41479.00;88889.00;41479;47410;0.00;0.00;0;0
1423154332;total;50922248.00;50527968.00;101450208.00;50527966;50922246;47410.00;41479.00;88889.00;41479;47410;0.00;0.00;0;0
1423154333;eth0;50870688.00;50488368.00;101359056.00;50488367;50870688;47362.00;41447.00;88809.00;41447;47362;0.00;0.00;0;0
1423154333;total;50870688.00;50488368.00;101359056.00;50488367;50870688;47362.00;41447.00;88809.00;41447;47362;0.00;0.00;0;0
1423154334;eth0;51033956.00;50641852.00;101675808.00;50641853;51033955;47514.00;41573.00;89087.00;41573;47514;0.00;0.00;0;0
1423154334;total;51033956.00;50641852.00;101675808.00;50641853;51033955;47514.00;41573.00;89087.00;41573;47514;0.00;0.00;0;0
1423154335;eth0;51059736.00;50667432.00;101727168.00;50667434;51059734;47538.00;41594.00;89132.00;41594;47538;0.00;0.00;0;0
1423154335;total;51059736.00;50667432.00;101727168.00;50667434;51059734;47538.00;41594.00;89132.00;41594;47538;0.00;0.00;0;0
1423154336;eth0;50595712.00;50206976.00;100802688.00;50206976;50595712;47106.00;41216.00;88322.00;41216;47106;0.00;0.00;0;0
1423154336;total;50595712.00;50206976.00;100802688.00;50206976;50595712;47106.00;41216.00;88322.00;41216;47106;0.00;0.00;0;0
1423154337;eth0;51154256.00;50761232.00;101915488.00;50761231;51154257;47626.00;41671.00;89297.00;41671;47626;0.00;0.00;0;0
1423154337;total;51154256.00;50761232.00;101915488.00;50761231;51154257;47626.00;41671.00;89297.00;41671;47626;0.00;0.00;0;0
1423154338;eth0;51102764.00;50716140.00;101818904.00;50716141;51102763;47581.00;41633.00;89214.00;41633;47581;0.00;0.00;0;0
1423154338;total;51102764.00;50716140.00;101818904.00;50716141;51102763;47581.00;41633.00;89214.00;41633;47581;0.00;0.00;0;0
1423154339;eth0;50801880.00;50407072.00;101208952.00;50407070;50801880;47295.00;41382.00;88677.00;41382;47295;0.00;0.00;0;0
1423154339;total;50801880.00;50407072.00;101208952.00;50407070;50801880;47295.00;41382.00;88677.00;41382;47295;0.00;0.00;0;0
1423154340;eth0;50930904.00;50545600.00;101476504.00;50545601;50930903;47421.00;41492.00;88913.00;41492;47421;0.00;0.00;0;0
1423154340;total;50930904.00;50545600.00;101476504.00;50545601;50930903;47421.00;41492.00;88913.00;41492;47421;0.00;0.00;0;0
1423154341;eth0;51162784.00;50762168.00;101924952.00;50762168;51162786;47631.00;41673.00;89304.00;41673;47631;0.00;0.00;0;0
1423154341;total;51162784.00;50762168.00;101924952.00;50762168;51162786;47631.00;41673.00;89304.00;41673;47631;0.00;0.00;0;0
1423154342;eth0;51154256.00;50761232.00;101915488.00;50761231;51154257;47626.00;41671.00;89297.00;41671;47626;0.00;0.00;0;0
1423154342;total;51154256.00;50761232.00;101915488.00;50761231;51154257;47626.00;41671.00;89297.00;41671;47626;0.00;0.00;0;0
1423154343;eth0;51137072.00;50744176.00;101881248.00;50744177;51137071;47610.00;41657.00;89267.00;41657;47610;0.00;0.00;0;0
1423154343;total;51137072.00;50744176.00;101881248.00;50744177;51137071;47610.00;41657.00;89267.00;41657;47610;0.00;0.00;0;0
1423154344;eth0;51068328.00;50682032.00;101750360.00;50682033;51068327;47546.00;41605.00;89151.00;41605;47546;0.00;0.00;0;0
1423154344;total;51068328.00;50682032.00;101750360.00;50682033;51068327;47546.00;41605.00;89151.00;41605;47546;0.00;0.00;0;0
1423154345;eth0;51059736.00;50661360.00;101721096.00;50661362;51059734;47538.00;41590.00;89128.00;41590;47538;0.00;0.00;0;0
1423154345;total;51059736.00;50661360.00;101721096.00;50661362;51059734;47538.00;41590.00;89128.00;41590;47538;0.00;0.00;0;0
1423154346;eth0;51145664.00;50761232.00;101906896.00;50761231;51145664;47618.00;41671.00;89289.00;41671;47618;0.00;0.00;0;0
1423154346;total;51145664.00;50761232.00;101906896.00;50761231;51145664;47618.00;41671.00;89289.00;41671;47618;0.00;0.00;0;0
1423154347;eth0;51119884.00;50721632.00;101841520.00;50721632;51119885;47594.00;41638.00;89232.00;41638;47594;0.00;0.00;0;0
1423154347;total;51119884.00;50721632.00;101841520.00;50721632;51119885;47594.00;41638.00;89232.00;41638;47594;0.00;0.00;0;0
1423154348;eth0;51177580.00;50783776.00;101961352.00;50783776;51177579;47648.00;41690.00;89338.00;41690;47648;0.00;0.00;0;0
1423154348;total;51177580.00;50783776.00;101961352.00;50783776;51177579;47648.00;41690.00;89338.00;41690;47648;0.00;0.00;0;0
1423154349;eth0;51122344.00;50730160.00;101852504.00;50730159;51122342;47596.00;41645.00;89241.00;41645;47596;0.00;0.00;0;0
1423154349;total;51122344.00;50730160.00;101852504.00;50730159;51122342;47596.00;41645.00;89241.00;41645;47596;0.00;0.00;0;0
1423154350;eth0;51059736.00;50664400.00;101724128.00;50664398;51059734;47538.00;41592.00;89130.00;41592;47538;0.00;0.00;0;0
1423154350;total;51059736.00;50664400.00;101724128.00;50664398;51059734;47538.00;41592.00;89130.00;41592;47538;0.00;0.00;0;0
1423154351;eth0;51326116.00;50931772.00;102257888.00;50931771;51326117;47786.00;41811.00;89597.00;41811;47786;0.00;0.00;0;0
1423154351;total;51326116.00;50931772.00;102257888.00;50931771;51326117;47786.00;41811.00;89597.00;41811;47786;0.00;0.00;0;0
1423154352;eth0;51208916.00;50820920.00;102029832.00;50820920;51208915;47678.00;41720.00;89398.00;41720;47678;0.00;0.00;0;0
1423154352;total;51208916.00;50820920.00;102029832.00;50820920;51208915;47678.00;41720.00;89398.00;41720;47678;0.00;0.00;0;0
1423154353;eth0;51168344.00;50769760.00;101938104.00;50769758;51168343;47638.00;41678.00;89316.00;41678;47638;0.00;0.00;0;0
1423154353;total;51168344.00;50769760.00;101938104.00;50769758;51168343;47638.00;41678.00;89316.00;41678;47638;0.00;0.00;0;0
1423154354;eth0;51583972.00;51204636.00;102788608.00;51204635;51583971;48029.00;42035.00;90064.00;42035;48029;0.00;0.00;0;0
1423154354;total;51583972.00;51204636.00;102788608.00;51204635;51583971;48029.00;42035.00;90064.00;42035;48029;0.00;0.00;0;0
