1421943686;eth0;4626824.00;14054382.00;18681206.00;14054382;4626824;3295.00;9969.00;13264.00;9969;3295;0.00;0.00;0;0
1421943686;total;4626824.00;14054382.00;18681206.00;14054382;4626824;3295.00;9969.00;13264.00;9969;3295;0.00;0.00;0;0
1421943687;eth0;23019954.00;69115408.00;92135368.00;69115412;23019954;16332.00;49009.00;65341.00;49009;16332;0.00;0.00;0;0
1421943687;total;23019954.00;69115408.00;92135368.00;69115412;23019954;16332.00;49009.00;65341.00;49009;16332;0.00;0.00;0;0
1421943688;eth0;23721884.00;71184056.00;94905936.00;71184054;23721885;16830.00;50477.00;67307.00;50477;16830;0.00;0.00;0;0
1421943688;total;23721884.00;71184056.00;94905936.00;71184054;23721885;16830.00;50477.00;67307.00;50477;16830;0.00;0.00;0;0
1421943689;eth0;23620400.00;70938008.00;94558408.00;70938010;23620401;16758.00;50301.00;67059.00;50301;16758;0.00;0.00;0;0
1421943689;total;23620400.00;70938008.00;94558408.00;70938010;23620401;16758.00;50301.00;67059.00;50301;16758;0.00;0.00;0;0
1421943690;eth0;22994584.00;69024728.00;92019312.00;69024726;22994583;16314.00;48945.00;65259.00;48945;16314;0.00;0.00;0;0
1421943690;total;22994584.00;69024728.00;92019312.00;69024726;22994583;16314.00;48945.00;65259.00;48945;16314;0.00;0.00;0;0
1421943691;eth0;23296650.00;69906288.00;93202944.00;69906292;23296650;16530.00;49570.00;66100.00;49570;16530;0.00;0.00;0;0
1421943691;total;23296650.00;69906288.00;93202944.00;69906292;23296650;16530.00;49570.00;66100.00;49570;16530;0.00;0.00;0;0
1421943692;eth0;23343704.00;70075536.00;93419240.00;70075532;23343705;16560.00;49690.00;66250.00;49690;16560;0.00;0.00;0;0
1421943692;total;23343704.00;70075536.00;93419240.00;70075532;23343705;16560.00;49690.00;66250.00;49690;16560;0.00;0.00;0;0
1421943693;eth0;23282120.00;69884816.00;93166936.00;69884814;23282121;16518.00;49555.00;66073.00;49555;16518;0.00;0.00;0;0
1421943693;total;23282120.00;69884816.00;93166936.00;69884814;23282121;16518.00;49555.00;66073.00;49555;16518;0.00;0.00;0;0
1421943694;eth0;23569660.00;70776360.00;94346016.00;70776360;23569659;16722.00;50187.00;66909.00;50187;16722;0.00;0.00;0;0
1421943694;total;23569660.00;70776360.00;94346016.00;70776360;23569659;16722.00;50187.00;66909.00;50187;16722;0.00;0.00;0;0
1421943695;eth0;23087610.00;69281624.00;92369232.00;69281622;23087610;16380.00;49127.00;65507.00;49127;16380;0.00;0.00;0;0
1421943695;total;23087610.00;69281624.00;92369232.00;69281622;23087610;16380.00;49127.00;65507.00;49127;16380;0.00;0.00;0;0
1421943696;eth0;23239836.00;69783272.00;93023104.00;69783270;23239836;16488.00;49483.00;65971.00;49483;16488;0.00;0.00;0;0
1421943696;total;23239836.00;69783272.00;93023104.00;69783270;23239836;16488.00;49483.00;65971.00;49483;16488;0.00;0.00;0;0
1421943697;eth0;22893100.00;68720096.00;91613192.00;68720094;22893099;16242.00;48729.00;64971.00;48729;16242;0.00;0.00;0;0
1421943697;total;22893100.00;68720096.00;91613192.00;68720094;22893099;16242.00;48729.00;64971.00;48729;16242;0.00;0.00;0;0
1421943698;eth0;23206008.00;69643968.00;92849976.00;69643970;23206008;16464.00;49384.00;65848.00;49384;16464;0.00;0.00;0;0
1421943698;total;23206008.00;69643968.00;92849976.00;69643970;23206008;16464.00;49384.00;65848.00;49384;16464;0.00;0.00;0;0
1421943699;eth0;22865344.00;68621584.00;91486928.00;68621586;22865343;16224.00;48660.00;64884.00;48660;16224;0.00;0.00;0;0
1421943699;total;22865344.00;68621584.00;91486928.00;68621586;22865343;16224.00;48660.00;64884.00;48660;16224;0.00;0.00;0;0
1421943700;eth0;22878570.00;68698616.00;91577184.00;68698616;22878570;16230.00;48714.00;64944.00;48714;16230;0.00;0.00;0;0
1421943700;total;22878570.00;68698616.00;91577184.00;68698616;22878570;16230.00;48714.00;64944.00;48714;16230;0.00;0.00;0;0
1421943701;eth0;23172180.00;69557832.00;92730016.00;69557832;23172180;16440.00;49322.00;65762.00;49322;16440;0.00;0.00;0;0
1421943701;total;23172180.00;69557832.00;92730016.00;69557832;23172180;16440.00;49322.00;65762.00;49322;16440;0.00;0.00;0;0
1421943702;eth0;23146808.00;69477768.00;92624576.00;69477766;23146809;16422.00;49266.00;65688.00;49266;16422;0.00;0.00;0;0
1421943702;total;23146808.00;69477768.00;92624576.00;69477766;23146809;16422.00;49266.00;65688.00;49266;16422;0.00;0.00;0;0
1421943703;eth0;23290578.00;69925608.00;93216184.00;69925606;23290578;16524.00;49584.00;66108.00;49584;16524;0.00;0.00;0;0
1421943703;total;23290578.00;69925608.00;93216184.00;69925606;23290578;16524.00;49584.00;66108.00;49584;16524;0.00;0.00;0;0
1421943704;eth0;23189094.00;69596232.00;92785328.00;69596234;23189094;16452.00;49350.00;65802.00;49350;16452;0.00;0.00;0;0
1421943704;total;23189094.00;69596232.00;92785328.00;69596234;23189094;16452.00;49350.00;65802.00;49350;16452;0.00;0.00;0;0
1421943705;eth0;24229304.00;72743456.00;96972760.00;72743452;24229305;17190.00;51582.00;68772.00;51582;17190;0.00;0.00;0;0
1421943705;total;24229304.00;72743456.00;96972760.00;72743452;24229305;17190.00;51582.00;68772.00;51582;17190;0.00;0.00;0;0
1421943706;eth0;22943840.00;68855488.00;91799328.00;68855486;22943841;16278.00;48825.00;65103.00;48825;16278;0.00;0.00;0;0
1421943706;total;22943840.00;68855488.00;91799328.00;68855486;22943841;16278.00;48825.00;65103.00;48825;16278;0.00;0.00;0;0
1421943707;eth0;22969212.00;68954640.00;91923856.00;68954640;22969212;16296.00;48895.00;65191.00;48895;16296;0.00;0.00;0;0
1421943707;total;22969212.00;68954640.00;91923856.00;68954640;22969212;16296.00;48895.00;65191.00;48895;16296;0.00;0.00;0;0
1421943708;eth0;22876184.00;68670840.00;91547024.00;68670840;22876185;16230.00;48694.00;64924.00;48694;16230;0.00;0.00;0;0
1421943708;total;22876184.00;68670840.00;91547024.00;68670840;22876185;16230.00;48694.00;64924.00;48694;16230;0.00;0.00;0;0
1421943709;eth0;23087610.00;69278584.00;92366192.00;69278586;23087610;16380.00;49125.00;65505.00;49125;16380;0.00;0.00;0;0
1421943709;total;23087610.00;69278584.00;92366192.00;69278586;23087610;16380.00;49125.00;65505.00;49125;16380;0.00;0.00;0;0
1421943710;eth0;23161338.00;69538616.00;92699952.00;69538614;23161338;16434.00;49306.00;65740.00;49306;16434;0.00;0.00;0;0
1421943710;total;23161338.00;69538616.00;92699952.00;69538614;23161338;16434.00;49306.00;65740.00;49306;16434;0.00;0.00;0;0
1421943711;eth0;23070696.00;69254160.00;92324856.00;69254158;23070696;16367.00;49096.00;65463.00;49096;16367;0.00;0.00;0;0
1421943711;total;23070696.00;69254160.00;92324856.00;69254158;23070696;16367.00;49096.00;65463.00;49096;16367;0.00;0.00;0;0
1421943712;eth0;23073080.00;69318832.00;92391912.00;69318834;23073081;16369.00;49142.00;65511.00;49142;16369;0.00;0.00;0;0
1421943712;total;23073080.00;69318832.00;92391912.00;69318834;23073081;16369.00;49142.00;65511.00;49142;16369;0.00;0.00;0;0
1421943713;eth0;23087610.00;69285624.00;92373232.00;69285622;23087610;16380.00;49119.00;65499.00;49119;16380;0.00;0.00;0;0
1421943713;total;23087610.00;69285624.00;92373232.00;69285622;23087610;16380.00;49119.00;65499.00;49119;16380;0.00;0.00;0;0
1421943714;eth0;23112980.00;69398920.00;92511904.00;69398920;23112981;16398.00;49198.00;65596.00;49198;16398;0.00;0.00;0;0
1421943714;total;23112980.00;69398920.00;92511904.00;69398920;23112981;16398.00;49198.00;65596.00;49198;16398;0.00;0.00;0;0
1421943715;eth0;23730342.00;71282480.00;95012824.00;71282482;23730342;16836.00;50534.00;67370.00;50534;16836;0.00;0.00;0;0
1421943715;total;23730342.00;71282480.00;95012824.00;71282482;23730342;16836.00;50534.00;67370.00;50534;16836;0.00;0.00;0;0
1421943716;eth0;24127820.00;72422728.00;96550552.00;72422730;24127821;17118.00;51342.00;68460.00;51342;17118;0.00;0.00;0;0
1421943716;total;24127820.00;72422728.00;96550552.00;72422730;24127821;17118.00;51342.00;68460.00;51342;17118;0.00;0.00;0;0
1421943717;eth0;23468176.00;70458440.00;93926616.00;70458438;23468175;16650.00;49950.00;66600.00;49950;16650;0.00;0.00;0;0
1421943717;total;23468176.00;70458440.00;93926616.00;70458438;23468175;16650.00;49950.00;66600.00;49950;16650;0.00;0.00;0;0
1421943718;eth0;23079152.00;69299512.00;92378664.00;69299514;23079153;16374.00;49128.00;65502.00;49128;16374;0.00;0.00;0;0
1421943718;total;23079152.00;69299512.00;92378664.00;69299514;23079153;16374.00;49128.00;65502.00;49128;16374;0.00;0.00;0;0
1421943719;eth0;22833900.00;68554040.00;91387936.00;68554038;22833900;16200.00;48600.00;64800.00;48600;16200;0.00;0.00;0;0
1421943719;total;22833900.00;68554040.00;91387936.00;68554038;22833900;16200.00;48600.00;64800.00;48600;16200;0.00;0.00;0;0
1421943720;eth0;22757788.00;68330064.00;91087848.00;68330064;22757787;16146.00;48441.00;64587.00;48441;16146;0.00;0.00;0;0
1421943720;total;22757788.00;68330064.00;91087848.00;68330064;22757787;16146.00;48441.00;64587.00;48441;16146;0.00;0.00;0;0
1421943721;eth0;23045324.00;69218784.00;92264112.00;69218784;23045325;16350.00;49071.00;65421.00;49071;16350;0.00;0.00;0;0
1421943721;total;23045324.00;69218784.00;92264112.00;69218784;23045325;16350.00;49071.00;65421.00;49071;16350;0.00;0.00;0;0
1421943722;eth0;23070696.00;69235712.00;92306408.00;69235712;23070696;16368.00;49083.00;65451.00;49083;16368;0.00;0.00;0;0
1421943722;total;23070696.00;69235712.00;92306408.00;69235712;23070696;16368.00;49083.00;65451.00;49083;16368;0.00;0.00;0;0
1421943723;eth0;22867728.00;68694016.00;91561744.00;68694016;22867728;16224.00;48699.00;64923.00;48699;16224;0.00;0.00;0;0
1421943723;total;22867728.00;68694016.00;91561744.00;68694016;22867728;16224.00;48699.00;64923.00;48699;16224;0.00;0.00;0;0
1421943724;eth0;22842356.00;68570096.00;91412448.00;68570092;22842357;16206.00;48611.00;64817.00;48611;16206;0.00;0.00;0;0
1421943724;total;22842356.00;68570096.00;91412448.00;68570092;22842357;16206.00;48611.00;64817.00;48611;16206;0.00;0.00;0;0
1421943725;eth0;23028412.00;69156496.00;92184912.00;69156500;23028411;16338.00;49027.00;65365.00;49027;16338;0.00;0.00;0;0
1421943725;total;23028412.00;69156496.00;92184912.00;69156500;23028411;16338.00;49027.00;65365.00;49027;16338;0.00;0.00;0;0
1421943726;eth0;23189094.00;69577312.00;92766400.00;69577308;23189094;16452.00;49325.00;65777.00;49325;16452;0.00;0.00;0;0
1421943726;total;23189094.00;69577312.00;92766400.00;69577308;23189094;16452.00;49325.00;65777.00;49325;16452;0.00;0.00;0;0
1421943727;eth0;23070696.00;69317312.00;92388016.00;69317316;23070696;16368.00;49141.00;65509.00;49141;16368;0.00;0.00;0;0
1421943727;total;23070696.00;69317312.00;92388016.00;69317316;23070696;16368.00;49141.00;65509.00;49141;16368;0.00;0.00;0;0
1421943728;eth0;23104524.00;69371136.00;92475664.00;69371136;23104524;16392.00;49179.00;65571.00;49179;16392;0.00;0.00;0;0
1421943728;total;23104524.00;69371136.00;92475664.00;69371136;23104524;16392.00;49179.00;65571.00;49179;16392;0.00;0.00;0;0
1421943729;eth0;23375148.00;70179768.00;93554920.00;70179770;23375148;16584.00;49752.00;66336.00;49752;16584;0.00;0.00;0;0
1421943729;total;23375148.00;70179768.00;93554920.00;70179770;23375148;16584.00;49752.00;66336.00;49752;16584;0.00;0.00;0;0
1421943730;eth0;23239836.00;69758960.00;92998800.00;69758962;23239836;16488.00;49454.00;65942.00;49454;16488;0.00;0.00;0;0
1421943730;total;23239836.00;69758960.00;92998800.00;69758962;23239836;16488.00;49454.00;65942.00;49454;16488;0.00;0.00;0;0
1421943731;eth0;22859272.00;68616320.00;91475592.00;68616322;22859271;16218.00;48645.00;64863.00;48645;16218;0.00;0.00;0;0
1421943731;total;22859272.00;68616320.00;91475592.00;68616322;22859271;16218.00;48645.00;64863.00;48645;16218;0.00;0.00;0;0
1421943732;eth0;23070696.00;69264144.00;92334832.00;69264140;23070696;16368.00;49102.00;65470.00;49102;16368;0.00;0.00;0;0
1421943732;total;23070696.00;69264144.00;92334832.00;69264140;23070696;16368.00;49102.00;65470.00;49102;16368;0.00;0.00;0;0
1421943733;eth0;23045324.00;69239624.00;92284944.00;69239622;23045325;16350.00;49086.00;65436.00;49086;16350;0.00;0.00;0;0
1421943733;total;23045324.00;69239624.00;92284944.00;69239622;23045325;16350.00;49086.00;65436.00;49086;16350;0.00;0.00;0;0
1421943734;eth0;23087610.00;69294960.00;92382568.00;69294960;23087610;16380.00;49125.00;65505.00;49125;16380;0.00;0.00;0;0
1421943734;total;23087610.00;69294960.00;92382568.00;69294960;23087610;16380.00;49125.00;65505.00;49125;16380;0.00;0.00;0;0
1421943735;eth0;22867728.00;68685552.00;91553280.00;68685552;22867728;16224.00;48693.00;64917.00;48693;16224;0.00;0.00;0;0
1421943735;total;22867728.00;68685552.00;91553280.00;68685552;22867728;16224.00;48693.00;64917.00;48693;16224;0.00;0.00;0;0
1421943736;eth0;22960756.00;68934048.00;91894800.00;68934044;22960755;16290.00;48870.00;65160.00;48870;16290;0.00;0.00;0;0
1421943736;total;22960756.00;68934048.00;91894800.00;68934044;22960755;16290.00;48870.00;65160.00;48870;16290;0.00;0.00;0;0
1421943737;eth0;23011496.00;69073376.00;92084872.00;69073378;23011497;16326.00;48967.00;65293.00;48967;16326;0.00;0.00;0;0
1421943737;total;23011496.00;69073376.00;92084872.00;69073378;23011497;16326.00;48967.00;65293.00;48967;16326;0.00;0.00;0;0
1421943738;eth0;22935384.00;68880224.00;91815608.00;68880224;22935384;16272.00;48831.00;65103.00;48831;16272;0.00;0.00;0;0
1421943738;total;22935384.00;68880224.00;91815608.00;68880224;22935384;16272.00;48831.00;65103.00;48831;16272;0.00;0.00;0;0
1421943739;eth0;23096068.00;69330336.00;92426400.00;69330334;23096067;16386.00;49150.00;65536.00;49150;16386;0.00;0.00;0;0
1421943739;total;23096068.00;69330336.00;92426400.00;69330334;23096067;16386.00;49150.00;65536.00;49150;16386;0.00;0.00;0;0
1421943740;eth0;23003040.00;69080320.00;92083360.00;69080324;23003040;16320.00;48973.00;65293.00;48973;16320;0.00;0.00;0;0
1421943740;total;23003040.00;69080320.00;92083360.00;69080324;23003040;16320.00;48973.00;65293.00;48973;16320;0.00;0.00;0;0
1421943741;eth0;22732416.00;68256928.00;90989344.00;68256924;22732416;16128.00;48389.00;64517.00;48389;16128;0.00;0.00;0;0
1421943741;total;22732416.00;68256928.00;90989344.00;68256924;22732416;16128.00;48389.00;64517.00;48389;16128;0.00;0.00;0;0
1421943742;eth0;22842356.00;68558592.00;91400952.00;68558592;22842357;16206.00;48604.00;64810.00;48604;16206;0.00;0.00;0;0
1421943742;total;22842356.00;68558592.00;91400952.00;68558592;22842357;16206.00;48604.00;64810.00;48604;16206;0.00;0.00;0;0
1421943743;eth0;23138352.00;69494184.00;92632536.00;69494186;23138352;16416.00;49265.00;65681.00;49265;16416;0.00;0.00;0;0
1421943743;total;23138352.00;69494184.00;92632536.00;69494186;23138352;16416.00;49265.00;65681.00;49265;16416;0.00;0.00;0;0
1421943744;eth0;22842356.00;68584856.00;91427216.00;68584858;22842357;16206.00;48622.00;64828.00;48622;16206;0.00;0.00;0;0
1421943744;total;22842356.00;68584856.00;91427216.00;68584858;22842357;16206.00;48622.00;64828.00;48622;16206;0.00;0.00;0;0
1421943745;eth0;22867728.00;68660160.00;91527888.00;68660160;22867728;16224.00;48676.00;64900.00;48676;16224;0.00;0.00;0;0
1421943745;total;22867728.00;68660160.00;91527888.00;68660160;22867728;16224.00;48676.00;64900.00;48676;16224;0.00;0.00;0;0
1421943746;eth0;23086744.00;69286496.00;92373240.00;69286496;23086743;16380.00;49118.00;65498.00;49118;16380;0.00;0.00;0;0
1421943746;total;23086744.00;69286496.00;92373240.00;69286496;23086743;16380.00;49118.00;65498.00;49118;16380;0.00;0.00;0;0
1421943747;eth0;22843224.00;68602432.00;91445656.00;68602430;22843224;16206.00;48634.00;64840.00;48634;16206;0.00;0.00;0;0
1421943747;total;22843224.00;68602432.00;91445656.00;68602430;22843224;16206.00;48634.00;64840.00;48634;16206;0.00;0.00;0;0
1421943748;eth0;22774700.00;68389312.00;91164016.00;68389312;22774701;16158.00;48483.00;64641.00;48483;16158;0.00;0.00;0;0
1421943748;total;22774700.00;68389312.00;91164016.00;68389312;22774701;16158.00;48483.00;64641.00;48483;16158;0.00;0.00;0;0
1421943749;eth0;23104524.00;69335760.00;92440288.00;69335762;23104524;16392.00;49154.00;65546.00;49154;16392;0.00;0.00;0;0
1421943749;total;23104524.00;69335760.00;92440288.00;69335762;23104524;16392.00;49154.00;65546.00;49154;16392;0.00;0.00;0;0
1421943750;eth0;23611944.00;70926120.00;94538064.00;70926120;23611944;16752.00;50281.00;67033.00;50281;16752;0.00;0.00;0;0
1421943750;total;23611944.00;70926120.00;94538064.00;70926120;23611944;16752.00;50281.00;67033.00;50281;16752;0.00;0.00;0;0
1421943751;eth0;23561202.00;70747728.00;94308936.00;70747732;23561202;16716.00;50155.00;66871.00;50155;16716;0.00;0.00;0;0
1421943751;total;23561202.00;70747728.00;94308936.00;70747732;23561202;16716.00;50155.00;66871.00;50155;16716;0.00;0.00;0;0
1421943752;eth0;24483016.00;73520016.00;98003032.00;73520014;24483015;17370.00;52121.00;69491.00;52121;17370;0.00;0.00;0;0
1421943752;total;24483016.00;73520016.00;98003032.00;73520014;24483015;17370.00;52121.00;69491.00;52121;17370;0.00;0.00;0;0
1421943753;eth0;23112980.00;69393488.00;92506472.00;69393492;23112981;16398.00;49194.00;65592.00;49194;16398;0.00;0.00;0;0
1421943753;total;23112980.00;69393488.00;92506472.00;69393492;23112981;16398.00;49194.00;65592.00;49194;16398;0.00;0.00;0;0
1421943754;eth0;23070696.00;69257192.00;92327888.00;69257194;23070696;16368.00;49098.00;65466.00;49098;16368;0.00;0.00;0;0
1421943754;total;23070696.00;69257192.00;92327888.00;69257194;23070696;16368.00;49098.00;65466.00;49098;16368;0.00;0.00;0;0
1421943755;eth0;23087610.00;69328816.00;92416424.00;69328816;23087610;16380.00;49150.00;65530.00;49150;16380;0.00;0.00;0;0
1421943755;total;23087610.00;69328816.00;92416424.00;69328816;23087610;16380.00;49150.00;65530.00;49150;16380;0.00;0.00;0;0
1421943756;eth0;23028412.00;69153464.00;92181872.00;69153464;23028411;16338.00;49024.00;65362.00;49024;16338;0.00;0.00;0;0
1421943756;total;23028412.00;69153464.00;92181872.00;69153464;23028411;16338.00;49024.00;65362.00;49024;16338;0.00;0.00;0;0
1421943757;eth0;22986126.00;69004792.00;91990920.00;69004792;22986126;16308.00;48919.00;65227.00;48919;16308;0.00;0.00;0;0
1421943757;total;22986126.00;69004792.00;91990920.00;69004792;22986126;16308.00;48919.00;65227.00;48919;16308;0.00;0.00;0;0
1421943758;eth0;22986126.00;69018040.00;92004168.00;69018040;22986126;16308.00;48930.00;65238.00;48930;16308;0.00;0.00;0;0
1421943758;total;22986126.00;69018040.00;92004168.00;69018040;22986126;16308.00;48930.00;65238.00;48930;16308;0.00;0.00;0;0
1421943759;eth0;23011496.00;69093344.00;92104840.00;69093342;23011497;16326.00;48981.00;65307.00;48981;16326;0.00;0.00;0;0
1421943759;total;23011496.00;69093344.00;92104840.00;69093342;23011497;16326.00;48981.00;65307.00;48981;16326;0.00;0.00;0;0
1421943760;eth0;23119052.00;69411936.00;92530992.00;69411938;23119053;16404.00;49208.00;65612.00;49208;16404;0.00;0.00;0;0
1421943760;total;23119052.00;69411936.00;92530992.00;69411938;23119053;16404.00;49208.00;65612.00;49208;16404;0.00;0.00;0;0
1421943761;eth0;22903940.00;68763248.00;91667184.00;68763246;22903941;16248.00;48748.00;64996.00;48748;16248;0.00;0.00;0;0
1421943761;total;22903940.00;68763248.00;91667184.00;68763246;22903941;16248.00;48748.00;64996.00;48748;16248;0.00;0.00;0;0
1421943762;eth0;22986126.00;69031056.00;92017184.00;69031058;22986126;16308.00;48938.00;65246.00;48938;16308;0.00;0.00;0;0
1421943762;total;22986126.00;69031056.00;92017184.00;69031058;22986126;16308.00;48938.00;65246.00;48938;16308;0.00;0.00;0;0
1421943763;eth0;22808528.00;68482416.00;91290944.00;68482416;22808529;16182.00;48549.00;64731.00;48549;16182;0.00;0.00;0;0
1421943763;total;22808528.00;68482416.00;91290944.00;68482416;22808529;16182.00;48549.00;64731.00;48549;16182;0.00;0.00;0;0
1421943764;eth0;23112980.00;69364192.00;92477168.00;69364190;23112981;16398.00;49174.00;65572.00;49174;16398;0.00;0.00;0;0
1421943764;total;23112980.00;69364192.00;92477168.00;69364190;23112981;16398.00;49174.00;65572.00;49174;16398;0.00;0.00;0;0
1421943765;eth0;23146808.00;69499616.00;92646424.00;69499614;23146809;16422.00;49270.00;65692.00;49270;16422;0.00;0.00;0;0
1421943765;total;23146808.00;69499616.00;92646424.00;69499614;23146809;16422.00;49270.00;65692.00;49270;16422;0.00;0.00;0;0
1421943766;eth0;22986126.00;69027152.00;92013272.00;69027148;22986126;16308.00;48935.00;65243.00;48935;16308;0.00;0.00;0;0
1421943766;total;22986126.00;69027152.00;92013272.00;69027148;22986126;16308.00;48935.00;65243.00;48935;16308;0.00;0.00;0;0
1421943767;eth0;22774700.00;68387792.00;91162496.00;68387794;22774701;16158.00;48482.00;64640.00;48482;16158;0.00;0.00;0;0
1421943767;total;22774700.00;68387792.00;91162496.00;68387794;22774701;16158.00;48482.00;64640.00;48482;16158;0.00;0.00;0;0
1421943768;eth0;23019954.00;69129592.00;92149544.00;69129590;23019954;16332.00;49008.00;65340.00;49008;16332;0.00;0.00;0;0
1421943768;total;23019954.00;69129592.00;92149544.00;69129590;23019954;16332.00;49008.00;65340.00;49008;16332;0.00;0.00;0;0
1421943769;eth0;22774700.00;68380848.00;91155552.00;68380848;22774701;16158.00;48477.00;64635.00;48477;16158;0.00;0.00;0;0
1421943769;total;22774700.00;68380848.00;91155552.00;68380848;22774701;16158.00;48477.00;64635.00;48477;16158;0.00;0.00;0;0
1421943770;eth0;22732416.00;68246064.00;90978480.00;68246068;22732416;16128.00;48382.00;64510.00;48382;16128;0.00;0.00;0;0
1421943770;total;22732416.00;68246064.00;90978480.00;68246068;22732416;16128.00;48382.00;64510.00;48382;16128;0.00;0.00;0;0
1421943771;eth0;22842356.00;68591808.00;91434160.00;68591804;22842357;16206.00;48626.00;64832.00;48626;16206;0.00;0.00;0;0
1421943771;total;22842356.00;68591808.00;91434160.00;68591804;22842357;16206.00;48626.00;64832.00;48626;16206;0.00;0.00;0;0
1421943772;eth0;22850814.00;68600912.00;91451728.00;68600912;22850814;16212.00;48633.00;64845.00;48633;16212;0.00;0.00;0;0
1421943772;total;22850814.00;68600912.00;91451728.00;68600912;22850814;16212.00;48633.00;64845.00;48633;16212;0.00;0.00;0;0
1421943773;eth0;22800072.00;68448560.00;91248632.00;68448560;22800072;16176.00;48525.00;64701.00;48525;16176;0.00;0.00;0;0
1421943773;total;22800072.00;68448560.00;91248632.00;68448560;22800072;16176.00;48525.00;64701.00;48525;16176;0.00;0.00;0;0
1421943774;eth0;22749330.00;68307712.00;91057040.00;68307708;22749330;16140.00;48425.00;64565.00;48425;16140;0.00;0.00;0;0
1421943774;total;22749330.00;68307712.00;91057040.00;68307708;22749330;16140.00;48425.00;64565.00;48425;16140;0.00;0.00;0;0
1421943775;eth0;22723960.00;68220032.00;90943992.00;68220032;22723959;16122.00;48364.00;64486.00;48364;16122;0.00;0.00;0;0
1421943775;total;22723960.00;68220032.00;90943992.00;68220032;22723959;16122.00;48364.00;64486.00;48364;16122;0.00;0.00;0;0
1421943776;eth0;22783158.00;68428592.00;91211752.00;68428596;22783158;16164.00;48510.00;64674.00;48510;16164;0.00;0.00;0;0
1421943776;total;22783158.00;68428592.00;91211752.00;68428596;22783158;16164.00;48510.00;64674.00;48510;16164;0.00;0.00;0;0
1421943777;eth0;22825444.00;68533200.00;91358640.00;68533200;22825443;16194.00;48585.00;64779.00;48585;16194;0.00;0.00;0;0
1421943777;total;22825444.00;68533200.00;91358640.00;68533200;22825443;16194.00;48585.00;64779.00;48585;16194;0.00;0.00;0;0
1421943778;eth0;22791616.00;68426208.00;91217816.00;68426204;22791615;16170.00;48509.00;64679.00;48509;16170;0.00;0.00;0;0
1421943778;total;22791616.00;68426208.00;91217816.00;68426204;22791615;16170.00;48509.00;64679.00;48509;16170;0.00;0.00;0;0
1421943779;eth0;22749330.00;68310096.00;91059432.00;68310100;22749330;16140.00;48427.00;64567.00;48427;16140;0.00;0.00;0;0
1421943779;total;22749330.00;68310096.00;91059432.00;68310100;22749330;16140.00;48427.00;64567.00;48427;16140;0.00;0.00;0;0
1421943780;eth0;22952298.00;68903224.00;91855520.00;68903224;22952298;16284.00;48847.00;65131.00;48847;16284;0.00;0.00;0;0
1421943780;total;22952298.00;68903224.00;91855520.00;68903224;22952298;16284.00;48847.00;65131.00;48847;16284;0.00;0.00;0;0
1421943781;eth0;22842356.00;68594840.00;91437200.00;68594840;22842357;16206.00;48629.00;64835.00;48629;16206;0.00;0.00;0;0
1421943781;total;22842356.00;68594840.00;91437200.00;68594840;22842357;16206.00;48629.00;64835.00;48629;16206;0.00;0.00;0;0
1421943782;eth0;22825444.00;68522344.00;91347784.00;68522344;22825443;16194.00;48577.00;64771.00;48577;16194;0.00;0.00;0;0
1421943782;total;22825444.00;68522344.00;91347784.00;68522344;22825443;16194.00;48577.00;64771.00;48577;16194;0.00;0.00;0;0
1421943783;eth0;22732416.00;68247816.00;90980232.00;68247816;22732416;16128.00;48383.00;64511.00;48383;16128;0.00;0.00;0;0
1421943783;total;22732416.00;68247816.00;90980232.00;68247816;22732416;16128.00;48383.00;64511.00;48383;16128;0.00;0.00;0;0
1421943784;eth0;22723960.00;68228496.00;90952456.00;68228496;22723959;16122.00;48369.00;64491.00;48369;16122;0.00;0.00;0;0
1421943784;total;22723960.00;68228496.00;90952456.00;68228496;22723959;16122.00;48369.00;64491.00;48369;16122;0.00;0.00;0;0
1421943785;eth0;22808528.00;68490880.00;91299408.00;68490880;22808529;16182.00;48555.00;64737.00;48555;16182;0.00;0.00;0;0
1421943785;total;22808528.00;68490880.00;91299408.00;68490880;22808529;16182.00;48555.00;64737.00;48555;16182;0.00;0.00;0;0
1421943786;eth0;22766244.00;68310744.00;91076992.00;68310744;22766244;16152.00;48428.00;64580.00;48428;16152;0.00;0.00;0;0
1421943786;total;22766244.00;68310744.00;91076992.00;68310744;22766244;16152.00;48428.00;64580.00;48428;16152;0.00;0.00;0;0
1421943787;eth0;22714636.00;68239352.00;90953984.00;68239352;22714635;16116.00;48376.00;64492.00;48376;16116;0.00;0.00;0;0
1421943787;total;22714636.00;68239352.00;90953984.00;68239352;22714635;16116.00;48376.00;64492.00;48376;16116;0.00;0.00;0;0
1421943788;eth0;22741740.00;68270816.00;91012560.00;68270816;22741740;16134.00;48399.00;64533.00;48399;16134;0.00;0.00;0;0
1421943788;total;22741740.00;68270816.00;91012560.00;68270816;22741740;16134.00;48399.00;64533.00;48399;16134;0.00;0.00;0;0
1421943789;eth0;22656304.00;68050752.00;90707056.00;68050752;22656303;16074.00;48243.00;64317.00;48243;16074;0.00;0.00;0;0
1421943789;total;22656304.00;68050752.00;90707056.00;68050752;22656303;16074.00;48243.00;64317.00;48243;16074;0.00;0.00;0;0
1421943790;eth0;23172180.00;69557344.00;92729520.00;69557344;23172180;16440.00;49311.00;65751.00;49311;16440;0.00;0.00;0;0
1421943790;total;23172180.00;69557344.00;92729520.00;69557344;23172180;16440.00;49311.00;65751.00;49311;16440;0.00;0.00;0;0
1421943791;eth0;22723960.00;68245424.00;90969384.00;68245424;22723959;16122.00;48381.00;64503.00;48381;16122;0.00;0.00;0;0
1421943791;total;22723960.00;68245424.00;90969384.00;68245424;22723959;16122.00;48381.00;64503.00;48381;16122;0.00;0.00;0;0
1421943792;eth0;22774700.00;68380848.00;91155552.00;68380848;22774701;16158.00;48477.00;64635.00;48477;16158;0.00;0.00;0;0
1421943792;total;22774700.00;68380848.00;91155552.00;68380848;22774701;16158.00;48477.00;64635.00;48477;16158;0.00;0.00;0;0
1421943793;eth0;22783158.00;68395384.00;91178544.00;68395384;22783158;16164.00;48487.00;64651.00;48487;16164;0.00;0.00;0;0
1421943793;total;22783158.00;68395384.00;91178544.00;68395384;22783158;16164.00;48487.00;64651.00;48487;16164;0.00;0.00;0;0
1421943794;eth0;22757788.00;68315528.00;91073312.00;68315528;22757787;16146.00;48431.00;64577.00;48431;16146;0.00;0.00;0;0
1421943794;total;22757788.00;68315528.00;91073312.00;68315528;22757787;16146.00;48431.00;64577.00;48431;16146;0.00;0.00;0;0
1421943795;eth0;22842356.00;68598520.00;91440880.00;68598520;22842357;16206.00;48631.00;64837.00;48631;16206;0.00;0.00;0;0
1421943795;total;22842356.00;68598520.00;91440880.00;68598520;22842357;16206.00;48631.00;64837.00;48631;16206;0.00;0.00;0;0
1421943796;eth0;22833900.00;68558592.00;91392496.00;68558592;22833900;16200.00;48603.00;64803.00;48603;16200;0.00;0.00;0;0
1421943796;total;22833900.00;68558592.00;91392496.00;68558592;22833900;16200.00;48603.00;64803.00;48603;16200;0.00;0.00;0;0
1421943797;eth0;22850814.00;68620232.00;91471048.00;68620232;22850814;16212.00;48647.00;64859.00;48647;16212;0.00;0.00;0;0
1421943797;total;22850814.00;68620232.00;91471048.00;68620232;22850814;16212.00;48647.00;64859.00;48647;16212;0.00;0.00;0;0
1421943798;eth0;22766244.00;68336136.00;91102384.00;68336136;22766244;16152.00;48445.00;64597.00;48445;16152;0.00;0.00;0;0
1421943798;total;22766244.00;68336136.00;91102384.00;68336136;22766244;16152.00;48445.00;64597.00;48445;16152;0.00;0.00;0;0
1421943799;eth0;22740872.00;68267776.00;91008656.00;68267780;22740873;16134.00;48397.00;64531.00;48397;16134;0.00;0.00;0;0
1421943799;total;22740872.00;68267776.00;91008656.00;68267780;22740873;16134.00;48397.00;64531.00;48397;16134;0.00;0.00;0;0
1421943800;eth0;22698588.00;68145376.00;90843960.00;68145374;22698588;16104.00;48310.00;64414.00;48310;16104;0.00;0.00;0;0
1421943800;total;22698588.00;68145376.00;90843960.00;68145374;22698588;16104.00;48310.00;64414.00;48310;16104;0.00;0.00;0;0
1421943801;eth0;22738488.00;68267776.00;91006272.00;68267780;22738488;16134.00;48397.00;64531.00;48397;16134;0.00;0.00;0;0
1421943801;total;22738488.00;68267776.00;91006272.00;68267780;22738488;16134.00;48397.00;64531.00;48397;16134;0.00;0.00;0;0
1421943802;eth0;22853200.00;68656248.00;91509448.00;68656250;22853199;16212.00;48672.00;64884.00;48672;16212;0.00;0.00;0;0
1421943802;total;22853200.00;68656248.00;91509448.00;68656250;22853199;16212.00;48672.00;64884.00;48672;16212;0.00;0.00;0;0
1421943803;eth0;22740872.00;68281672.00;91022544.00;68281672;22740873;16134.00;48407.00;64541.00;48407;16134;0.00;0.00;0;0
1421943803;total;22740872.00;68281672.00;91022544.00;68281672;22740873;16134.00;48407.00;64541.00;48407;16134;0.00;0.00;0;0
1421943804;eth0;23036868.00;69148680.00;92185552.00;69148680;23036868;16344.00;49021.00;65365.00;49021;16344;0.00;0.00;0;0
1421943804;total;23036868.00;69148680.00;92185552.00;69148680;23036868;16344.00;49021.00;65365.00;49021;16344;0.00;0.00;0;0
1421943805;eth0;23654228.00;71040936.00;94695168.00;71040936;23654229;16782.00;50363.00;67145.00;50363;16782;0.00;0.00;0;0
1421943805;total;23654228.00;71040936.00;94695168.00;71040936;23654229;16782.00;50363.00;67145.00;50363;16782;0.00;0.00;0;0
1421943806;eth0;23172180.00;69565808.00;92737984.00;69565808;23172180;16440.00;49317.00;65757.00;49317;16440;0.00;0.00;0;0
1421943806;total;23172180.00;69565808.00;92737984.00;69565808;23172180;16440.00;49317.00;65757.00;49317;16440;0.00;0.00;0;0
1421943807;eth0;23848740.00;71610184.00;95458928.00;71610186;23848740;16920.00;50767.00;67687.00;50767;16920;0.00;0.00;0;0
1421943807;total;23848740.00;71610184.00;95458928.00;71610186;23848740;16920.00;50767.00;67687.00;50767;16920;0.00;0.00;0;0
1421943808;eth0;24246220.00;72802968.00;97049184.00;72802966;24246219;17202.00;51611.00;68813.00;51611;17202;0.00;0.00;0;0
1421943808;total;24246220.00;72802968.00;97049184.00;72802966;24246219;17202.00;51611.00;68813.00;51611;17202;0.00;0.00;0;0
1421943809;eth0;23366692.00;70154376.00;93521072.00;70154378;23366691;16578.00;49734.00;66312.00;49734;16578;0.00;0.00;0;0
1421943809;total;23366692.00;70154376.00;93521072.00;70154378;23366691;16578.00;49734.00;66312.00;49734;16578;0.00;0.00;0;0
1421943810;eth0;22935384.00;68850280.00;91785664.00;68850278;22935384;16272.00;48810.00;65082.00;48810;16272;0.00;0.00;0;0
1421943810;total;22935384.00;68850280.00;91785664.00;68850278;22935384;16272.00;48810.00;65082.00;48810;16272;0.00;0.00;0;0
1421943811;eth0;23053782.00;69218784.00;92272568.00;69218784;23053782;16356.00;49071.00;65427.00;49071;16356;0.00;0.00;0;0
1421943811;total;23053782.00;69218784.00;92272568.00;69218784;23053782;16356.00;49071.00;65427.00;49071;16356;0.00;0.00;0;0
1421943812;eth0;23053782.00;69231800.00;92285584.00;69231802;23053782;16356.00;49080.00;65436.00;49080;16356;0.00;0.00;0;0
1421943812;total;23053782.00;69231800.00;92285584.00;69231802;23053782;16356.00;49080.00;65436.00;49080;16356;0.00;0.00;0;0
1421943813;eth0;23028412.00;69146520.00;92174928.00;69146518;23028411;16338.00;49020.00;65358.00;49020;16338;0.00;0.00;0;0
1421943813;total;23028412.00;69146520.00;92174928.00;69146518;23028411;16338.00;49020.00;65358.00;49020;16338;0.00;0.00;0;0
1421943814;eth0;23017568.00;69070984.00;92088552.00;69070986;23017569;16330.00;48967.00;65297.00;48967;16330;0.00;0.00;0;0
1421943814;total;23017568.00;69070984.00;92088552.00;69070986;23017569;16330.00;48967.00;65297.00;48967;16330;0.00;0.00;0;0
1421943815;eth0;22810914.00;68503256.00;91314168.00;68503254;22810914;16184.00;48563.00;64747.00;48563;16184;0.00;0.00;0;0
1421943815;total;22810914.00;68503256.00;91314168.00;68503254;22810914;16184.00;48563.00;64747.00;48563;16184;0.00;0.00;0;0
1421943816;eth0;22876184.00;68697056.00;91573240.00;68697052;22876185;16230.00;48701.00;64931.00;48701;16230;0.00;0.00;0;0
1421943816;total;22876184.00;68697056.00;91573240.00;68697052;22876185;16230.00;48701.00;64931.00;48701;16230;0.00;0.00;0;0
1421943817;eth0;23197552.00;69625056.00;92822608.00;69625056;23197551;16458.00;49359.00;65817.00;49359;16458;0.00;0.00;0;0
1421943817;total;23197552.00;69625056.00;92822608.00;69625056;23197551;16458.00;49359.00;65817.00;49359;16458;0.00;0.00;0;0
1421943818;eth0;23129896.00;69471184.00;92601080.00;69471186;23129895;16410.00;49250.00;65660.00;49250;16410;0.00;0.00;0;0
1421943818;total;23129896.00;69471184.00;92601080.00;69471186;23129895;16410.00;49250.00;65660.00;49250;16410;0.00;0.00;0;0
1421943819;eth0;22842356.00;68599392.00;91441752.00;68599394;22842357;16206.00;48632.00;64838.00;48632;16206;0.00;0.00;0;0
1421943819;total;22842356.00;68599392.00;91441752.00;68599394;22842357;16206.00;48632.00;64838.00;48632;16206;0.00;0.00;0;0
1421943820;eth0;23197552.00;69626576.00;92824128.00;69626574;23197551;16458.00;49360.00;65818.00;49360;16458;0.00;0.00;0;0
1421943820;total;23197552.00;69626576.00;92824128.00;69626574;23197551;16458.00;49360.00;65818.00;49360;16458;0.00;0.00;0;0
1421943821;eth0;23163724.00;69572752.00;92736480.00;69572754;23163723;16434.00;49322.00;65756.00;49322;16434;0.00;0.00;0;0
1421943821;total;23163724.00;69572752.00;92736480.00;69572754;23163723;16434.00;49322.00;65756.00;49322;16434;0.00;0.00;0;0
1421943822;eth0;23087610.00;69320352.00;92407960.00;69320352;23087610;16380.00;49143.00;65523.00;49143;16380;0.00;0.00;0;0
1421943822;total;23087610.00;69320352.00;92407960.00;69320352;23087610;16380.00;49143.00;65523.00;49143;16380;0.00;0.00;0;0
1421943823;eth0;23036868.00;69157144.00;92194016.00;69157144;23036868;16344.00;49027.00;65371.00;49027;16344;0.00;0.00;0;0
1421943823;total;23036868.00;69157144.00;92194016.00;69157144;23036868;16344.00;49027.00;65371.00;49027;16344;0.00;0.00;0;0
1421943824;eth0;23112980.00;69388064.00;92501048.00;69388064;23112981;16398.00;49191.00;65589.00;49191;16398;0.00;0.00;0;0
1421943824;total;23112980.00;69388064.00;92501048.00;69388064;23112981;16398.00;49191.00;65589.00;49191;16398;0.00;0.00;0;0
1421943825;eth0;23036868.00;69138056.00;92174920.00;69138054;23036868;16344.00;49015.00;65359.00;49015;16344;0.00;0.00;0;0
1421943825;total;23036868.00;69138056.00;92174920.00;69138054;23036868;16344.00;49015.00;65359.00;49015;16344;0.00;0.00;0;0
1421943826;eth0;23070696.00;69313408.00;92384104.00;69313406;23070696;16368.00;49137.00;65505.00;49137;16368;0.00;0.00;0;0
1421943826;total;23070696.00;69313408.00;92384104.00;69313406;23070696;16368.00;49137.00;65505.00;49137;16368;0.00;0.00;0;0
1421943827;eth0;23197552.00;69655872.00;92853424.00;69655876;23197551;16458.00;49381.00;65839.00;49381;16458;0.00;0.00;0;0
1421943827;total;23197552.00;69655872.00;92853424.00;69655876;23197551;16458.00;49381.00;65839.00;49381;16458;0.00;0.00;0;0
1421943828;eth0;22707044.00;68159912.00;90866952.00;68159910;22707045;16110.00;48320.00;64430.00;48320;16110;0.00;0.00;0;0
1421943828;total;22707044.00;68159912.00;90866952.00;68159910;22707045;16110.00;48320.00;64430.00;48320;16110;0.00;0.00;0;0
1421943829;eth0;22791616.00;68415576.00;91207192.00;68415578;22791615;16170.00;48502.00;64672.00;48502;16170;0.00;0.00;0;0
1421943829;total;22791616.00;68415576.00;91207192.00;68415578;22791615;16170.00;48502.00;64672.00;48502;16170;0.00;0.00;0;0
1421943830;eth0;23053782.00;69252640.00;92306424.00;69252640;23053782;16356.00;49095.00;65451.00;49095;16356;0.00;0.00;0;0
1421943830;total;23053782.00;69252640.00;92306424.00;69252640;23053782;16356.00;49095.00;65451.00;49095;16356;0.00;0.00;0;0
1421943831;eth0;22823058.00;68490880.00;91313936.00;68490880;22823058;16193.00;48555.00;64748.00;48555;16193;0.00;0.00;0;0
1421943831;total;22823058.00;68490880.00;91313936.00;68490880;22823058;16193.00;48555.00;64748.00;48555;16193;0.00;0.00;0;0
1421943832;eth0;23233764.00;69780448.00;93014208.00;69780444;23233764;16483.00;49469.00;65952.00;49469;16483;0.00;0.00;0;0
1421943832;total;23233764.00;69780448.00;93014208.00;69780444;23233764;16483.00;49469.00;65952.00;49469;16483;0.00;0.00;0;0
1421943833;eth0;23096068.00;69350296.00;92446368.00;69350298;23096067;16386.00;49165.00;65551.00;49165;16386;0.00;0.00;0;0
1421943833;total;23096068.00;69350296.00;92446368.00;69350298;23096067;16386.00;49165.00;65551.00;49165;16386;0.00;0.00;0;0
1421943834;eth0;22749330.00;68314008.00;91063344.00;68314010;22749330;16140.00;48429.00;64569.00;48429;16140;0.00;0.00;0;0
1421943834;total;22749330.00;68314008.00;91063344.00;68314010;22749330;16140.00;48429.00;64569.00;48429;16140;0.00;0.00;0;0
1421943835;eth0;22681674.00;68101536.00;90783208.00;68101536;22681674;16092.00;48279.00;64371.00;48279;16092;0.00;0.00;0;0
1421943835;total;22681674.00;68101536.00;90783208.00;68101536;22681674;16092.00;48279.00;64371.00;48279;16092;0.00;0.00;0;0
1421943836;eth0;22783158.00;68406240.00;91189400.00;68406240;22783158;16164.00;48495.00;64659.00;48495;16164;0.00;0.00;0;0
1421943836;total;22783158.00;68406240.00;91189400.00;68406240;22783158;16164.00;48495.00;64659.00;48495;16164;0.00;0.00;0;0
1421943837;eth0;22628548.00;67932256.00;90560800.00;67932256;22628547;16056.00;48159.00;64215.00;48159;16056;0.00;0.00;0;0
1421943837;total;22628548.00;67932256.00;90560800.00;67932256;22628547;16056.00;48159.00;64215.00;48159;16056;0.00;0.00;0;0
1421943838;eth0;22996968.00;69066432.00;92063400.00;69066432;22996968;16314.00;48963.00;65277.00;48963;16314;0.00;0.00;0;0
1421943838;total;22996968.00;69066432.00;92063400.00;69066432;22996968;16314.00;48963.00;65277.00;48963;16314;0.00;0.00;0;0
1421943839;eth0;23070696.00;69261104.00;92331800.00;69261104;23070696;16368.00;49101.00;65469.00;49101;16368;0.00;0.00;0;0
1421943839;total;23070696.00;69261104.00;92331800.00;69261104;23070696;16368.00;49101.00;65469.00;49101;16368;0.00;0.00;0;0
1421943840;eth0;23206008.00;69650448.00;92856456.00;69650448;23206008;16464.00;49377.00;65841.00;49377;16464;0.00;0.00;0;0
1421943840;total;23206008.00;69650448.00;92856456.00;69650448;23206008;16464.00;49377.00;65841.00;49377;16464;0.00;0.00;0;0
1421943841;eth0;22893100.00;68736336.00;91629432.00;68736336;22893099;16242.00;48729.00;64971.00;48729;16242;0.00;0.00;0;0
1421943841;total;22893100.00;68736336.00;91629432.00;68736336;22893099;16242.00;48729.00;64971.00;48729;16242;0.00;0.00;0;0
1421943842;eth0;24322332.00;73052976.00;97375312.00;73052976;24322332;17256.00;51789.00;69045.00;51789;17256;0.00;0.00;0;0
1421943842;total;24322332.00;73052976.00;97375312.00;73052976;24322332;17256.00;51789.00;69045.00;51789;17256;0.00;0.00;0;0
1421943843;eth0;23261304.00;69832744.00;93094048.00;69832746;23261304;16503.00;49506.00;66009.00;49506;16503;0.00;0.00;0;0
1421943843;total;23261304.00;69832744.00;93094048.00;69832746;23261304;16503.00;49506.00;66009.00;49506;16503;0.00;0.00;0;0
1421943844;eth0;24064068.00;72261272.00;96325336.00;72261270;24064068;17073.00;51228.00;68301.00;51228;17073;0.00;0.00;0;0
1421943844;total;24064068.00;72261272.00;96325336.00;72261270;24064068;17073.00;51228.00;68301.00;51228;17073;0.00;0.00;0;0
1421943845;eth0;24263132.00;72849840.00;97112976.00;72849840;24263133;17214.00;51645.00;68859.00;51645;17214;0.00;0.00;0;0
1421943845;total;24263132.00;72849840.00;97112976.00;72849840;24263133;17214.00;51645.00;68859.00;51645;17214;0.00;0.00;0;0
1421943846;eth0;22918470.00;68812512.00;91730984.00;68812512;22918470;16260.00;48783.00;65043.00;48783;16260;0.00;0.00;0;0
1421943846;total;22918470.00;68812512.00;91730984.00;68812512;22918470;16260.00;48783.00;65043.00;48783;16260;0.00;0.00;0;0
1421943847;eth0;23011496.00;69082488.00;92093984.00;69082486;23011497;16326.00;48974.00;65300.00;48974;16326;0.00;0.00;0;0
1421943847;total;23011496.00;69082488.00;92093984.00;69082486;23011497;16326.00;48974.00;65300.00;48974;16326;0.00;0.00;0;0
1421943848;eth0;22876184.00;68675568.00;91551752.00;68675570;22876185;16230.00;48686.00;64916.00;48686;16230;0.00;0.00;0;0
1421943848;total;22876184.00;68675568.00;91551752.00;68675570;22876185;16230.00;48686.00;64916.00;48686;16230;0.00;0.00;0;0
1421943849;eth0;22977668.00;68992648.00;91970320.00;68992648;22977669;16302.00;48911.00;65213.00;48911;16302;0.00;0.00;0;0
1421943849;total;22977668.00;68992648.00;91970320.00;68992648;22977669;16302.00;48911.00;65213.00;48911;16302;0.00;0.00;0;0
1421943850;eth0;22893100.00;68753264.00;91646360.00;68753264;22893099;16242.00;48741.00;64983.00;48741;16242;0.00;0.00;0;0
1421943850;total;22893100.00;68753264.00;91646360.00;68753264;22893099;16242.00;48741.00;64983.00;48741;16242;0.00;0.00;0;0
1421943851;eth0;22749330.00;68266904.00;91016240.00;68266906;22749330;16140.00;48396.00;64536.00;48396;16140;0.00;0.00;0;0
1421943851;total;22749330.00;68266904.00;91016240.00;68266906;22749330;16140.00;48396.00;64536.00;48396;16140;0.00;0.00;0;0
1421943852;eth0;22969212.00;68993296.00;91962504.00;68993292;22969212;16296.00;48911.00;65207.00;48911;16296;0.00;0.00;0;0
1421943852;total;22969212.00;68993296.00;91962504.00;68993292;22969212;16296.00;48911.00;65207.00;48911;16296;0.00;0.00;0;0
1421943853;eth0;22766244.00;68330064.00;91096304.00;68330064;22766244;16152.00;48441.00;64593.00;48441;16152;0.00;0.00;0;0
1421943853;total;22766244.00;68330064.00;91096304.00;68330064;22766244;16152.00;48441.00;64593.00;48441;16152;0.00;0.00;0;0
1421943854;eth0;22674736.00;68116944.00;90791680.00;68116946;22674735;16087.00;48290.00;64377.00;48290;16087;0.00;0.00;0;0
1421943854;total;22674736.00;68116944.00;90791680.00;68116946;22674735;16087.00;48290.00;64377.00;48290;16087;0.00;0.00;0;0
1421943855;eth0;22840840.00;68555616.00;91396456.00;68555620;22840839;16205.00;48603.00;64808.00;48603;16205;0.00;0.00;0;0
1421943855;total;22840840.00;68555616.00;91396456.00;68555620;22840839;16205.00;48603.00;64808.00;48603;16205;0.00;0.00;0;0
1421943856;eth0;22842356.00;68592448.00;91434808.00;68592448;22842357;16206.00;48626.00;64832.00;48626;16206;0.00;0.00;0;0
1421943856;total;22842356.00;68592448.00;91434808.00;68592448;22842357;16206.00;48626.00;64832.00;48626;16206;0.00;0.00;0;0
1421943857;eth0;22850814.00;68623264.00;91474080.00;68623268;22850814;16212.00;48649.00;64861.00;48649;16212;0.00;0.00;0;0
1421943857;total;22850814.00;68623264.00;91474080.00;68623268;22850814;16212.00;48649.00;64861.00;48649;16212;0.00;0.00;0;0
1421943858;eth0;22749330.00;68304672.00;91054000.00;68304672;22749330;16140.00;48423.00;64563.00;48423;16140;0.00;0.00;0;0
1421943858;total;22749330.00;68304672.00;91054000.00;68304672;22749330;16140.00;48423.00;64563.00;48423;16140;0.00;0.00;0;0
1421943859;eth0;22969212.00;68964864.00;91934080.00;68964864;22969212;16296.00;48891.00;65187.00;48891;16296;0.00;0.00;0;0
1421943859;total;22969212.00;68964864.00;91934080.00;68964864;22969212;16296.00;48891.00;65187.00;48891;16296;0.00;0.00;0;0
1421943860;eth0;23180636.00;69575792.00;92756424.00;69575790;23180637;16446.00;49324.00;65770.00;49324;16446;0.00;0.00;0;0
1421943860;total;23180636.00;69575792.00;92756424.00;69575790;23180637;16446.00;49324.00;65770.00;49324;16446;0.00;0.00;0;0
1421943861;eth0;22872282.00;68688592.00;91560872.00;68688588;22872282;16228.00;48696.00;64924.00;48696;16228;0.00;0.00;0;0
1421943861;total;22872282.00;68688592.00;91560872.00;68688588;22872282;16228.00;48696.00;64924.00;48696;16228;0.00;0.00;0;0
1421943862;eth0;23049228.00;69184928.00;92234160.00;69184928;23049228;16352.00;49046.00;65398.00;49046;16352;0.00;0.00;0;0
1421943862;total;23049228.00;69184928.00;92234160.00;69184928;23049228;16352.00;49046.00;65398.00;49046;16352;0.00;0.00;0;0
1421943863;eth0;23189094.00;69612040.00;92801136.00;69612038;23189094;16452.00;49350.00;65802.00;49350;16452;0.00;0.00;0;0
1421943863;total;23189094.00;69612040.00;92801136.00;69612038;23189094;16452.00;49350.00;65802.00;49350;16452;0.00;0.00;0;0
1421943864;eth0;23349776.00;70147432.00;93497208.00;70147432;23349777;16566.00;49729.00;66295.00;49729;16566;0.00;0.00;0;0
1421943864;total;23349776.00;70147432.00;93497208.00;70147432;23349777;16566.00;49729.00;66295.00;49729;16566;0.00;0.00;0;0
1421943865;eth0;23586572.00;70811536.00;94398104.00;70811534;23586573;16734.00;50201.00;66935.00;50201;16734;0.00;0.00;0;0
1421943865;total;23586572.00;70811536.00;94398104.00;70811534;23586573;16734.00;50201.00;66935.00;50201;16734;0.00;0.00;0;0
1421943866;eth0;24694440.00;74154168.00;98848608.00;74154170;24694440;17520.00;52569.00;70089.00;52569;17520;0.00;0.00;0;0
1421943866;total;24694440.00;74154168.00;98848608.00;74154170;24694440;17520.00;52569.00;70089.00;52569;17520;0.00;0.00;0;0
1421943867;eth0;24187020.00;72621312.00;96808336.00;72621312;24187020;17160.00;51483.00;68643.00;51483;17160;0.00;0.00;0;0
1421943867;total;24187020.00;72621312.00;96808336.00;72621312;24187020;17160.00;51483.00;68643.00;51483;17160;0.00;0.00;0;0
1421943868;eth0;23468176.00;70462992.00;93931168.00;70462992;23468175;16650.00;49953.00;66603.00;49953;16650;0.00;0.00;0;0
1421943868;total;23468176.00;70462992.00;93931168.00;70462992;23468175;16650.00;49953.00;66603.00;49953;16650;0.00;0.00;0;0
1421943869;eth0;23992508.00;71996496.00;95989000.00;71996494;23992509;17022.00;51040.00;68062.00;51040;17022;0.00;0.00;0;0
1421943869;total;23992508.00;71996496.00;95989000.00;71996494;23992509;17022.00;51040.00;68062.00;51040;17022;0.00;0.00;0;0
1421943870;eth0;22749330.00;68345472.00;91094800.00;68345474;22749330;16140.00;48452.00;64592.00;48452;16140;0.00;0.00;0;0
1421943870;total;22749330.00;68345472.00;91094800.00;68345474;22749330;16140.00;48452.00;64592.00;48452;16140;0.00;0.00;0;0
1421943871;eth0;23068312.00;69252640.00;92320952.00;69252640;23068311;16367.00;49095.00;65462.00;49095;16367;0.00;0.00;0;0
1421943871;total;23068312.00;69252640.00;92320952.00;69252640;23068311;16367.00;49095.00;65462.00;49095;16367;0.00;0.00;0;0
1421943872;eth0;23165240.00;69525008.00;92690248.00;69525006;23165241;16435.00;49288.00;65723.00;49288;16435;0.00;0.00;0;0
1421943872;total;23165240.00;69525008.00;92690248.00;69525006;23165241;16435.00;49288.00;65723.00;49288;16435;0.00;0.00;0;0
1421943873;eth0;24094860.00;72358928.00;96453792.00;72358928;24094860;17094.00;51297.00;68391.00;51297;17094;0.00;0.00;0;0
1421943873;total;24094860.00;72358928.00;96453792.00;72358928;24094860;17094.00;51297.00;68391.00;51297;17094;0.00;0.00;0;0
1421943874;eth0;23028412.00;69154112.00;92182520.00;69154108;23028411;16338.00;49025.00;65363.00;49025;16338;0.00;0.00;0;0
1421943874;total;23028412.00;69154112.00;92182520.00;69154108;23028411;16338.00;49025.00;65363.00;49025;16338;0.00;0.00;0;0
1421943875;eth0;22994584.00;69027152.00;92021728.00;69027148;22994583;16314.00;48936.00;65250.00;48936;16314;0.00;0.00;0;0
1421943875;total;22994584.00;69027152.00;92021728.00;69027148;22994583;16314.00;48936.00;65250.00;48936;16314;0.00;0.00;0;0
1421943876;eth0;22808528.00;68514752.00;91323280.00;68514754;22808529;16182.00;48571.00;64753.00;48571;16182;0.00;0.00;0;0
1421943876;total;22808528.00;68514752.00;91323280.00;68514754;22808529;16182.00;48571.00;64753.00;48571;16182;0.00;0.00;0;0
1421943877;eth0;22994584.00;69014128.00;92008712.00;69014130;22994583;16314.00;48927.00;65241.00;48927;16314;0.00;0.00;0;0
1421943877;total;22994584.00;69014128.00;92008712.00;69014130;22994583;16314.00;48927.00;65241.00;48927;16314;0.00;0.00;0;0
1421943878;eth0;22959888.00;68915600.00;91875488.00;68915598;22959888;16290.00;48856.00;65146.00;48856;16290;0.00;0.00;0;0
1421943878;total;22959888.00;68915600.00;91875488.00;68915598;22959888;16290.00;48856.00;65146.00;48856;16290;0.00;0.00;0;0
1421943879;eth0;23612812.00;70939368.00;94552176.00;70939368;23612811;16752.00;50290.00;67042.00;50290;16752;0.00;0.00;0;0
1421943879;total;23612812.00;70939368.00;94552176.00;70939368;23612811;16752.00;50290.00;67042.00;50290;16752;0.00;0.00;0;0
1421943880;eth0;23096068.00;69311016.00;92407080.00;69311014;23096067;16386.00;49136.00;65522.00;49136;16386;0.00;0.00;0;0
1421943880;total;23096068.00;69311016.00;92407080.00;69311014;23096067;16386.00;49136.00;65522.00;49136;16386;0.00;0.00;0;0
1421943881;eth0;23096068.00;69339672.00;92435736.00;69339672;23096067;16386.00;49158.00;65544.00;49158;16386;0.00;0.00;0;0
1421943881;total;23096068.00;69339672.00;92435736.00;69339672;23096067;16386.00;49158.00;65544.00;49158;16386;0.00;0.00;0;0
1421943882;eth0;23104524.00;69392616.00;92497144.00;69392618;23104524;16392.00;49193.00;65585.00;49193;16392;0.00;0.00;0;0
1421943882;total;23104524.00;69392616.00;92497144.00;69392618;23104524;16392.00;49193.00;65585.00;49193;16392;0.00;0.00;0;0
1421943883;eth0;23100620.00;69373528.00;92474152.00;69373528;23100621;16390.00;49181.00;65571.00;49181;16390;0.00;0.00;0;0
1421943883;total;23100620.00;69373528.00;92474152.00;69373528;23100621;16390.00;49181.00;65571.00;49181;16390;0.00;0.00;0;0
1421943884;eth0;22930830.00;68835512.00;91766344.00;68835512;22930830;16268.00;48799.00;65067.00;48799;16268;0.00;0.00;0;0
1421943884;total;22930830.00;68835512.00;91766344.00;68835512;22930830;16268.00;48799.00;65067.00;48799;16268;0.00;0.00;0;0
1421943885;eth0;23197552.00;69661304.00;92858856.00;69661304;23197551;16458.00;49385.00;65843.00;49385;16458;0.00;0.00;0;0
1421943885;total;23197552.00;69661304.00;92858856.00;69661304;23197551;16458.00;49385.00;65843.00;49385;16458;0.00;0.00;0;0
1421943886;eth0;23129896.00;69434936.00;92564832.00;69434938;23129895;16410.00;49224.00;65634.00;49224;16410;0.00;0.00;0;0
1421943886;total;23129896.00;69434936.00;92564832.00;69434938;23129895;16410.00;49224.00;65634.00;49224;16410;0.00;0.00;0;0
1421943887;eth0;23036868.00;69188840.00;92225704.00;69188838;23036868;16344.00;49050.00;65394.00;49050;16344;0.00;0.00;0;0
1421943887;total;23036868.00;69188840.00;92225704.00;69188838;23036868;16344.00;49050.00;65394.00;49050;16344;0.00;0.00;0;0
1421943888;eth0;22952298.00;68914080.00;91866376.00;68914080;22952298;16284.00;48855.00;65139.00;48855;16284;0.00;0.00;0;0
1421943888;total;22952298.00;68914080.00;91866376.00;68914080;22952298;16284.00;48855.00;65139.00;48855;16284;0.00;0.00;0;0
1421943889;eth0;24068622.00;72253448.00;96322072.00;72253450;24068622;17076.00;51222.00;68298.00;51222;17076;0.00;0.00;0;0
1421943889;total;24068622.00;72253448.00;96322072.00;72253450;24068622;17076.00;51222.00;68298.00;51222;17076;0.00;0.00;0;0
1421943890;eth0;23941768.00;71884944.00;95826712.00;71884944;23941767;16986.00;50962.00;67948.00;50962;16986;0.00;0.00;0;0
1421943890;total;23941768.00;71884944.00;95826712.00;71884944;23941767;16986.00;50962.00;67948.00;50962;16986;0.00;0.00;0;0
1421943891;eth0;23408976.00;70271360.00;93680336.00;70271356;23408976;16608.00;49817.00;66425.00;49817;16608;0.00;0.00;0;0
1421943891;total;23408976.00;70271360.00;93680336.00;70271356;23408976;16608.00;49817.00;66425.00;49817;16608;0.00;0.00;0;0
1421943892;eth0;24043252.00;72215912.00;96259168.00;72215914;24043251;17058.00;51195.00;68253.00;51195;17058;0.00;0.00;0;0
1421943892;total;24043252.00;72215912.00;96259168.00;72215914;24043251;17058.00;51195.00;68253.00;51195;17058;0.00;0.00;0;0
1421943893;eth0;23383604.00;70183680.00;93567288.00;70183680;23383605;16590.00;49755.00;66345.00;49755;16590;0.00;0.00;0;0
1421943893;total;23383604.00;70183680.00;93567288.00;70183680;23383605;16590.00;49755.00;66345.00;49755;16590;0.00;0.00;0;0
1421943894;eth0;23112980.00;69413456.00;92526440.00;69413456;23112981;16398.00;49209.00;65607.00;49209;16398;0.00;0.00;0;0
1421943894;total;23112980.00;69413456.00;92526440.00;69413456;23112981;16398.00;49209.00;65607.00;49209;16398;0.00;0.00;0;0
1421943895;eth0;23172180.00;69568848.00;92741024.00;69568844;23172180;16440.00;49319.00;65759.00;49319;16440;0.00;0.00;0;0
1421943895;total;23172180.00;69568848.00;92741024.00;69568844;23172180;16440.00;49319.00;65759.00;49319;16440;0.00;0.00;0;0
1421943896;eth0;23112980.00;69404992.00;92517976.00;69404992;23112981;16398.00;49203.00;65601.00;49203;16398;0.00;0.00;0;0
1421943896;total;23112980.00;69404992.00;92517976.00;69404992;23112981;16398.00;49203.00;65601.00;49203;16398;0.00;0.00;0;0
1421943897;eth0;0.00;0.00;0.00;0;0;0.00;0.00;0.00;0;0;0.00;0.00;0;0
1421943897;total;0.00;0.00;0.00;0;0;0.00;0.00;0.00;0;0;0.00;0.00;0;0
1421943898;eth0;23840284.00;71583280.00;95423560.00;71583276;23840283;16914.00;50747.00;67661.00;50747;16914;0.00;0.00;0;0
1421943898;total;23840284.00;71583280.00;95423560.00;71583276;23840283;16914.00;50747.00;67661.00;50747;16914;0.00;0.00;0;0
1421943899;eth0;23256750.00;69787392.00;93044144.00;69787390;23256750;16500.00;49474.00;65974.00;49474;16500;0.00;0.00;0;0
1421943899;total;23256750.00;69787392.00;93044144.00;69787390;23256750;16500.00;49474.00;65974.00;49474;16500;0.00;0.00;0;0
1421943900;eth0;22918470.00;68830312.00;91748784.00;68830314;22918470;16260.00;48796.00;65056.00;48796;16260;0.00;0.00;0;0
1421943900;total;22918470.00;68830312.00;91748784.00;68830314;22918470;16260.00;48796.00;65056.00;48796;16260;0.00;0.00;0;0
1421943901;eth0;23019954.00;69142608.00;92162560.00;69142608;23019954;16332.00;49017.00;65349.00;49017;16332;0.00;0.00;0;0
1421943901;total;23019954.00;69142608.00;92162560.00;69142608;23019954;16332.00;49017.00;65349.00;49017;16332;0.00;0.00;0;0
1421943902;eth0;23011496.00;69041040.00;92052536.00;69041040;23011497;16326.00;48946.00;65272.00;48946;16326;0.00;0.00;0;0
1421943902;total;23011496.00;69041040.00;92052536.00;69041040;23011497;16326.00;48946.00;65272.00;48946;16326;0.00;0.00;0;0
1421943903;eth0;22867728.00;68694016.00;91561744.00;68694016;22867728;16224.00;48698.00;64922.00;48698;16224;0.00;0.00;0;0
1421943903;total;22867728.00;68694016.00;91561744.00;68694016;22867728;16224.00;48698.00;64922.00;48698;16224;0.00;0.00;0;0
1421943904;eth0;22880740.00;68677088.00;91557824.00;68677088;22880739;16234.00;48688.00;64922.00;48688;16234;0.00;0.00;0;0
1421943904;total;22880740.00;68677088.00;91557824.00;68677088;22880739;16234.00;48688.00;64922.00;48688;16234;0.00;0.00;0;0
1421943905;eth0;23091512.00;69358760.00;92450272.00;69358762;23091513;16382.00;49169.00;65551.00;49169;16382;0.00;0.00;0;0
1421943905;total;23091512.00;69358760.00;92450272.00;69358762;23091513;16382.00;49169.00;65551.00;49169;16382;0.00;0.00;0;0
1421943906;eth0;23062240.00;69256552.00;92318792.00;69256550;23062239;16362.00;49098.00;65460.00;49098;16362;0.00;0.00;0;0
1421943906;total;23062240.00;69256552.00;92318792.00;69256550;23062239;16362.00;49098.00;65460.00;49098;16362;0.00;0.00;0;0
1421943907;eth0;23003040.00;69066432.00;92069472.00;69066432;23003040;16320.00;48963.00;65283.00;48963;16320;0.00;0.00;0;0
1421943907;total;23003040.00;69066432.00;92069472.00;69066432;23003040;16320.00;48963.00;65283.00;48963;16320;0.00;0.00;0;0
1421943908;eth0;22800072.00;68457024.00;91257096.00;68457024;22800072;16176.00;48531.00;64707.00;48531;16176;0.00;0.00;0;0
1421943908;total;22800072.00;68457024.00;91257096.00;68457024;22800072;16176.00;48531.00;64707.00;48531;16176;0.00;0.00;0;0
1421943909;eth0;23451260.00;70412208.00;93863472.00;70412208;23451261;16638.00;49917.00;66555.00;49917;16638;0.00;0.00;0;0
1421943909;total;23451260.00;70412208.00;93863472.00;70412208;23451261;16638.00;49917.00;66555.00;49917;16638;0.00;0.00;0;0
1421943910;eth0;22800072.00;68434672.00;91234736.00;68434668;22800072;16176.00;48515.00;64691.00;48515;16176;0.00;0.00;0;0
1421943910;total;22800072.00;68434672.00;91234736.00;68434668;22800072;16176.00;48515.00;64691.00;48515;16176;0.00;0.00;0;0
1421943911;eth0;22867728.00;68640192.00;91507920.00;68640196;22867728;16224.00;48661.00;64885.00;48661;16224;0.00;0.00;0;0
1421943911;total;22867728.00;68640192.00;91507920.00;68640196;22867728;16224.00;48661.00;64885.00;48661;16224;0.00;0.00;0;0
1421943912;eth0;23434348.00;70403744.00;93838088.00;70403744;23434347;16626.00;49911.00;66537.00;49911;16626;0.00;0.00;0;0
1421943912;total;23434348.00;70403744.00;93838088.00;70403744;23434347;16626.00;49911.00;66537.00;49911;16626;0.00;0.00;0;0
1421943913;eth0;23358234.00;70105112.00;93463344.00;70105112;23358234;16572.00;49699.00;66271.00;49699;16572;0.00;0.00;0;0
1421943913;total;23358234.00;70105112.00;93463344.00;70105112;23358234;16572.00;49699.00;66271.00;49699;16572;0.00;0.00;0;0
1421943914;eth0;22943840.00;68901064.00;91844904.00;68901062;22943841;16278.00;48847.00;65125.00;48847;16278;0.00;0.00;0;0
1421943914;total;22943840.00;68901064.00;91844904.00;68901062;22943841;16278.00;48847.00;65125.00;48847;16278;0.00;0.00;0;0
1421943915;eth0;22715502.00;68210048.00;90925552.00;68210050;22715502;16116.00;48355.00;64471.00;48355;16116;0.00;0.00;0;0
1421943915;total;22715502.00;68210048.00;90925552.00;68210050;22715502;16116.00;48355.00;64471.00;48355;16116;0.00;0.00;0;0
1421943916;eth0;22825444.00;68541664.00;91367104.00;68541664;22825443;16194.00;48591.00;64785.00;48591;16194;0.00;0.00;0;0
1421943916;total;22825444.00;68541664.00;91367104.00;68541664;22825443;16194.00;48591.00;64785.00;48591;16194;0.00;0.00;0;0
1421943917;eth0;22859272.00;68626304.00;91485576.00;68626304;22859271;16218.00;48652.00;64870.00;48652;16218;0.00;0.00;0;0
1421943917;total;22859272.00;68626304.00;91485576.00;68626304;22859271;16218.00;48652.00;64870.00;48652;16218;0.00;0.00;0;0
1421943918;eth0;22808528.00;68490880.00;91299408.00;68490880;22808529;16182.00;48554.00;64736.00;48554;16182;0.00;0.00;0;0
1421943918;total;22808528.00;68490880.00;91299408.00;68490880;22808529;16182.00;48554.00;64736.00;48554;16182;0.00;0.00;0;0
1421943919;eth0;22774700.00;68372384.00;91147088.00;68372384;22774701;16158.00;48471.00;64629.00;48471;16158;0.00;0.00;0;0
1421943919;total;22774700.00;68372384.00;91147088.00;68372384;22774701;16158.00;48471.00;64629.00;48471;16158;0.00;0.00;0;0
1421943920;eth0;22732416.00;68226104.00;90958520.00;68226104;22732416;16128.00;48367.00;64495.00;48367;16128;0.00;0.00;0;0
1421943920;total;22732416.00;68226104.00;90958520.00;68226104;22732416;16128.00;48367.00;64495.00;48367;16128;0.00;0.00;0;0
1421943921;eth0;22813084.00;68499344.00;91312424.00;68499344;22813083;16185.00;48561.00;64746.00;48561;16185;0.00;0.00;0;0
1421943921;total;22813084.00;68499344.00;91312424.00;68499344;22813083;16185.00;48561.00;64746.00;48561;16185;0.00;0.00;0;0
1421943922;eth0;22846260.00;68628696.00;91474960.00;68628696;22846260;16209.00;48653.00;64862.00;48653;16209;0.00;0.00;0;0
1421943922;total;22846260.00;68628696.00;91474960.00;68628696;22846260;16209.00;48653.00;64862.00;48653;16209;0.00;0.00;0;0
1421943923;eth0;22833900.00;68522344.00;91356240.00;68522344;22833900;16200.00;48577.00;64777.00;48577;16200;0.00;0.00;0;0
1421943923;total;22833900.00;68522344.00;91356240.00;68522344;22833900;16200.00;48577.00;64777.00;48577;16200;0.00;0.00;0;0
1421943924;eth0;22707044.00;68213960.00;90921008.00;68213960;22707045;16110.00;48359.00;64469.00;48359;16110;0.00;0.00;0;0
1421943924;total;22707044.00;68213960.00;90921008.00;68213960;22707045;16110.00;48359.00;64469.00;48359;16110;0.00;0.00;0;0
1421943925;eth0;22664760.00;68050752.00;90715512.00;68050752;22664760;16080.00;48243.00;64323.00;48243;16080;0.00;0.00;0;0
1421943925;total;22664760.00;68050752.00;90715512.00;68050752;22664760;16080.00;48243.00;64323.00;48243;16080;0.00;0.00;0;0
1421943926;eth0;22797688.00;68440096.00;91237784.00;68440096;22797687;16175.00;48519.00;64694.00;48519;16175;0.00;0.00;0;0
1421943926;total;22797688.00;68440096.00;91237784.00;68440096;22797687;16175.00;48519.00;64694.00;48519;16175;0.00;0.00;0;0
1421943927;eth0;22819372.00;68507808.00;91327176.00;68507808;22819371;16189.00;48567.00;64756.00;48567;16189;0.00;0.00;0;0
1421943927;total;22819372.00;68507808.00;91327176.00;68507808;22819371;16189.00;48567.00;64756.00;48567;16189;0.00;0.00;0;0
1421943928;eth0;22842356.00;68567056.00;91409416.00;68567056;22842357;16206.00;48609.00;64815.00;48609;16206;0.00;0.00;0;0
1421943928;total;22842356.00;68567056.00;91409416.00;68567056;22842357;16206.00;48609.00;64815.00;48609;16206;0.00;0.00;0;0
1421943929;eth0;22715502.00;68236960.00;90952464.00;68236960;22715502;16116.00;48375.00;64491.00;48375;16116;0.00;0.00;0;0
1421943929;total;22715502.00;68236960.00;90952464.00;68236960;22715502;16116.00;48375.00;64491.00;48375;16116;0.00;0.00;0;0
1421943930;eth0;22816986.00;68490008.00;91306992.00;68490006;22816986;16188.00;48555.00;64743.00;48555;16188;0.00;0.00;0;0
1421943930;total;22816986.00;68490008.00;91306992.00;68490006;22816986;16188.00;48555.00;64743.00;48555;16188;0.00;0.00;0;0
1421943931;eth0;22783158.00;68424040.00;91207200.00;68424042;22783158;16164.00;48507.00;64671.00;48507;16164;0.00;0.00;0;0
1421943931;total;22783158.00;68424040.00;91207200.00;68424042;22783158;16164.00;48507.00;64671.00;48507;16164;0.00;0.00;0;0
1421943932;eth0;22800072.00;68431632.00;91231704.00;68431632;22800072;16176.00;48513.00;64689.00;48513;16176;0.00;0.00;0;0
1421943932;total;22800072.00;68431632.00;91231704.00;68431632;22800072;16176.00;48513.00;64689.00;48513;16176;0.00;0.00;0;0
1421943933;eth0;22774700.00;68395384.00;91170088.00;68395384;22774701;16158.00;48487.00;64645.00;48487;16158;0.00;0.00;0;0
1421943933;total;22774700.00;68395384.00;91170088.00;68395384;22774701;16158.00;48487.00;64645.00;48487;16158;0.00;0.00;0;0
1421943934;eth0;22833032.00;68527128.00;91360160.00;68527128;22833033;16200.00;48581.00;64781.00;48581;16200;0.00;0.00;0;0
1421943934;total;22833032.00;68527128.00;91360160.00;68527128;22833033;16200.00;48581.00;64781.00;48581;16200;0.00;0.00;0;0
1421943935;eth0;22716368.00;68206144.00;90922512.00;68206140;22716369;16116.00;48354.00;64470.00;48354;16116;0.00;0.00;0;0
1421943935;total;22716368.00;68206144.00;90922512.00;68206140;22716369;16116.00;48354.00;64470.00;48354;16116;0.00;0.00;0;0
1421943936;eth0;22910012.00;68790160.00;91700168.00;68790156;22910013;16254.00;48766.00;65020.00;48766;16254;0.00;0.00;0;0
1421943936;total;22910012.00;68790160.00;91700168.00;68790156;22910013;16254.00;48766.00;65020.00;48766;16254;0.00;0.00;0;0
1421943937;eth0;22986126.00;69025632.00;92011760.00;69025630;22986126;16308.00;48935.00;65243.00;48935;16308;0.00;0.00;0;0
1421943937;total;22986126.00;69025632.00;92011760.00;69025630;22986126;16308.00;48935.00;65243.00;48935;16308;0.00;0.00;0;0
1421943938;eth0;22893100.00;68738728.00;91631824.00;68738728;22893099;16242.00;48730.00;64972.00;48730;16242;0.00;0.00;0;0
1421943938;total;22893100.00;68738728.00;91631824.00;68738728;22893099;16242.00;48730.00;64972.00;48730;16242;0.00;0.00;0;0
1421943939;eth0;23019954.00;69117216.00;92137168.00;69117216;23019954;16332.00;48999.00;65331.00;48999;16332;0.00;0.00;0;0
1421943939;total;23019954.00;69117216.00;92137168.00;69117216;23019954;16332.00;48999.00;65331.00;48999;16332;0.00;0.00;0;0
1421943940;eth0;23036868.00;69184992.00;92221856.00;69184992;23036868;16344.00;49049.00;65393.00;49049;16344;0.00;0.00;0;0
1421943940;total;23036868.00;69184992.00;92221856.00;69184992;23036868;16344.00;49049.00;65393.00;49049;16344;0.00;0.00;0;0
1421943941;eth0;22994584.00;69047984.00;92042568.00;69047986;22994583;16314.00;48949.00;65263.00;48949;16314;0.00;0.00;0;0
1421943941;total;22994584.00;69047984.00;92042568.00;69047986;22994583;16314.00;48949.00;65263.00;48949;16314;0.00;0.00;0;0
1421943942;eth0;22926928.00;68801656.00;91728584.00;68801656;22926927;16266.00;48775.00;65041.00;48775;16266;0.00;0.00;0;0
1421943942;total;22926928.00;68801656.00;91728584.00;68801656;22926927;16266.00;48775.00;65041.00;48775;16266;0.00;0.00;0;0
1421943943;eth0;22783158.00;68442488.00;91225648.00;68442488;22783158;16164.00;48521.00;64685.00;48521;16164;0.00;0.00;0;0
1421943943;total;22783158.00;68442488.00;91225648.00;68442488;22783158;16164.00;48521.00;64685.00;48521;16164;0.00;0.00;0;0
1421943944;eth0;22732416.00;68243032.00;90975448.00;68243032;22732416;16128.00;48379.00;64507.00;48379;16128;0.00;0.00;0;0
1421943944;total;22732416.00;68243032.00;90975448.00;68243032;22732416;16128.00;48379.00;64507.00;48379;16128;0.00;0.00;0;0
1421943945;eth0;22749330.00;68315528.00;91064856.00;68315528;22749330;16140.00;48431.00;64571.00;48431;16140;0.00;0.00;0;0
1421943945;total;22749330.00;68315528.00;91064856.00;68315528;22749330;16140.00;48431.00;64571.00;48431;16140;0.00;0.00;0;0
1421943946;eth0;22816986.00;68485456.00;91302440.00;68485452;22816986;16188.00;48552.00;64740.00;48552;16188;0.00;0.00;0;0
1421943946;total;22816986.00;68485456.00;91302440.00;68485452;22816986;16188.00;48552.00;64740.00;48552;16188;0.00;0.00;0;0
1421943947;eth0;23459718.00;70446064.00;93905784.00;70446064;23459718;16644.00;49940.00;66584.00;49940;16644;0.00;0.00;0;0
1421943947;total;23459718.00;70446064.00;93905784.00;70446064;23459718;16644.00;49940.00;66584.00;49940;16644;0.00;0.00;0;0
1421943948;eth0;23053782.00;69207280.00;92261064.00;69207284;23053782;16356.00;49063.00;65419.00;49063;16356;0.00;0.00;0;0
1421943948;total;23053782.00;69207280.00;92261064.00;69207284;23053782;16356.00;49063.00;65419.00;49063;16356;0.00;0.00;0;0
1421943949;eth0;22690132.00;68152320.00;90842448.00;68152320;22690131;16098.00;48315.00;64413.00;48315;16098;0.00;0.00;0;0
1421943949;total;22690132.00;68152320.00;90842448.00;68152320;22690131;16098.00;48315.00;64413.00;48315;16098;0.00;0.00;0;0
1421943950;eth0;22757788.00;68313136.00;91070920.00;68313136;22757787;16146.00;48429.00;64575.00;48429;16146;0.00;0.00;0;0
1421943950;total;22757788.00;68313136.00;91070920.00;68313136;22757787;16146.00;48429.00;64575.00;48429;16146;0.00;0.00;0;0
1421943951;eth0;23510460.00;70581488.00;94091952.00;70581488;23510460;16680.00;50037.00;66717.00;50037;16680;0.00;0.00;0;0
1421943951;total;23510460.00;70581488.00;94091952.00;70581488;23510460;16680.00;50037.00;66717.00;50037;16680;0.00;0.00;0;0
1421943952;eth0;23417432.00;70310640.00;93728072.00;70310640;23417433;16614.00;49845.00;66459.00;49845;16614;0.00;0.00;0;0
1421943952;total;23417432.00;70310640.00;93728072.00;70310640;23417433;16614.00;49845.00;66459.00;49845;16614;0.00;0.00;0;0
1421943953;eth0;22791616.00;68451600.00;91243208.00;68451596;22791615;16170.00;48527.00;64697.00;48527;16170;0.00;0.00;0;0
1421943953;total;22791616.00;68451600.00;91243208.00;68451596;22791615;16170.00;48527.00;64697.00;48527;16170;0.00;0.00;0;0
1421943954;eth0;22749330.00;68310096.00;91059432.00;68310100;22749330;16140.00;48427.00;64567.00;48427;16140;0.00;0.00;0;0
1421943954;total;22749330.00;68310096.00;91059432.00;68310100;22749330;16140.00;48427.00;64567.00;48427;16140;0.00;0.00;0;0
1421943955;eth0;23375148.00;70183680.00;93558832.00;70183680;23375148;16584.00;49755.00;66339.00;49755;16584;0.00;0.00;0;0
1421943955;total;23375148.00;70183680.00;93558832.00;70183680;23375148;16584.00;49755.00;66339.00;49755;16584;0.00;0.00;0;0
1421943956;eth0;23840284.00;71586312.00;95426592.00;71586312;23840283;16914.00;50749.00;67663.00;50749;16914;0.00;0.00;0;0
1421943956;total;23840284.00;71586312.00;95426592.00;71586312;23840283;16914.00;50749.00;67663.00;50749;16914;0.00;0.00;0;0
1421943957;eth0;24483016.00;73491584.00;97974600.00;73491586;24483015;17370.00;52101.00;69471.00;52101;17370;0.00;0.00;0;0
1421943957;total;24483016.00;73491584.00;97974600.00;73491586;24483015;17370.00;52101.00;69471.00;52101;17370;0.00;0.00;0;0
1421943958;eth0;23282120.00;69916744.00;93198864.00;69916742;23282121;16518.00;49565.00;66083.00;49565;16518;0.00;0.00;0;0
1421943958;total;23282120.00;69916744.00;93198864.00;69916742;23282121;16518.00;49565.00;66083.00;49565;16518;0.00;0.00;0;0
1421943959;eth0;22901556.00;68722448.00;91624000.00;68722444;22901556;16248.00;48719.00;64967.00;48719;16248;0.00;0.00;0;0
1421943959;total;22901556.00;68722448.00;91624000.00;68722444;22901556;16248.00;48719.00;64967.00;48719;16248;0.00;0.00;0;0
1421943960;eth0;22749330.00;68343952.00;91093288.00;68343956;22749330;16140.00;48451.00;64591.00;48451;16140;0.00;0.00;0;0
1421943960;total;22749330.00;68343952.00;91093288.00;68343956;22749330;16140.00;48451.00;64591.00;48451;16140;0.00;0.00;0;0
1421943961;eth0;22766244.00;68355456.00;91121696.00;68355456;22766244;16152.00;48459.00;64611.00;48459;16152;0.00;0.00;0;0
1421943961;total;22766244.00;68355456.00;91121696.00;68355456;22766244;16152.00;48459.00;64611.00;48459;16152;0.00;0.00;0;0
1421943962;eth0;23197552.00;69650448.00;92848000.00;69650448;23197551;16458.00;49377.00;65835.00;49377;16458;0.00;0.00;0;0
1421943962;total;23197552.00;69650448.00;92848000.00;69650448;23197551;16458.00;49377.00;65835.00;49377;16458;0.00;0.00;0;0
1421943963;eth0;22740872.00;68275368.00;91016240.00;68275370;22740873;16134.00;48402.00;64536.00;48402;16134;0.00;0.00;0;0
1421943963;total;22740872.00;68275368.00;91016240.00;68275370;22740873;16134.00;48402.00;64536.00;48402;16134;0.00;0.00;0;0
1421943964;eth0;22774700.00;68360880.00;91135584.00;68360884;22774701;16158.00;48463.00;64621.00;48463;16158;0.00;0.00;0;0
1421943964;total;22774700.00;68360880.00;91135584.00;68360884;22774701;16158.00;48463.00;64621.00;48463;16158;0.00;0.00;0;0
1421943965;eth0;22732416.00;68268424.00;91000840.00;68268424;22732416;16128.00;48397.00;64525.00;48397;16128;0.00;0.00;0;0
1421943965;total;22732416.00;68268424.00;91000840.00;68268424;22732416;16128.00;48397.00;64525.00;48397;16128;0.00;0.00;0;0
1421943966;eth0;22740872.00;68288616.00;91029488.00;68288618;22740873;16134.00;48412.00;64546.00;48412;16134;0.00;0.00;0;0
1421943966;total;22740872.00;68288616.00;91029488.00;68288618;22740873;16134.00;48412.00;64546.00;48412;16134;0.00;0.00;0;0
1421943967;eth0;23062240.00;69240264.00;92302504.00;69240266;23062239;16362.00;49087.00;65449.00;49087;16362;0.00;0.00;0;0
1421943967;total;23062240.00;69240264.00;92302504.00;69240266;23062239;16362.00;49087.00;65449.00;49087;16362;0.00;0.00;0;0
1421943968;eth0;24322332.00;73031496.00;97353824.00;73031494;24322332;17256.00;51773.00;69029.00;51773;17256;0.00;0.00;0;0
1421943968;total;24322332.00;73031496.00;97353824.00;73031494;24322332;17256.00;51773.00;69029.00;51773;17256;0.00;0.00;0;0
1421943969;eth0;23231380.00;69752016.00;92983392.00;69752016;23231379;16482.00;49449.00;65931.00;49449;16482;0.00;0.00;0;0
1421943969;total;23231380.00;69752016.00;92983392.00;69752016;23231379;16482.00;49449.00;65931.00;49449;16482;0.00;0.00;0;0
1421943970;eth0;23197552.00;69650448.00;92848000.00;69650448;23197551;16458.00;49377.00;65835.00;49377;16458;0.00;0.00;0;0
1421943970;total;23197552.00;69650448.00;92848000.00;69650448;23197551;16458.00;49377.00;65835.00;49377;16458;0.00;0.00;0;0
1421943971;eth0;23121438.00;69404120.00;92525552.00;69404118;23121438;16404.00;49203.00;65607.00;49203;16404;0.00;0.00;0;0
1421943971;total;23121438.00;69404120.00;92525552.00;69404118;23121438;16404.00;49203.00;65607.00;49203;16404;0.00;0.00;0;0
1421943972;eth0;22935384.00;68881096.00;91816480.00;68881098;22935384;16272.00;48831.00;65103.00;48831;16272;0.00;0.00;0;0
1421943972;total;22935384.00;68881096.00;91816480.00;68881098;22935384;16272.00;48831.00;65103.00;48831;16272;0.00;0.00;0;0
1421943973;eth0;23603488.00;70826072.00;94429560.00;70826070;23603487;16746.00;50211.00;66957.00;50211;16746;0.00;0.00;0;0
1421943973;total;23603488.00;70826072.00;94429560.00;70826070;23603487;16746.00;50211.00;66957.00;50211;16746;0.00;0.00;0;0
1421943974;eth0;23087610.00;69363544.00;92451152.00;69363546;23087610;16380.00;49173.00;65553.00;49173;16380;0.00;0.00;0;0
1421943974;total;23087610.00;69363544.00;92451152.00;69363546;23087610;16380.00;49173.00;65553.00;49173;16380;0.00;0.00;0;0
1421943975;eth0;23172180.00;69570360.00;92742544.00;69570362;23172180;16440.00;49321.00;65761.00;49321;16440;0.00;0.00;0;0
1421943975;total;23172180.00;69570360.00;92742544.00;69570362;23172180;16440.00;49321.00;65761.00;49321;16440;0.00;0.00;0;0
1421943976;eth0;23180636.00;69603576.00;92784208.00;69603574;23180637;16446.00;49343.00;65789.00;49343;16446;0.00;0.00;0;0
1421943976;total;23180636.00;69603576.00;92784208.00;69603574;23180637;16446.00;49343.00;65789.00;49343;16446;0.00;0.00;0;0
1421943977;eth0;22960756.00;68937080.00;91897832.00;68937080;22960755;16290.00;48871.00;65161.00;48871;16290;0.00;0.00;0;0
1421943977;total;22960756.00;68937080.00;91897832.00;68937080;22960755;16290.00;48871.00;65161.00;48871;16290;0.00;0.00;0;0
1421943978;eth0;23146808.00;69492024.00;92638832.00;69492024;23146809;16422.00;49265.00;65687.00;49265;16422;0.00;0.00;0;0
1421943978;total;23146808.00;69492024.00;92638832.00;69492024;23146809;16422.00;49265.00;65687.00;49265;16422;0.00;0.00;0;0
1421943979;eth0;23231380.00;69715768.00;92947144.00;69715768;23231379;16482.00;49423.00;65905.00;49423;16482;0.00;0.00;0;0
1421943979;total;23231380.00;69715768.00;92947144.00;69715768;23231379;16482.00;49423.00;65905.00;49423;16482;0.00;0.00;0;0
1421943980;eth0;23062240.00;69274992.00;92337232.00;69274996;23062239;16362.00;49112.00;65474.00;49112;16362;0.00;0.00;0;0
1421943980;total;23062240.00;69274992.00;92337232.00;69274996;23062239;16362.00;49112.00;65474.00;49112;16362;0.00;0.00;0;0
1421943981;eth0;24093992.00;72355888.00;96449888.00;72355892;24093993;17094.00;51294.00;68388.00;51294;17094;0.00;0.00;0;0
1421943981;total;24093992.00;72355888.00;96449888.00;72355892;24093993;17094.00;51294.00;68388.00;51294;17094;0.00;0.00;0;0
1421943982;eth0;23231380.00;69726624.00;92958000.00;69726624;23231379;16482.00;49431.00;65913.00;49431;16482;0.00;0.00;0;0
1421943982;total;23231380.00;69726624.00;92958000.00;69726624;23231379;16482.00;49431.00;65913.00;49431;16482;0.00;0.00;0;0
1421943983;eth0;23019954.00;69142608.00;92162560.00;69142608;23019954;16332.00;49017.00;65349.00;49017;16332;0.00;0.00;0;0
1421943983;total;23019954.00;69142608.00;92162560.00;69142608;23019954;16332.00;49017.00;65349.00;49017;16332;0.00;0.00;0;0
1421943984;eth0;23941768.00;71884944.00;95826712.00;71884944;23941767;16986.00;50961.00;67947.00;50961;16986;0.00;0.00;0;0
1421943984;total;23941768.00;71884944.00;95826712.00;71884944;23941767;16986.00;50961.00;67947.00;50961;16986;0.00;0.00;0;0
1421943985;eth0;23781084.00;71351712.00;95132800.00;71351712;23781084;16872.00;50583.00;67455.00;50583;16872;0.00;0.00;0;0
1421943985;total;23781084.00;71351712.00;95132800.00;71351712;23781084;16872.00;50583.00;67455.00;50583;16872;0.00;0.00;0;0
