1421249148;eth0;64965.00;61351.00;126316.00;61351;64965;352.00;349.00;701.00;349;352;0.00;0.00;0;0
1421249148;total;64965.00;61351.00;126316.00;61351;64965;352.00;349.00;701.00;349;352;0.00;0.00;0;0
1421249149;eth0;13649182.00;38953992.00;52603172.00;38953991;13649182;18650.00;29764.00;48414.00;29764;18650;0.00;0.00;0;0
1421249149;total;13649182.00;38953992.00;52603172.00;38953991;13649182;18650.00;29764.00;48414.00;29764;18650;0.00;0.00;0;0
1421249150;eth0;18057008.00;52287400.00;70344408.00;52287401;18057008;22131.00;39051.00;61182.00;39051;22131;0.00;0.00;0;0
1421249150;total;18057008.00;52287400.00;70344408.00;52287401;18057008;22131.00;39051.00;61182.00;39051;22131;0.00;0.00;0;0
1421249151;eth0;18277756.00;52739540.00;71017296.00;52739541;18277755;23289.00;39418.00;62707.00;39418;23289;0.00;0.00;0;0
1421249151;total;18277756.00;52739540.00;71017296.00;52739541;18277755;23289.00;39418.00;62707.00;39418;23289;0.00;0.00;0;0
1421249152;eth0;18408618.00;53023548.00;71432168.00;53023547;18408618;24097.00;39935.00;64032.00;39935;24097;0.00;0.00;0;0
1421249152;total;18408618.00;53023548.00;71432168.00;53023547;18408618;24097.00;39935.00;64032.00;39935;24097;0.00;0.00;0;0
1421249153;eth0;18424474.00;53007844.00;71432320.00;53007845;18424474;24328.00;39954.00;64282.00;39954;24328;0.00;0.00;0;0
1421249153;total;18424474.00;53007844.00;71432320.00;53007845;18424474;24328.00;39954.00;64282.00;39954;24328;0.00;0.00;0;0
1421249154;eth0;18325548.00;52991368.00;71316920.00;52991369;18325549;23028.00;40293.00;63321.00;40293;23028;0.00;0.00;0;0
1421249154;total;18325548.00;52991368.00;71316920.00;52991369;18325549;23028.00;40293.00;63321.00;40293;23028;0.00;0.00;0;0
1421249155;eth0;18297532.00;53007548.00;71305080.00;53007547;18297533;22633.00;40406.00;63039.00;40406;22633;0.00;0.00;0;0
1421249155;total;18297532.00;53007548.00;71305080.00;53007547;18297533;22633.00;40406.00;63039.00;40406;22633;0.00;0.00;0;0
1421249156;eth0;18409516.00;53001944.00;71411456.00;53001943;18409515;24149.00;40230.00;64379.00;40230;24149;0.00;0.00;0;0
1421249156;total;18409516.00;53001944.00;71411456.00;53001943;18409515;24149.00;40230.00;64379.00;40230;24149;0.00;0.00;0;0
1421249157;eth0;18415532.00;53003176.00;71418712.00;53003177;18415532;24282.00;40219.00;64501.00;40219;24282;0.00;0.00;0;0
1421249157;total;18415532.00;53003176.00;71418712.00;53003177;18415532;24282.00;40219.00;64501.00;40219;24282;0.00;0.00;0;0
1421249158;eth0;18459824.00;52992316.00;71452136.00;52992315;18459824;24833.00;40092.00;64925.00;40092;24833;0.00;0.00;0;0
1421249158;total;18459824.00;52992316.00;71452136.00;52992315;18459824;24833.00;40092.00;64925.00;40092;24833;0.00;0.00;0;0
1421249159;eth0;18348664.00;53030576.00;71379240.00;53030577;18348664;23245.00;40507.00;63752.00;40507;23245;0.00;0.00;0;0
1421249159;total;18348664.00;53030576.00;71379240.00;53030577;18348664;23245.00;40507.00;63752.00;40507;23245;0.00;0.00;0;0
1421249160;eth0;18330784.00;53023084.00;71353872.00;53023085;18330783;23107.00;40635.00;63742.00;40635;23107;0.00;0.00;0;0
1421249160;total;18330784.00;53023084.00;71353872.00;53023085;18330783;23107.00;40635.00;63742.00;40635;23107;0.00;0.00;0;0
1421249161;eth0;18301384.00;52960860.00;71262240.00;52960859;18301383;22687.00;40092.00;62779.00;40092;22687;0.00;0.00;0;0
1421249161;total;18301384.00;52960860.00;71262240.00;52960859;18301383;22687.00;40092.00;62779.00;40092;22687;0.00;0.00;0;0
1421249162;eth0;18309038.00;53026120.00;71335160.00;53026120;18309038;22679.00;40450.00;63129.00;40450;22679;0.00;0.00;0;0
1421249162;total;18309038.00;53026120.00;71335160.00;53026120;18309038;22679.00;40450.00;63129.00;40450;22679;0.00;0.00;0;0
1421249163;eth0;18272364.00;53041984.00;71314352.00;53041985;18272364;22155.00;40679.00;62834.00;40679;22155;0.00;0.00;0;0
1421249163;total;18272364.00;53041984.00;71314352.00;53041985;18272364;22155.00;40679.00;62834.00;40679;22155;0.00;0.00;0;0
1421249164;eth0;18354382.00;52933748.00;71288128.00;52933749;18354382;23792.00;40355.00;64147.00;40355;23792;0.00;0.00;0;0
1421249164;total;18354382.00;52933748.00;71288128.00;52933749;18354382;23792.00;40355.00;64147.00;40355;23792;0.00;0.00;0;0
1421249165;eth0;18489824.00;52984180.00;71474000.00;52984181;18489823;25379.00;40086.00;65465.00;40086;25379;0.00;0.00;0;0
1421249165;total;18489824.00;52984180.00;71474000.00;52984181;18489823;25379.00;40086.00;65465.00;40086;25379;0.00;0.00;0;0
1421249166;eth0;18474144.00;52995428.00;71469568.00;52995429;18474143;25155.00;40226.00;65381.00;40226;25155;0.00;0.00;0;0
1421249166;total;18474144.00;52995428.00;71469568.00;52995429;18474143;25155.00;40226.00;65381.00;40226;25155;0.00;0.00;0;0
1421249167;eth0;18532554.00;53023984.00;71556536.00;53023985;18532554;25872.00;40413.00;66285.00;40413;25872;0.00;0.00;0;0
1421249167;total;18532554.00;53023984.00;71556536.00;53023985;18532554;25872.00;40413.00;66285.00;40413;25872;0.00;0.00;0;0
1421249168;eth0;18450432.00;53020840.00;71471272.00;53020841;18450432;24698.00;40368.00;65066.00;40368;24698;0.00;0.00;0;0
1421249168;total;18450432.00;53020840.00;71471272.00;53020841;18450432;24698.00;40368.00;65066.00;40368;24698;0.00;0.00;0;0
1421249169;eth0;18467980.00;53000740.00;71468720.00;53000741;18467980;24948.00;40234.00;65182.00;40234;24948;0.00;0.00;0;0
1421249169;total;18467980.00;53000740.00;71468720.00;53000741;18467980;24948.00;40234.00;65182.00;40234;24948;0.00;0.00;0;0
1421249170;eth0;18415968.00;52994644.00;71410608.00;52994643;18415967;24323.00;40207.00;64530.00;40207;24323;0.00;0.00;0;0
1421249170;total;18415968.00;52994644.00;71410608.00;52994643;18415967;24323.00;40207.00;64530.00;40207;24323;0.00;0.00;0;0
1421249171;eth0;18345172.00;52897584.00;71242752.00;52897583;18345172;23430.00;39901.00;63331.00;39901;23430;0.00;0.00;0;0
1421249171;total;18345172.00;52897584.00;71242752.00;52897583;18345172;23430.00;39901.00;63331.00;39901;23430;0.00;0.00;0;0
1421249172;eth0;18362564.00;53017636.00;71380200.00;53017637;18362564;23439.00;40080.00;63519.00;40080;23439;0.00;0.00;0;0
1421249172;total;18362564.00;53017636.00;71380200.00;53017637;18362564;23439.00;40080.00;63519.00;40080;23439;0.00;0.00;0;0
1421249173;eth0;18359188.00;52981880.00;71341064.00;52981879;18359188;23395.00;39943.00;63338.00;39943;23395;0.00;0.00;0;0
1421249173;total;18359188.00;52981880.00;71341064.00;52981879;18359188;23395.00;39943.00;63338.00;39943;23395;0.00;0.00;0;0
1421249174;eth0;18263024.00;53003684.00;71266704.00;53003683;18263023;22134.00;40344.00;62478.00;40344;22134;0.00;0.00;0;0
1421249174;total;18263024.00;53003684.00;71266704.00;53003683;18263023;22134.00;40344.00;62478.00;40344;22134;0.00;0.00;0;0
1421249175;eth0;18277724.00;53022268.00;71299992.00;53022267;18277723;22349.00;40741.00;63090.00;40741;22349;0.00;0.00;0;0
1421249175;total;18277724.00;53022268.00;71299992.00;53022267;18277723;22349.00;40741.00;63090.00;40741;22349;0.00;0.00;0;0
1421249176;eth0;18284054.00;53035564.00;71319616.00;53035563;18284054;22322.00;40585.00;62907.00;40585;22322;0.00;0.00;0;0
1421249176;total;18284054.00;53035564.00;71319616.00;53035563;18284054;22322.00;40585.00;62907.00;40585;22322;0.00;0.00;0;0
1421249177;eth0;18259904.00;53032008.00;71291912.00;53032009;18259904;21977.00;40583.00;62560.00;40583;21977;0.00;0.00;0;0
1421249177;total;18259904.00;53032008.00;71291912.00;53032009;18259904;21977.00;40583.00;62560.00;40583;21977;0.00;0.00;0;0
1421249178;eth0;18241392.00;53023136.00;71264528.00;53023137;18241393;21830.00;40540.00;62370.00;40540;21830;0.00;0.00;0;0
1421249178;total;18241392.00;53023136.00;71264528.00;53023137;18241393;21830.00;40540.00;62370.00;40540;21830;0.00;0.00;0;0
1421249179;eth0;18281954.00;53037140.00;71319096.00;53037139;18281954;22292.00;40759.00;63051.00;40759;22292;0.00;0.00;0;0
1421249179;total;18281954.00;53037140.00;71319096.00;53037139;18281954;22292.00;40759.00;63051.00;40759;22292;0.00;0.00;0;0
1421249180;eth0;18353564.00;53052292.00;71405856.00;53052293;18353564;23315.00;40811.00;64126.00;40811;23315;0.00;0.00;0;0
1421249180;total;18353564.00;53052292.00;71405856.00;53052293;18353564;23315.00;40811.00;64126.00;40811;23315;0.00;0.00;0;0
1421249181;eth0;18361008.00;52816768.00;71177776.00;52816767;18361008;24126.00;39719.00;63845.00;39719;24126;0.00;0.00;0;0
1421249181;total;18361008.00;52816768.00;71177776.00;52816767;18361008;24126.00;39719.00;63845.00;39719;24126;0.00;0.00;0;0
1421249182;eth0;19385012.00;53029080.00;72414088.00;53029079;19385011;24112.00;40768.00;64880.00;40768;24112;0.00;0.00;0;0
1421249182;total;19385012.00;53029080.00;72414088.00;53029079;19385011;24112.00;40768.00;64880.00;40768;24112;0.00;0.00;0;0
1421249183;eth0;18335272.00;52929212.00;71264480.00;52929211;18335271;23406.00;40060.00;63466.00;40060;23406;0.00;0.00;0;0
1421249183;total;18335272.00;52929212.00;71264480.00;52929211;18335271;23406.00;40060.00;63466.00;40060;23406;0.00;0.00;0;0
1421249184;eth0;18355844.00;53007132.00;71362976.00;53007133;18355843;23465.00;40358.00;63823.00;40358;23465;0.00;0.00;0;0
1421249184;total;18355844.00;53007132.00;71362976.00;53007133;18355843;23465.00;40358.00;63823.00;40358;23465;0.00;0.00;0;0
1421249185;eth0;18152946.00;52493004.00;70645952.00;52493003;18152946;22563.00;39560.00;62123.00;39560;22563;0.00;0.00;0;0
1421249185;total;18152946.00;52493004.00;70645952.00;52493003;18152946;22563.00;39560.00;62123.00;39560;22563;0.00;0.00;0;0
1421249186;eth0;18402704.00;53017252.00;71419960.00;53017253;18402704;24017.00;39977.00;63994.00;39977;24017;0.00;0.00;0;0
1421249186;total;18402704.00;53017252.00;71419960.00;53017253;18402704;24017.00;39977.00;63994.00;39977;24017;0.00;0.00;0;0
1421249187;eth0;18499692.00;53011332.00;71511024.00;53011333;18499693;25520.00;40018.00;65538.00;40018;25520;0.00;0.00;0;0
1421249187;total;18499692.00;53011332.00;71511024.00;53011333;18499693;25520.00;40018.00;65538.00;40018;25520;0.00;0.00;0;0
1421249188;eth0;18447100.00;52901584.00;71348688.00;52901585;18447100;25121.00;39963.00;65084.00;39963;25121;0.00;0.00;0;0
1421249188;total;18447100.00;52901584.00;71348688.00;52901585;18447100;25121.00;39963.00;65084.00;39963;25121;0.00;0.00;0;0
1421249189;eth0;18329612.00;52985552.00;71315168.00;52985553;18329611;23090.00;39986.00;63076.00;39986;23090;0.00;0.00;0;0
1421249189;total;18329612.00;52985552.00;71315168.00;52985553;18329611;23090.00;39986.00;63076.00;39986;23090;0.00;0.00;0;0
1421249190;eth0;18309300.00;52936640.00;71245936.00;52936639;18309301;23035.00;40042.00;63077.00;40042;23035;0.00;0.00;0;0
1421249190;total;18309300.00;52936640.00;71245936.00;52936639;18309301;23035.00;40042.00;63077.00;40042;23035;0.00;0.00;0;0
1421249191;eth0;18278284.00;53006156.00;71284440.00;53006157;18278283;22357.00;40343.00;62700.00;40343;22357;0.00;0.00;0;0
1421249191;total;18278284.00;53006156.00;71284440.00;53006157;18278283;22357.00;40343.00;62700.00;40343;22357;0.00;0.00;0;0
1421249192;eth0;18324384.00;52992696.00;71317080.00;52992695;18324383;23011.00;40130.00;63141.00;40130;23011;0.00;0.00;0;0
1421249192;total;18324384.00;52992696.00;71317080.00;52992695;18324383;23011.00;40130.00;63141.00;40130;23011;0.00;0.00;0;0
1421249193;eth0;18326652.00;52998744.00;71325400.00;52998744;18326653;23050.00;40127.00;63177.00;40127;23050;0.00;0.00;0;0
1421249193;total;18326652.00;52998744.00;71325400.00;52998744;18326653;23050.00;40127.00;63177.00;40127;23050;0.00;0.00;0;0
1421249194;eth0;18341846.00;52999052.00;71340896.00;52999051;18341846;23139.00;40125.00;63264.00;40125;23139;0.00;0.00;0;0
1421249194;total;18341846.00;52999052.00;71340896.00;52999051;18341846;23139.00;40125.00;63264.00;40125;23139;0.00;0.00;0;0
1421249195;eth0;18326444.00;53001892.00;71328336.00;53001893;18326443;23045.00;40165.00;63210.00;40165;23045;0.00;0.00;0;0
1421249195;total;18326444.00;53001892.00;71328336.00;53001893;18326443;23045.00;40165.00;63210.00;40165;23045;0.00;0.00;0;0
1421249196;eth0;18328256.00;52990620.00;71318880.00;52990621;18328257;23071.00;40101.00;63172.00;40101;23071;0.00;0.00;0;0
1421249196;total;18328256.00;52990620.00;71318880.00;52990621;18328257;23071.00;40101.00;63172.00;40101;23071;0.00;0.00;0;0
1421249197;eth0;18330712.00;52996176.00;71326888.00;52996175;18330713;23106.00;40194.00;63300.00;40194;23106;0.00;0.00;0;0
1421249197;total;18330712.00;52996176.00;71326888.00;52996175;18330713;23106.00;40194.00;63300.00;40194;23106;0.00;0.00;0;0
1421249198;eth0;18328608.00;52997408.00;71326016.00;52997407;18328607;23076.00;40191.00;63267.00;40191;23076;0.00;0.00;0;0
1421249198;total;18328608.00;52997408.00;71326016.00;52997407;18328607;23076.00;40191.00;63267.00;40191;23076;0.00;0.00;0;0
1421249199;eth0;18257284.00;53018916.00;71276200.00;53018917;18257283;22057.00;40533.00;62590.00;40533;22057;0.00;0.00;0;0
1421249199;total;18257284.00;53018916.00;71276200.00;53018917;18257283;22057.00;40533.00;62590.00;40533;22057;0.00;0.00;0;0
1421249200;eth0;18249164.00;53037692.00;71286856.00;53037691;18249163;21941.00;40662.00;62603.00;40662;21941;0.00;0.00;0;0
1421249200;total;18249164.00;53037692.00;71286856.00;53037691;18249163;21941.00;40662.00;62603.00;40662;21941;0.00;0.00;0;0
1421249201;eth0;18318112.00;53028160.00;71346272.00;53028159;18318113;22927.00;40568.00;63495.00;40568;22927;0.00;0.00;0;0
1421249201;total;18318112.00;53028160.00;71346272.00;53028159;18318113;22927.00;40568.00;63495.00;40568;22927;0.00;0.00;0;0
1421249202;eth0;18350244.00;53009292.00;71359536.00;53009293;18350244;23262.00;40243.00;63505.00;40243;23262;0.00;0.00;0;0
1421249202;total;18350244.00;53009292.00;71359536.00;53009293;18350244;23262.00;40243.00;63505.00;40243;23262;0.00;0.00;0;0
1421249203;eth0;18326232.00;53030432.00;71356664.00;53030431;18326233;23042.00;40677.00;63719.00;40677;23042;0.00;0.00;0;0
1421249203;total;18326232.00;53030432.00;71356664.00;53030431;18326233;23042.00;40677.00;63719.00;40677;23042;0.00;0.00;0;0
1421249204;eth0;18313004.00;53043232.00;71356232.00;53043231;18313003;22853.00;40873.00;63726.00;40873;22853;0.00;0.00;0;0
1421249204;total;18313004.00;53043232.00;71356232.00;53043231;18313003;22853.00;40873.00;63726.00;40873;22853;0.00;0.00;0;0
1421249205;eth0;18377824.00;53032176.00;71410000.00;53032175;18377823;23779.00;40694.00;64473.00;40694;23779;0.00;0.00;0;0
1421249205;total;18377824.00;53032176.00;71410000.00;53032175;18377823;23779.00;40694.00;64473.00;40694;23779;0.00;0.00;0;0
1421249206;eth0;18370932.00;52869112.00;71240048.00;52869113;18370932;23798.00;40108.00;63906.00;40108;23798;0.00;0.00;0;0
1421249206;total;18370932.00;52869112.00;71240048.00;52869113;18370932;23798.00;40108.00;63906.00;40108;23798;0.00;0.00;0;0
1421249207;eth0;18378052.00;53000240.00;71378288.00;53000241;18378051;24015.00;39910.00;63925.00;39910;24015;0.00;0.00;0;0
1421249207;total;18378052.00;53000240.00;71378288.00;53000241;18378051;24015.00;39910.00;63925.00;39910;24015;0.00;0.00;0;0
1421249208;eth0;18391892.00;53003076.00;71394968.00;53003075;18391893;23980.00;39941.00;63921.00;39941;23980;0.00;0.00;0;0
1421249208;total;18391892.00;53003076.00;71394968.00;53003075;18391893;23980.00;39941.00;63921.00;39941;23980;0.00;0.00;0;0
1421249209;eth0;18370816.00;52984860.00;71355680.00;52984861;18370815;23638.00;39928.00;63566.00;39928;23638;0.00;0.00;0;0
1421249209;total;18370816.00;52984860.00;71355680.00;52984861;18370815;23638.00;39928.00;63566.00;39928;23638;0.00;0.00;0;0
1421249210;eth0;18345388.00;52993464.00;71338848.00;52993463;18345387;23356.00;40239.00;63595.00;40239;23356;0.00;0.00;0;0
1421249210;total;18345388.00;52993464.00;71338848.00;52993463;18345387;23356.00;40239.00;63595.00;40239;23356;0.00;0.00;0;0
1421249211;eth0;18325532.00;53019384.00;71344920.00;53019385;18325533;23033.00;40428.00;63461.00;40428;23033;0.00;0.00;0;0
1421249211;total;18325532.00;53019384.00;71344920.00;53019385;18325533;23033.00;40428.00;63461.00;40428;23033;0.00;0.00;0;0
1421249212;eth0;18352140.00;53013760.00;71365904.00;53013761;18352140;23170.00;40340.00;63510.00;40340;23170;0.00;0.00;0;0
1421249212;total;18352140.00;53013760.00;71365904.00;53013761;18352140;23170.00;40340.00;63510.00;40340;23170;0.00;0.00;0;0
1421249213;eth0;18369144.00;53011920.00;71381064.00;53011921;18369143;23655.00;40337.00;63992.00;40337;23655;0.00;0.00;0;0
1421249213;total;18369144.00;53011920.00;71381064.00;53011921;18369143;23655.00;40337.00;63992.00;40337;23655;0.00;0.00;0;0
1421249214;eth0;18327728.00;53030300.00;71358032.00;53030301;18327729;23062.00;40639.00;63701.00;40639;23062;0.00;0.00;0;0
1421249214;total;18327728.00;53030300.00;71358032.00;53030301;18327729;23062.00;40639.00;63701.00;40639;23062;0.00;0.00;0;0
1421249215;eth0;18333864.00;53021388.00;71355248.00;53021387;18333863;23151.00;40554.00;63705.00;40554;23151;0.00;0.00;0;0
1421249215;total;18333864.00;53021388.00;71355248.00;53021387;18333863;23151.00;40554.00;63705.00;40554;23151;0.00;0.00;0;0
1421249216;eth0;18279108.00;52510888.00;70790000.00;52510889;18279108;22956.00;39873.00;62829.00;39873;22956;0.00;0.00;0;0
1421249216;total;18279108.00;52510888.00;70790000.00;52510889;18279108;22956.00;39873.00;62829.00;39873;22956;0.00;0.00;0;0
1421249217;eth0;19202862.00;52591092.00;71793952.00;52591091;19202862;23136.00;39515.00;62651.00;39515;23136;0.00;0.00;0;0
1421249217;total;19202862.00;52591092.00;71793952.00;52591091;19202862;23136.00;39515.00;62651.00;39515;23136;0.00;0.00;0;0
1421249218;eth0;18319692.00;52972468.00;71292160.00;52972469;18319692;23066.00;39877.00;62943.00;39877;23066;0.00;0.00;0;0
1421249218;total;18319692.00;52972468.00;71292160.00;52972469;18319692;23066.00;39877.00;62943.00;39877;23066;0.00;0.00;0;0
1421249219;eth0;18303064.00;52997736.00;71300800.00;52997735;18303063;22711.00;39801.00;62512.00;39801;22711;0.00;0.00;0;0
1421249219;total;18303064.00;52997736.00;71300800.00;52997735;18303063;22711.00;39801.00;62512.00;39801;22711;0.00;0.00;0;0
1421249220;eth0;18316724.00;52993728.00;71310456.00;52993729;18316725;23080.00;40451.00;63531.00;40451;23080;0.00;0.00;0;0
1421249220;total;18316724.00;52993728.00;71310456.00;52993729;18316725;23080.00;40451.00;63531.00;40451;23080;0.00;0.00;0;0
1421249221;eth0;18429720.00;53009144.00;71438864.00;53009143;18429720;24464.00;40303.00;64767.00;40303;24464;0.00;0.00;0;0
1421249221;total;18429720.00;53009144.00;71438864.00;53009143;18429720;24464.00;40303.00;64767.00;40303;24464;0.00;0.00;0;0
1421249222;eth0;18422804.00;53015376.00;71438176.00;53015377;18422803;24417.00;40329.00;64746.00;40329;24417;0.00;0.00;0;0
1421249222;total;18422804.00;53015376.00;71438176.00;53015377;18422803;24417.00;40329.00;64746.00;40329;24417;0.00;0.00;0;0
1421249223;eth0;18455372.00;53002040.00;71457408.00;53002041;18455371;24887.00;40243.00;65130.00;40243;24887;0.00;0.00;0;0
1421249223;total;18455372.00;53002040.00;71457408.00;53002041;18455371;24887.00;40243.00;65130.00;40243;24887;0.00;0.00;0;0
1421249224;eth0;18185716.00;52314044.00;70499760.00;52314043;18185717;23613.00;39234.00;62847.00;39234;23613;0.00;0.00;0;0
1421249224;total;18185716.00;52314044.00;70499760.00;52314043;18185717;23613.00;39234.00;62847.00;39234;23613;0.00;0.00;0;0
1421249225;eth0;18441384.00;53010552.00;71451936.00;53010554;18441383;24687.00;39928.00;64615.00;39928;24687;0.00;0.00;0;0
1421249225;total;18441384.00;53010552.00;71451936.00;53010554;18441383;24687.00;39928.00;64615.00;39928;24687;0.00;0.00;0;0
1421249226;eth0;18375350.00;52738896.00;71114248.00;52738895;18375350;24096.00;39804.00;63900.00;39804;24096;0.00;0.00;0;0
1421249226;total;18375350.00;52738896.00;71114248.00;52738895;18375350;24096.00;39804.00;63900.00;39804;24096;0.00;0.00;0;0
1421249227;eth0;18273602.00;52812492.00;71086096.00;52812491;18273602;23582.00;39573.00;63155.00;39573;23582;0.00;0.00;0;0
1421249227;total;18273602.00;52812492.00;71086096.00;52812491;18273602;23582.00;39573.00;63155.00;39573;23582;0.00;0.00;0;0
1421249228;eth0;18381796.00;53010656.00;71392448.00;53010655;18381795;23836.00;39967.00;63803.00;39967;23836;0.00;0.00;0;0
1421249228;total;18381796.00;53010656.00;71392448.00;53010655;18381795;23836.00;39967.00;63803.00;39967;23836;0.00;0.00;0;0
1421249229;eth0;18376600.00;52995156.00;71371752.00;52995155;18376599;23761.00;40013.00;63774.00;40013;23761;0.00;0.00;0;0
1421249229;total;18376600.00;52995156.00;71371752.00;52995155;18376599;23761.00;40013.00;63774.00;40013;23761;0.00;0.00;0;0
1421249230;eth0;18349544.00;52951068.00;71300608.00;52951069;18349543;23375.00;39924.00;63299.00;39924;23375;0.00;0.00;0;0
1421249230;total;18349544.00;52951068.00;71300608.00;52951069;18349543;23375.00;39924.00;63299.00;39924;23375;0.00;0.00;0;0
1421249231;eth0;18450412.00;52996188.00;71446600.00;52996189;18450413;24816.00;39930.00;64746.00;39930;24816;0.00;0.00;0;0
1421249231;total;18450412.00;52996188.00;71446600.00;52996189;18450413;24816.00;39930.00;64746.00;39930;24816;0.00;0.00;0;0
1421249232;eth0;18226300.00;52421772.00;70648072.00;52421771;18226300;24311.00;39635.00;63946.00;39635;24311;0.00;0.00;0;0
1421249232;total;18226300.00;52421772.00;70648072.00;52421771;18226300;24311.00;39635.00;63946.00;39635;24311;0.00;0.00;0;0
1421249233;eth0;18466792.00;52998072.00;71464864.00;52998071;18466793;25050.00;40221.00;65271.00;40221;25050;0.00;0.00;0;0
1421249233;total;18466792.00;52998072.00;71464864.00;52998071;18466793;25050.00;40221.00;65271.00;40221;25050;0.00;0.00;0;0
1421249234;eth0;18489116.00;52956304.00;71445424.00;52956305;18489117;25345.00;39991.00;65336.00;39991;25345;0.00;0.00;0;0
1421249234;total;18489116.00;52956304.00;71445424.00;52956305;18489117;25345.00;39991.00;65336.00;39991;25345;0.00;0.00;0;0
1421249235;eth0;18445956.00;52978952.00;71424904.00;52978951;18445955;24772.00;39935.00;64707.00;39935;24772;0.00;0.00;0;0
1421249235;total;18445956.00;52978952.00;71424904.00;52978951;18445955;24772.00;39935.00;64707.00;39935;24772;0.00;0.00;0;0
1421249236;eth0;18380064.00;52989368.00;71369432.00;52989369;18380063;23811.00;40096.00;63907.00;40096;23811;0.00;0.00;0;0
1421249236;total;18380064.00;52989368.00;71369432.00;52989369;18380063;23811.00;40096.00;63907.00;40096;23811;0.00;0.00;0;0
1421249237;eth0;18377472.00;53003608.00;71381080.00;53003607;18377473;23775.00;40190.00;63965.00;40190;23775;0.00;0.00;0;0
1421249237;total;18377472.00;53003608.00;71381080.00;53003607;18377473;23775.00;40190.00;63965.00;40190;23775;0.00;0.00;0;0
1421249238;eth0;18353260.00;52959112.00;71312376.00;52959113;18353261;23662.00;40176.00;63838.00;40176;23662;0.00;0.00;0;0
1421249238;total;18353260.00;52959112.00;71312376.00;52959113;18353261;23662.00;40176.00;63838.00;40176;23662;0.00;0.00;0;0
1421249239;eth0;18455664.00;53004436.00;71460096.00;53004435;18455663;24891.00;40263.00;65154.00;40263;24891;0.00;0.00;0;0
1421249239;total;18455664.00;53004436.00;71460096.00;53004435;18455663;24891.00;40263.00;65154.00;40263;24891;0.00;0.00;0;0
1421249240;eth0;18464904.00;52999256.00;71464160.00;52999255;18464903;25023.00;40238.00;65261.00;40238;25023;0.00;0.00;0;0
1421249240;total;18464904.00;52999256.00;71464160.00;52999255;18464903;25023.00;40238.00;65261.00;40238;25023;0.00;0.00;0;0
1421249241;eth0;18383564.00;52997016.00;71380576.00;52997015;18383563;23861.00;40206.00;64067.00;40206;23861;0.00;0.00;0;0
1421249241;total;18383564.00;52997016.00;71380576.00;52997015;18383563;23861.00;40206.00;64067.00;40206;23861;0.00;0.00;0;0
1421249242;eth0;18431054.00;53010956.00;71442008.00;53010957;18431054;24422.00;40219.00;64641.00;40219;24422;0.00;0.00;0;0
1421249242;total;18431054.00;53010956.00;71442008.00;53010957;18431054;24422.00;40219.00;64641.00;40219;24422;0.00;0.00;0;0
1421249243;eth0;18422484.00;52952260.00;71374744.00;52952259;18422483;24417.00;40086.00;64503.00;40086;24417;0.00;0.00;0;0
1421249243;total;18422484.00;52952260.00;71374744.00;52952259;18422483;24417.00;40086.00;64503.00;40086;24417;0.00;0.00;0;0
1421249244;eth0;18403024.00;53000552.00;71403576.00;53000551;18403023;24139.00;39938.00;64077.00;39938;24139;0.00;0.00;0;0
1421249244;total;18403024.00;53000552.00;71403576.00;53000551;18403023;24139.00;39938.00;64077.00;39938;24139;0.00;0.00;0;0
1421249245;eth0;18345504.00;52982920.00;71328424.00;52982919;18345504;23353.00;40122.00;63475.00;40122;23353;0.00;0.00;0;0
1421249245;total;18345504.00;52982920.00;71328424.00;52982919;18345504;23353.00;40122.00;63475.00;40122;23353;0.00;0.00;0;0
1421249246;eth0;18308572.00;53023564.00;71332136.00;53023565;18308572;22754.00;40461.00;63215.00;40461;22754;0.00;0.00;0;0
1421249246;total;18308572.00;53023564.00;71332136.00;53023565;18308572;22754.00;40461.00;63215.00;40461;22754;0.00;0.00;0;0
1421249247;eth0;19315356.00;52938640.00;72254000.00;52938641;19315356;24420.00;40549.00;64969.00;40549;24420;0.00;0.00;0;0
1421249247;total;19315356.00;52938640.00;72254000.00;52938641;19315356;24420.00;40549.00;64969.00;40549;24420;0.00;0.00;0;0
1421249248;eth0;18419188.00;52972860.00;71392048.00;52972859;18419187;24370.00;40331.00;64701.00;40331;24370;0.00;0.00;0;0
1421249248;total;18419188.00;52972860.00;71392048.00;52972859;18419187;24370.00;40331.00;64701.00;40331;24370;0.00;0.00;0;0
1421249249;eth0;18286228.00;53023496.00;71309728.00;53023497;18286229;22471.00;40239.00;62710.00;40239;22471;0.00;0.00;0;0
1421249249;total;18286228.00;53023496.00;71309728.00;53023497;18286229;22471.00;40239.00;62710.00;40239;22471;0.00;0.00;0;0
1421249250;eth0;18256678.00;53038928.00;71295608.00;53038929;18256678;21930.00;40708.00;62638.00;40708;21930;0.00;0.00;0;0
1421249250;total;18256678.00;53038928.00;71295608.00;53038929;18256678;21930.00;40708.00;62638.00;40708;21930;0.00;0.00;0;0
1421249251;eth0;18253924.00;53040032.00;71293952.00;53040033;18253923;22009.00;40711.00;62720.00;40711;22009;0.00;0.00;0;0
1421249251;total;18253924.00;53040032.00;71293952.00;53040033;18253923;22009.00;40711.00;62720.00;40711;22009;0.00;0.00;0;0
1421249252;eth0;18484868.00;53015504.00;71500368.00;53015503;18484869;22920.00;40518.00;63438.00;40518;22920;0.00;0.00;0;0
1421249252;total;18484868.00;53015504.00;71500368.00;53015503;18484869;22920.00;40518.00;63438.00;40518;22920;0.00;0.00;0;0
1421249253;eth0;18374184.00;52998592.00;71372776.00;52998593;18374183;23727.00;40111.00;63838.00;40111;23727;0.00;0.00;0;0
1421249253;total;18374184.00;52998592.00;71372776.00;52998593;18374183;23727.00;40111.00;63838.00;40111;23727;0.00;0.00;0;0
1421249254;eth0;18392434.00;52998896.00;71391328.00;52998895;18392434;23869.00;40136.00;64005.00;40136;23869;0.00;0.00;0;0
1421249254;total;18392434.00;52998896.00;71391328.00;52998895;18392434;23869.00;40136.00;64005.00;40136;23869;0.00;0.00;0;0
1421249255;eth0;18386012.00;53000364.00;71386376.00;53000365;18386013;23896.00;40108.00;64004.00;40108;23896;0.00;0.00;0;0
1421249255;total;18386012.00;53000364.00;71386376.00;53000365;18386013;23896.00;40108.00;64004.00;40108;23896;0.00;0.00;0;0
1421249256;eth0;18324412.00;52999256.00;71323664.00;52999255;18324413;23016.00;40363.00;63379.00;40363;23016;0.00;0.00;0;0
1421249256;total;18324412.00;52999256.00;71323664.00;52999255;18324413;23016.00;40363.00;63379.00;40363;23016;0.00;0.00;0;0
1421249257;eth0;18265544.00;53025872.00;71291416.00;53025874;18265543;22175.00;40618.00;62793.00;40618;22175;0.00;0.00;0;0
1421249257;total;18265544.00;53025872.00;71291416.00;53025874;18265543;22175.00;40618.00;62793.00;40618;22175;0.00;0.00;0;0
1421249258;eth0;18244612.00;53033184.00;71277800.00;53033185;18244613;21876.00;40605.00;62481.00;40605;21876;0.00;0.00;0;0
1421249258;total;18244612.00;53033184.00;71277800.00;53033185;18244613;21876.00;40605.00;62481.00;40605;21876;0.00;0.00;0;0
1421249259;eth0;18240972.00;53032180.00;71273152.00;53032179;18240973;21824.00;40591.00;62415.00;40591;21824;0.00;0.00;0;0
1421249259;total;18240972.00;53032180.00;71273152.00;53032179;18240973;21824.00;40591.00;62415.00;40591;21824;0.00;0.00;0;0
1421249260;eth0;18291608.00;53039756.00;71331368.00;53039757;18291609;22507.00;40782.00;63289.00;40782;22507;0.00;0.00;0;0
1421249260;total;18291608.00;53039756.00;71331368.00;53039757;18291609;22507.00;40782.00;63289.00;40782;22507;0.00;0.00;0;0
1421249261;eth0;18390048.00;53002532.00;71392576.00;53002533;18390047;23994.00;40312.00;64306.00;40312;23994;0.00;0.00;0;0
1421249261;total;18390048.00;53002532.00;71392576.00;53002533;18390047;23994.00;40312.00;64306.00;40312;23994;0.00;0.00;0;0
1421249262;eth0;18417024.00;53019656.00;71436680.00;53019655;18417024;24217.00;40316.00;64533.00;40316;24217;0.00;0.00;0;0
1421249262;total;18417024.00;53019656.00;71436680.00;53019655;18417024;24217.00;40316.00;64533.00;40316;24217;0.00;0.00;0;0
1421249263;eth0;18366132.00;53001184.00;71367312.00;53001183;18366133;23612.00;40258.00;63870.00;40258;23612;0.00;0.00;0;0
1421249263;total;18366132.00;53001184.00;71367312.00;53001183;18366133;23612.00;40258.00;63870.00;40258;23612;0.00;0.00;0;0
1421249264;eth0;18390980.00;53006924.00;71397904.00;53006923;18390981;23966.00;40230.00;64196.00;40230;23966;0.00;0.00;0;0
1421249264;total;18390980.00;53006924.00;71397904.00;53006923;18390981;23966.00;40230.00;64196.00;40230;23966;0.00;0.00;0;0
1421249265;eth0;18389544.00;53009336.00;71398880.00;53009335;18389544;23829.00;40224.00;64053.00;40224;23829;0.00;0.00;0;0
1421249265;total;18389544.00;53009336.00;71398880.00;53009335;18389544;23829.00;40224.00;64053.00;40224;23829;0.00;0.00;0;0
1421249266;eth0;18330060.00;52864812.00;71194872.00;52864813;18330060;23449.00;40197.00;63646.00;40197;23449;0.00;0.00;0;0
1421249266;total;18330060.00;52864812.00;71194872.00;52864813;18330060;23449.00;40197.00;63646.00;40197;23449;0.00;0.00;0;0
1421249267;eth0;18377016.00;52992216.00;71369232.00;52992217;18377016;23885.00;39820.00;63705.00;39820;23885;0.00;0.00;0;0
1421249267;total;18377016.00;52992216.00;71369232.00;52992217;18377016;23885.00;39820.00;63705.00;39820;23885;0.00;0.00;0;0
1421249268;eth0;18373232.00;53002796.00;71376032.00;53002797;18373233;23695.00;39943.00;63638.00;39943;23695;0.00;0.00;0;0
1421249268;total;18373232.00;53002796.00;71376032.00;53002797;18373233;23695.00;39943.00;63638.00;39943;23695;0.00;0.00;0;0
1421249269;eth0;18365564.00;52990432.00;71356000.00;52990433;18365565;23562.00;40078.00;63640.00;40078;23562;0.00;0.00;0;0
1421249269;total;18365564.00;52990432.00;71356000.00;52990433;18365565;23562.00;40078.00;63640.00;40078;23562;0.00;0.00;0;0
1421249270;eth0;18644200.00;53014584.00;71658784.00;53014585;18644200;27527.00;40249.00;67776.00;40249;27527;0.00;0.00;0;0
1421249270;total;18644200.00;53014584.00;71658784.00;53014585;18644200;27527.00;40249.00;67776.00;40249;27527;0.00;0.00;0;0
1421249271;eth0;18633184.00;53006656.00;71639840.00;53006657;18633183;27427.00;40337.00;67764.00;40337;27427;0.00;0.00;0;0
1421249271;total;18633184.00;53006656.00;71639840.00;53006657;18633183;27427.00;40337.00;67764.00;40337;27427;0.00;0.00;0;0
1421249272;eth0;18582084.00;52996520.00;71578608.00;52996521;18582083;26697.00;40212.00;66909.00;40212;26697;0.00;0.00;0;0
1421249272;total;18582084.00;52996520.00;71578608.00;52996521;18582083;26697.00;40212.00;66909.00;40212;26697;0.00;0.00;0;0
1421249273;eth0;18324064.00;52992460.00;71316528.00;52992461;18324063;23012.00;40093.00;63105.00;40093;23012;0.00;0.00;0;0
1421249273;total;18324064.00;52992460.00;71316528.00;52992461;18324063;23012.00;40093.00;63105.00;40093;23012;0.00;0.00;0;0
1421249274;eth0;18334928.00;53001108.00;71336032.00;53001107;18334928;23042.00;40098.00;63140.00;40098;23042;0.00;0.00;0;0
1421249274;total;18334928.00;53001108.00;71336032.00;53001107;18334928;23042.00;40098.00;63140.00;40098;23042;0.00;0.00;0;0
1421249275;eth0;18316084.00;53002144.00;71318224.00;53002143;18316083;22897.00;40212.00;63109.00;40212;22897;0.00;0.00;0;0
1421249275;total;18316084.00;53002144.00;71318224.00;53002143;18316083;22897.00;40212.00;63109.00;40212;22897;0.00;0.00;0;0
1421249276;eth0;18258684.00;53038836.00;71297520.00;53038835;18258683;22077.00;40719.00;62796.00;40719;22077;0.00;0.00;0;0
1421249276;total;18258684.00;53038836.00;71297520.00;53038835;18258683;22077.00;40719.00;62796.00;40719;22077;0.00;0.00;0;0
1421249277;eth0;18245588.00;53048844.00;71294432.00;53048845;18245587;21891.00;40733.00;62624.00;40733;21891;0.00;0.00;0;0
1421249277;total;18245588.00;53048844.00;71294432.00;53048845;18245587;21891.00;40733.00;62624.00;40733;21891;0.00;0.00;0;0
1421249278;eth0;18270404.00;53044080.00;71314488.00;53044081;18270404;22126.00;40739.00;62865.00;40739;22126;0.00;0.00;0;0
1421249278;total;18270404.00;53044080.00;71314488.00;53044081;18270404;22126.00;40739.00;62865.00;40739;22126;0.00;0.00;0;0
1421249279;eth0;18242304.00;53029716.00;71272016.00;53029717;18242303;21843.00;40673.00;62516.00;40673;21843;0.00;0.00;0;0
1421249279;total;18242304.00;53029716.00;71272016.00;53029717;18242303;21843.00;40673.00;62516.00;40673;21843;0.00;0.00;0;0
1421249280;eth0;18406452.00;53023900.00;71430352.00;53023899;18406453;24188.00;40604.00;64792.00;40604;24188;0.00;0.00;0;0
1421249280;total;18406452.00;53023900.00;71430352.00;53023899;18406453;24188.00;40604.00;64792.00;40604;24188;0.00;0.00;0;0
1421249281;eth0;18376844.00;53016756.00;71393600.00;53016757;18376843;23765.00;40391.00;64156.00;40391;23765;0.00;0.00;0;0
1421249281;total;18376844.00;53016756.00;71393600.00;53016757;18376843;23765.00;40391.00;64156.00;40391;23765;0.00;0.00;0;0
1421249282;eth0;19466236.00;52946072.00;72412304.00;52946073;19466235;25379.00;40467.00;65846.00;40467;25379;0.00;0.00;0;0
1421249282;total;19466236.00;52946072.00;72412304.00;52946073;19466235;25379.00;40467.00;65846.00;40467;25379;0.00;0.00;0;0
1421249283;eth0;18495492.00;52979648.00;71475136.00;52979647;18495493;25460.00;39882.00;65342.00;39882;25460;0.00;0.00;0;0
1421249283;total;18495492.00;52979648.00;71475136.00;52979647;18495493;25460.00;39882.00;65342.00;39882;25460;0.00;0.00;0;0
1421249284;eth0;18462472.00;52998836.00;71461312.00;52998837;18462473;24983.00;40068.00;65051.00;40068;24983;0.00;0.00;0;0
1421249284;total;18462472.00;52998836.00;71461312.00;52998837;18462473;24983.00;40068.00;65051.00;40068;24983;0.00;0.00;0;0
1421249285;eth0;18361540.00;53009592.00;71371136.00;53009593;18361539;23505.00;40366.00;63871.00;40366;23505;0.00;0.00;0;0
1421249285;total;18361540.00;53009592.00;71371136.00;53009593;18361539;23505.00;40366.00;63871.00;40366;23505;0.00;0.00;0;0
1421249286;eth0;18463158.00;53018548.00;71481704.00;53018547;18463158;24921.00;40334.00;65255.00;40334;24921;0.00;0.00;0;0
1421249286;total;18463158.00;53018548.00;71481704.00;53018547;18463158;24921.00;40334.00;65255.00;40334;24921;0.00;0.00;0;0
1421249287;eth0;18638268.00;53009956.00;71648224.00;53009956;18638269;25117.00;40313.00;65430.00;40313;25117;0.00;0.00;0;0
1421249287;total;18638268.00;53009956.00;71648224.00;53009956;18638269;25117.00;40313.00;65430.00;40313;25117;0.00;0.00;0;0
1421249288;eth0;18457624.00;53007740.00;71465360.00;53007739;18457623;24918.00;40345.00;65263.00;40345;24918;0.00;0.00;0;0
1421249288;total;18457624.00;53007740.00;71465360.00;53007739;18457623;24918.00;40345.00;65263.00;40345;24918;0.00;0.00;0;0
1421249289;eth0;18445620.00;53009352.00;71454968.00;53009351;18445619;24747.00;40382.00;65129.00;40382;24747;0.00;0.00;0;0
1421249289;total;18445620.00;53009352.00;71454968.00;53009351;18445619;24747.00;40382.00;65129.00;40382;24747;0.00;0.00;0;0
1421249290;eth0;18483384.00;52998848.00;71482232.00;52998847;18483383;25287.00;40232.00;65519.00;40232;25287;0.00;0.00;0;0
1421249290;total;18483384.00;52998848.00;71482232.00;52998847;18483383;25287.00;40232.00;65519.00;40232;25287;0.00;0.00;0;0
1421249291;eth0;18480792.00;53003720.00;71484512.00;53003721;18480793;25250.00;40303.00;65553.00;40303;25250;0.00;0.00;0;0
1421249291;total;18480792.00;53003720.00;71484512.00;53003721;18480793;25250.00;40303.00;65553.00;40303;25250;0.00;0.00;0;0
1421249292;eth0;18498084.00;53021284.00;71519368.00;53021283;18498084;25375.00;40331.00;65706.00;40331;25375;0.00;0.00;0;0
1421249292;total;18498084.00;53021284.00;71519368.00;53021283;18498084;25375.00;40331.00;65706.00;40331;25375;0.00;0.00;0;0
1421249293;eth0;18501304.00;53015056.00;71516360.00;53015057;18501303;25543.00;40332.00;65875.00;40332;25543;0.00;0.00;0;0
1421249293;total;18501304.00;53015056.00;71516360.00;53015057;18501303;25543.00;40332.00;65875.00;40332;25543;0.00;0.00;0;0
1421249294;eth0;18477860.00;52997008.00;71474864.00;52997009;18477859;25206.00;40206.00;65412.00;40206;25206;0.00;0.00;0;0
1421249294;total;18477860.00;52997008.00;71474864.00;52997009;18477859;25206.00;40206.00;65412.00;40206;25206;0.00;0.00;0;0
1421249295;eth0;18454800.00;52999504.00;71454304.00;52999505;18454801;24860.00;40235.00;65095.00;40235;24860;0.00;0.00;0;0
1421249295;total;18454800.00;52999504.00;71454304.00;52999505;18454801;24860.00;40235.00;65095.00;40235;24860;0.00;0.00;0;0
1421249296;eth0;18631346.00;53008208.00;71639552.00;53008207;18631346;27302.00;40380.00;67682.00;40380;27302;0.00;0.00;0;0
1421249296;total;18631346.00;53008208.00;71639552.00;53008207;18631346;27302.00;40380.00;67682.00;40380;27302;0.00;0.00;0;0
1421249297;eth0;18506132.00;52981716.00;71487848.00;52981715;18506133;25612.00;39994.00;65606.00;39994;25612;0.00;0.00;0;0
1421249297;total;18506132.00;52981716.00;71487848.00;52981715;18506133;25612.00;39994.00;65606.00;39994;25612;0.00;0.00;0;0
1421249298;eth0;18492344.00;52984512.00;71476856.00;52984513;18492343;25416.00;39938.00;65354.00;39938;25416;0.00;0.00;0;0
1421249298;total;18492344.00;52984512.00;71476856.00;52984513;18492343;25416.00;39938.00;65354.00;39938;25416;0.00;0.00;0;0
1421249299;eth0;18470464.00;52991212.00;71461680.00;52991213;18470464;24984.00;39909.00;64893.00;39909;24984;0.00;0.00;0;0
1421249299;total;18470464.00;52991212.00;71461680.00;52991213;18470464;24984.00;39909.00;64893.00;39909;24984;0.00;0.00;0;0
1421249300;eth0;18363512.00;52987508.00;71351024.00;52987509;18363512;23692.00;40360.00;64052.00;40360;23692;0.00;0.00;0;0
1421249300;total;18363512.00;52987508.00;71351024.00;52987509;18363512;23692.00;40360.00;64052.00;40360;23692;0.00;0.00;0;0
1421249301;eth0;18314988.00;53043716.00;71358704.00;53043717;18314989;22841.00;40764.00;63605.00;40764;22841;0.00;0.00;0;0
1421249301;total;18314988.00;53043716.00;71358704.00;53043717;18314989;22841.00;40764.00;63605.00;40764;22841;0.00;0.00;0;0
1421249302;eth0;18327638.00;53063008.00;71390648.00;53063009;18327638;22985.00;40968.00;63953.00;40968;22985;0.00;0.00;0;0
1421249302;total;18327638.00;53063008.00;71390648.00;53063009;18327638;22985.00;40968.00;63953.00;40968;22985;0.00;0.00;0;0
1421249303;eth0;18386680.00;52988500.00;71375184.00;52988499;18386681;24038.00;40402.00;64440.00;40402;24038;0.00;0.00;0;0
1421249303;total;18386680.00;52988500.00;71375184.00;52988499;18386681;24038.00;40402.00;64440.00;40402;24038;0.00;0.00;0;0
1421249304;eth0;18254064.00;53027812.00;71281872.00;53027811;18254064;21996.00;40500.00;62496.00;40500;21996;0.00;0.00;0;0
1421249304;total;18254064.00;53027812.00;71281872.00;53027811;18254064;21996.00;40500.00;62496.00;40500;21996;0.00;0.00;0;0
1421249305;eth0;18281852.00;53021036.00;71302888.00;53021035;18281853;22408.00;40487.00;62895.00;40487;22408;0.00;0.00;0;0
1421249305;total;18281852.00;53021036.00;71302888.00;53021035;18281853;22408.00;40487.00;62895.00;40487;22408;0.00;0.00;0;0
1421249306;eth0;18313644.00;52828528.00;71142168.00;52828527;18313643;23332.00;39993.00;63325.00;39993;23332;0.00;0.00;0;0
1421249306;total;18313644.00;52828528.00;71142168.00;52828527;18313643;23332.00;39993.00;63325.00;39993;23332;0.00;0.00;0;0
1421249307;eth0;18375864.00;53017352.00;71393216.00;53017351;18375863;23753.00;40053.00;63806.00;40053;23753;0.00;0.00;0;0
1421249307;total;18375864.00;53017352.00;71393216.00;53017351;18375863;23753.00;40053.00;63806.00;40053;23753;0.00;0.00;0;0
1421249308;eth0;18407734.00;52978612.00;71386344.00;52978613;18407734;24324.00;39971.00;64295.00;39971;24324;0.00;0.00;0;0
1421249308;total;18407734.00;52978612.00;71386344.00;52978613;18407734;24324.00;39971.00;64295.00;39971;24324;0.00;0.00;0;0
1421249309;eth0;18351850.00;53003220.00;71355072.00;53003219;18351850;23288.00;40239.00;63527.00;40239;23288;0.00;0.00;0;0
1421249309;total;18351850.00;53003220.00;71355072.00;53003219;18351850;23288.00;40239.00;63527.00;40239;23288;0.00;0.00;0;0
1421249310;eth0;18253012.00;53026676.00;71279688.00;53026677;18253013;21996.00;40498.00;62494.00;40498;21996;0.00;0.00;0;0
1421249310;total;18253012.00;53026676.00;71279688.00;53026677;18253013;21996.00;40498.00;62494.00;40498;21996;0.00;0.00;0;0
1421249311;eth0;18244404.00;53023104.00;71267504.00;53023105;18244403;21874.00;40461.00;62335.00;40461;21874;0.00;0.00;0;0
1421249311;total;18244404.00;53023104.00;71267504.00;53023105;18244403;21874.00;40461.00;62335.00;40461;21874;0.00;0.00;0;0
1421249312;eth0;18252664.00;53018868.00;71271528.00;53018867;18252664;21868.00;40408.00;62276.00;40408;21868;0.00;0.00;0;0
1421249312;total;18252664.00;53018868.00;71271528.00;53018867;18252664;21868.00;40408.00;62276.00;40408;21868;0.00;0.00;0;0
1421249313;eth0;18240132.00;53014660.00;71254792.00;53014659;18240133;21812.00;40347.00;62159.00;40347;21812;0.00;0.00;0;0
1421249313;total;18240132.00;53014660.00;71254792.00;53014659;18240133;21812.00;40347.00;62159.00;40347;21812;0.00;0.00;0;0
1421249314;eth0;18281512.00;53011336.00;71292848.00;53011335;18281513;22399.00;40404.00;62803.00;40404;22399;0.00;0.00;0;0
1421249314;total;18281512.00;53011336.00;71292848.00;53011335;18281513;22399.00;40404.00;62803.00;40404;22399;0.00;0.00;0;0
1421249315;eth0;18265404.00;53033060.00;71298464.00;53033061;18265403;22173.00;40583.00;62756.00;40583;22173;0.00;0.00;0;0
1421249315;total;18265404.00;53033060.00;71298464.00;53033061;18265403;22173.00;40583.00;62756.00;40583;22173;0.00;0.00;0;0
1421249316;eth0;18262332.00;52976004.00;71238336.00;52976005;18262331;22364.00;40507.00;62871.00;40507;22364;0.00;0.00;0;0
1421249316;total;18262332.00;52976004.00;71238336.00;52976005;18262331;22364.00;40507.00;62871.00;40507;22364;0.00;0.00;0;0
1421249317;eth0;19607832.00;52894276.00;72502112.00;52894277;19607833;27763.00;40537.00;68300.00;40537;27763;0.00;0.00;0;0
1421249317;total;19607832.00;52894276.00;72502112.00;52894277;19607833;27763.00;40537.00;68300.00;40537;27763;0.00;0.00;0;0
1421249318;eth0;18709860.00;53027588.00;71737448.00;53027589;18709859;28482.00;40497.00;68979.00;40497;28482;0.00;0.00;0;0
1421249318;total;18709860.00;53027588.00;71737448.00;53027589;18709859;28482.00;40497.00;68979.00;40497;28482;0.00;0.00;0;0
1421249319;eth0;18463088.00;53018168.00;71481256.00;53018168;18463088;24920.00;40274.00;65194.00;40274;24920;0.00;0.00;0;0
1421249319;total;18463088.00;53018168.00;71481256.00;53018168;18463088;24920.00;40274.00;65194.00;40274;24920;0.00;0.00;0;0
1421249320;eth0;18430812.00;53005428.00;71436240.00;53005429;18430813;24536.00;40311.00;64847.00;40311;24536;0.00;0.00;0;0
1421249320;total;18430812.00;53005428.00;71436240.00;53005429;18430813;24536.00;40311.00;64847.00;40311;24536;0.00;0.00;0;0
1421249321;eth0;18382512.00;53000220.00;71382736.00;53000221;18382513;23846.00;40342.00;64188.00;40342;23846;0.00;0.00;0;0
1421249321;total;18382512.00;53000220.00;71382736.00;53000221;18382513;23846.00;40342.00;64188.00;40342;23846;0.00;0.00;0;0
1421249322;eth0;18516324.00;52999684.00;71516008.00;52999683;18516325;23372.00;40124.00;63496.00;40124;23372;0.00;0.00;0;0
1421249322;total;18516324.00;52999684.00;71516008.00;52999683;18516325;23372.00;40124.00;63496.00;40124;23372;0.00;0.00;0;0
1421249323;eth0;18451464.00;53007640.00;71459104.00;53007641;18451463;24831.00;40358.00;65189.00;40358;24831;0.00;0.00;0;0
1421249323;total;18451464.00;53007640.00;71459104.00;53007641;18451463;24831.00;40358.00;65189.00;40358;24831;0.00;0.00;0;0
1421249324;eth0;18447956.00;53006240.00;71454200.00;53006241;18447957;24780.00;40338.00;65118.00;40338;24780;0.00;0.00;0;0
1421249324;total;18447956.00;53006240.00;71454200.00;53006241;18447957;24780.00;40338.00;65118.00;40338;24780;0.00;0.00;0;0
1421249325;eth0;18448484.00;53023536.00;71472024.00;53023537;18448484;24671.00;40391.00;65062.00;40391;24671;0.00;0.00;0;0
1421249325;total;18448484.00;53023536.00;71472024.00;53023537;18448484;24671.00;40391.00;65062.00;40391;24671;0.00;0.00;0;0
1421249326;eth0;18444324.00;52945188.00;71389512.00;52945189;18444323;24729.00;40151.00;64880.00;40151;24729;0.00;0.00;0;0
1421249326;total;18444324.00;52945188.00;71389512.00;52945189;18444323;24729.00;40151.00;64880.00;40151;24729;0.00;0.00;0;0
1421249327;eth0;18636584.00;53024448.00;71661032.00;53024449;18636583;25211.00;40052.00;65263.00;40052;25211;0.00;0.00;0;0
1421249327;total;18636584.00;53024448.00;71661032.00;53024449;18636583;25211.00;40052.00;65263.00;40052;25211;0.00;0.00;0;0
1421249328;eth0;18428152.00;52978324.00;71406480.00;52978325;18428153;24498.00;39939.00;64437.00;39939;24498;0.00;0.00;0;0
1421249328;total;18428152.00;52978324.00;71406480.00;52978325;18428153;24498.00;39939.00;64437.00;39939;24498;0.00;0.00;0;0
1421249329;eth0;18373724.00;52980424.00;71354144.00;52980423;18373723;23720.00;39969.00;63689.00;39969;23720;0.00;0.00;0;0
1421249329;total;18373724.00;52980424.00;71354144.00;52980423;18373723;23720.00;39969.00;63689.00;39969;23720;0.00;0.00;0;0
1421249330;eth0;18331344.00;52992216.00;71323560.00;52992215;18331343;23115.00;40034.00;63149.00;40034;23115;0.00;0.00;0;0
1421249330;total;18331344.00;52992216.00;71323560.00;52992215;18331343;23115.00;40034.00;63149.00;40034;23115;0.00;0.00;0;0
1421249331;eth0;18282234.00;53034948.00;71317184.00;53034947;18282234;22296.00;40562.00;62858.00;40562;22296;0.00;0.00;0;0
1421249331;total;18282234.00;53034948.00;71317184.00;53034947;18282234;22296.00;40562.00;62858.00;40562;22296;0.00;0.00;0;0
1421249332;eth0;18494252.00;53002000.00;71496256.00;53001999;18494253;23056.00;40182.00;63238.00;40182;23056;0.00;0.00;0;0
1421249332;total;18494252.00;53002000.00;71496256.00;53001999;18494253;23056.00;40182.00;63238.00;40182;23056;0.00;0.00;0;0
1421249333;eth0;18323708.00;52988932.00;71312640.00;52988931;18323707;23006.00;40097.00;63103.00;40097;23006;0.00;0.00;0;0
1421249333;total;18323708.00;52988932.00;71312640.00;52988931;18323707;23006.00;40097.00;63103.00;40097;23006;0.00;0.00;0;0
1421249334;eth0;18331368.00;52990480.00;71321848.00;52990481;18331369;23114.00;40106.00;63220.00;40106;23114;0.00;0.00;0;0
1421249334;total;18331368.00;52990480.00;71321848.00;52990481;18331369;23114.00;40106.00;63220.00;40106;23114;0.00;0.00;0;0
1421249335;eth0;18338276.00;52997968.00;71336248.00;52997969;18338277;23153.00;40102.00;63255.00;40102;23153;0.00;0.00;0;0
1421249335;total;18338276.00;52997968.00;71336248.00;52997969;18338277;23153.00;40102.00;63255.00;40102;23153;0.00;0.00;0;0
1421249336;eth0;18303114.00;52783184.00;71086296.00;52783183;18303114;23360.00;39613.00;62973.00;39613;23360;0.00;0.00;0;0
1421249336;total;18303114.00;52783184.00;71086296.00;52783183;18303114;23360.00;39613.00;62973.00;39613;23360;0.00;0.00;0;0
1421249337;eth0;18453844.00;52904160.00;71358000.00;52904161;18453843;23186.00;40247.00;63433.00;40247;23186;0.00;0.00;0;0
1421249337;total;18453844.00;52904160.00;71358000.00;52904161;18453843;23186.00;40247.00;63433.00;40247;23186;0.00;0.00;0;0
1421249338;eth0;18314824.00;53028844.00;71343664.00;53028845;18314823;22879.00;40593.00;63472.00;40593;22879;0.00;0.00;0;0
1421249338;total;18314824.00;53028844.00;71343664.00;53028845;18314823;22879.00;40593.00;63472.00;40593;22879;0.00;0.00;0;0
1421249339;eth0;18317504.00;53024456.00;71341960.00;53024457;18317503;22877.00;40542.00;63419.00;40542;22877;0.00;0.00;0;0
1421249339;total;18317504.00;53024456.00;71341960.00;53024457;18317503;22877.00;40542.00;63419.00;40542;22877;0.00;0.00;0;0
1421249340;eth0;18326448.00;53031128.00;71357576.00;53031129;18326448;22968.00;40500.00;63468.00;40500;22968;0.00;0.00;0;0
1421249340;total;18326448.00;53031128.00;71357576.00;53031129;18326448;22968.00;40500.00;63468.00;40500;22968;0.00;0.00;0;0
1421249341;eth0;18322592.00;53013232.00;71335824.00;53013233;18322593;22990.00;40417.00;63407.00;40417;22990;0.00;0.00;0;0
1421249341;total;18322592.00;53013232.00;71335824.00;53013233;18322593;22990.00;40417.00;63407.00;40417;22990;0.00;0.00;0;0
1421249342;eth0;18497572.00;53015332.00;71512904.00;53015331;18497573;23108.00;40421.00;63529.00;40421;23108;0.00;0.00;0;0
1421249342;total;18497572.00;53015332.00;71512904.00;53015331;18497573;23108.00;40421.00;63529.00;40421;23108;0.00;0.00;0;0
1421249343;eth0;18383284.00;52993444.00;71376728.00;52993443;18383283;23857.00;40279.00;64136.00;40279;23857;0.00;0.00;0;0
1421249343;total;18383284.00;52993444.00;71376728.00;52993443;18383283;23857.00;40279.00;64136.00;40279;23857;0.00;0.00;0;0
1421249344;eth0;18362628.00;52813808.00;71176432.00;52813809;18362627;24497.00;40107.00;64604.00;40107;24497;0.00;0.00;0;0
1421249344;total;18362628.00;52813808.00;71176432.00;52813809;18362627;24497.00;40107.00;64604.00;40107;24497;0.00;0.00;0;0
1421249345;eth0;18460144.00;53003176.00;71463320.00;53003177;18460143;24955.00;40197.00;65152.00;40197;24955;0.00;0.00;0;0
1421249345;total;18460144.00;53003176.00;71463320.00;53003177;18460143;24955.00;40197.00;65152.00;40197;24955;0.00;0.00;0;0
1421249346;eth0;18347926.00;52688828.00;71036752.00;52688827;18347926;24174.00;39907.00;64081.00;39907;24174;0.00;0.00;0;0
1421249346;total;18347926.00;52688828.00;71036752.00;52688827;18347926;24174.00;39907.00;64081.00;39907;24174;0.00;0.00;0;0
1421249347;eth0;18451040.00;52750892.00;71201936.00;52750891;18451041;23616.00;39572.00;63188.00;39572;23616;0.00;0.00;0;0
1421249347;total;18451040.00;52750892.00;71201936.00;52750891;18451041;23616.00;39572.00;63188.00;39572;23616;0.00;0.00;0;0
1421249348;eth0;18397212.00;53020488.00;71417704.00;53020489;18397213;24056.00;39966.00;64022.00;39966;24056;0.00;0.00;0;0
1421249348;total;18397212.00;53020488.00;71417704.00;53020489;18397213;24056.00;39966.00;64022.00;39966;24056;0.00;0.00;0;0
1421249349;eth0;18420280.00;52982492.00;71402768.00;52982493;18420279;24385.00;39894.00;64279.00;39894;24385;0.00;0.00;0;0
1421249349;total;18420280.00;52982492.00;71402768.00;52982493;18420279;24385.00;39894.00;64279.00;39894;24385;0.00;0.00;0;0
1421249350;eth0;18575012.00;53003328.00;71578344.00;53003330;18575013;26596.00;40282.00;66878.00;40282;26596;0.00;0.00;0;0
1421249350;total;18575012.00;53003328.00;71578344.00;53003330;18575013;26596.00;40282.00;66878.00;40282;26596;0.00;0.00;0;0
1421249351;eth0;18326024.00;52988204.00;71314224.00;52988205;18326023;23039.00;40067.00;63106.00;40067;23039;0.00;0.00;0;0
1421249351;total;18326024.00;52988204.00;71314224.00;52988205;18326023;23039.00;40067.00;63106.00;40067;23039;0.00;0.00;0;0
1421249352;eth0;18545004.00;53004172.00;71549176.00;53004171;18545003;23781.00;40240.00;64021.00;40240;23781;0.00;0.00;0;0
1421249352;total;18545004.00;53004172.00;71549176.00;53004171;18545003;23781.00;40240.00;64021.00;40240;23781;0.00;0.00;0;0
1421249353;eth0;18332984.00;52997636.00;71330624.00;52997637;18332984;23021.00;40070.00;63091.00;40070;23021;0.00;0.00;0;0
1421249353;total;18332984.00;52997636.00;71330624.00;52997637;18332984;23021.00;40070.00;63091.00;40070;23021;0.00;0.00;0;0
1421249354;eth0;18329300.00;52999136.00;71328440.00;52999137;18329301;23080.00;40099.00;63179.00;40099;23080;0.00;0.00;0;0
1421249354;total;18329300.00;52999136.00;71328440.00;52999137;18329301;23080.00;40099.00;63179.00;40099;23080;0.00;0.00;0;0
1421249355;eth0;18324802.00;52975228.00;71300032.00;52975227;18324802;23139.00;40115.00;63254.00;40115;23139;0.00;0.00;0;0
1421249355;total;18324802.00;52975228.00;71300032.00;52975227;18324802;23139.00;40115.00;63254.00;40115;23139;0.00;0.00;0;0
1421249356;eth0;18252872.00;53038416.00;71291288.00;53038417;18252873;21994.00;40715.00;62709.00;40715;21994;0.00;0.00;0;0
1421249356;total;18252872.00;53038416.00;71291288.00;53038417;18252873;21994.00;40715.00;62709.00;40715;21994;0.00;0.00;0;0
1421249357;eth0;18252974.00;53028660.00;71281632.00;53028659;18252974;21878.00;40547.00;62425.00;40547;21878;0.00;0.00;0;0
1421249357;total;18252974.00;53028660.00;71281632.00;53028659;18252974;21878.00;40547.00;62425.00;40547;21878;0.00;0.00;0;0
1421249358;eth0;18241184.00;53016204.00;71257384.00;53016203;18241183;21827.00;40432.00;62259.00;40432;21827;0.00;0.00;0;0
1421249358;total;18241184.00;53016204.00;71257384.00;53016203;18241183;21827.00;40432.00;62259.00;40432;21827;0.00;0.00;0;0
1421249359;eth0;18266384.00;53034584.00;71300968.00;53034585;18266383;22187.00;40735.00;62922.00;40735;22187;0.00;0.00;0;0
1421249359;total;18266384.00;53034584.00;71300968.00;53034585;18266383;22187.00;40735.00;62922.00;40735;22187;0.00;0.00;0;0
1421249360;eth0;18323480.00;53036296.00;71359776.00;53036295;18323481;22984.00;40705.00;63689.00;40705;22984;0.00;0.00;0;0
1421249360;total;18323480.00;53036296.00;71359776.00;53036295;18323481;22984.00;40705.00;63689.00;40705;22984;0.00;0.00;0;0
1421249361;eth0;18330836.00;53036056.00;71366896.00;53036057;18330836;23009.00;40571.00;63580.00;40571;23009;0.00;0.00;0;0
1421249361;total;18330836.00;53036056.00;71366896.00;53036057;18330836;23009.00;40571.00;63580.00;40571;23009;0.00;0.00;0;0
1421249362;eth0;18312648.00;53043128.00;71355776.00;53043127;18312647;22848.00;40767.00;63615.00;40767;22848;0.00;0.00;0;0
1421249362;total;18312648.00;53043128.00;71355776.00;53043127;18312647;22848.00;40767.00;63615.00;40767;22848;0.00;0.00;0;0
1421249363;eth0;18348144.00;53012212.00;71360352.00;53012211;18348143;23356.00;40431.00;63787.00;40431;23356;0.00;0.00;0;0
1421249363;total;18348144.00;53012212.00;71360352.00;53012211;18348143;23356.00;40431.00;63787.00;40431;23356;0.00;0.00;0;0
1421249364;eth0;18381184.00;53014316.00;71395504.00;53014317;18381183;23826.00;40446.00;64272.00;40446;23826;0.00;0.00;0;0
1421249364;total;18381184.00;53014316.00;71395504.00;53014317;18381183;23826.00;40446.00;64272.00;40446;23826;0.00;0.00;0;0
1421249365;eth0;18320360.00;53004880.00;71325240.00;53004879;18320361;23194.00;40686.00;63880.00;40686;23194;0.00;0.00;0;0
1421249365;total;18320360.00;53004880.00;71325240.00;53004879;18320361;23194.00;40686.00;63880.00;40686;23194;0.00;0.00;0;0
1421249366;eth0;18422764.00;53010544.00;71433312.00;53010545;18422763;24420.00;40384.00;64804.00;40384;24420;0.00;0.00;0;0
1421249366;total;18422764.00;53010544.00;71433312.00;53010545;18422763;24420.00;40384.00;64804.00;40384;24420;0.00;0.00;0;0
1421249367;eth0;18454264.00;52996956.00;71451216.00;52996957;18454263;24871.00;40205.00;65076.00;40205;24871;0.00;0.00;0;0
1421249367;total;18454264.00;52996956.00;71451216.00;52996957;18454263;24871.00;40205.00;65076.00;40205;24871;0.00;0.00;0;0
1421249368;eth0;18424000.00;52955696.00;71379696.00;52955697;18424001;24419.00;40352.00;64771.00;40352;24419;0.00;0.00;0;0
1421249368;total;18424000.00;52955696.00;71379696.00;52955697;18424001;24419.00;40352.00;64771.00;40352;24419;0.00;0.00;0;0
1421249369;eth0;18322822.00;53021340.00;71344160.00;53021339;18322822;22895.00;40069.00;62964.00;40069;22895;0.00;0.00;0;0
1421249369;total;18322822.00;53021340.00;71344160.00;53021339;18322822;22895.00;40069.00;62964.00;40069;22895;0.00;0.00;0;0
1421249370;eth0;18301172.00;53006068.00;71307240.00;53006069;18301173;22684.00;40083.00;62767.00;40083;22684;0.00;0.00;0;0
1421249370;total;18301172.00;53006068.00;71307240.00;53006069;18301173;22684.00;40083.00;62767.00;40083;22684;0.00;0.00;0;0
1421249371;eth0;18255744.00;53038484.00;71294224.00;53038483;18255743;22035.00;40668.00;62703.00;40668;22035;0.00;0.00;0;0
1421249371;total;18255744.00;53038484.00;71294224.00;53038483;18255743;22035.00;40668.00;62703.00;40668;22035;0.00;0.00;0;0
1421249372;eth0;18292050.00;52939056.00;71231104.00;52939057;18292050;22799.00;40346.00;63145.00;40346;22799;0.00;0.00;0;0
1421249372;total;18292050.00;52939056.00;71231104.00;52939057;18292050;22799.00;40346.00;63145.00;40346;22799;0.00;0.00;0;0
1421249373;eth0;18124400.00;52399088.00;70523488.00;52399089;18124401;23080.00;40010.00;63090.00;40010;23080;0.00;0.00;0;0
1421249373;total;18124400.00;52399088.00;70523488.00;52399089;18124401;23080.00;40010.00;63090.00;40010;23080;0.00;0.00;0;0
1421249374;eth0;18439356.00;53001768.00;71441120.00;53001769;18439355;24654.00;40274.00;64928.00;40274;24654;0.00;0.00;0;0
1421249374;total;18439356.00;53001768.00;71441120.00;53001769;18439355;24654.00;40274.00;64928.00;40274;24654;0.00;0.00;0;0
1421249375;eth0;18453844.00;53006612.00;71460456.00;53006611;18453843;24865.00;40343.00;65208.00;40343;24865;0.00;0.00;0;0
1421249375;total;18453844.00;53006612.00;71460456.00;53006611;18453843;24865.00;40343.00;65208.00;40343;24865;0.00;0.00;0;0
1421249376;eth0;18421572.00;52995284.00;71416856.00;52995283;18421573;24404.00;40264.00;64668.00;40264;24404;0.00;0.00;0;0
1421249376;total;18421572.00;52995284.00;71416856.00;52995283;18421573;24404.00;40264.00;64668.00;40264;24404;0.00;0.00;0;0
1421249377;eth0;18355128.00;52817744.00;71172872.00;52817745;18355128;24042.00;40024.00;64066.00;40024;24042;0.00;0.00;0;0
1421249377;total;18355128.00;52817744.00;71172872.00;52817745;18355128;24042.00;40024.00;64066.00;40024;24042;0.00;0.00;0;0
1421249378;eth0;18457972.00;53006724.00;71464696.00;53006725;18457973;24924.00;39992.00;64916.00;39992;24924;0.00;0.00;0;0
1421249378;total;18457972.00;53006724.00;71464696.00;53006725;18457973;24924.00;39992.00;64916.00;39992;24924;0.00;0.00;0;0
1421249379;eth0;18383680.00;52986012.00;71369696.00;52986011;18383681;23843.00;39939.00;63782.00;39939;23843;0.00;0.00;0;0
1421249379;total;18383680.00;52986012.00;71369696.00;52986011;18383681;23843.00;39939.00;63782.00;39939;23843;0.00;0.00;0;0
1421249380;eth0;18336786.00;52989184.00;71325968.00;52989185;18336786;23095.00;40052.00;63147.00;40052;23095;0.00;0.00;0;0
1421249380;total;18336786.00;52989184.00;71325968.00;52989185;18336786;23095.00;40052.00;63147.00;40052;23095;0.00;0.00;0;0
1421249381;eth0;18379682.00;52987520.00;71367200.00;52987521;18379682;23923.00;40215.00;64138.00;40215;23923;0.00;0.00;0;0
1421249381;total;18379682.00;52987520.00;71367200.00;52987521;18379682;23923.00;40215.00;64138.00;40215;23923;0.00;0.00;0;0
1421249382;eth0;19446874.00;52926284.00;72373160.00;52926284;19446874;25229.00;40379.00;65608.00;40379;25229;0.00;0.00;0;0
1421249382;total;19446874.00;52926284.00;72373160.00;52926284;19446874;25229.00;40379.00;65608.00;40379;25229;0.00;0.00;0;0
1421249383;eth0;18449852.00;53004724.00;71454576.00;53004723;18449853;24808.00;40301.00;65109.00;40301;24808;0.00;0.00;0;0
1421249383;total;18449852.00;53004724.00;71454576.00;53004723;18449853;24808.00;40301.00;65109.00;40301;24808;0.00;0.00;0;0
1421249384;eth0;18460448.00;53011248.00;71471696.00;53011247;18460449;24919.00;40320.00;65239.00;40320;24919;0.00;0.00;0;0
1421249384;total;18460448.00;53011248.00;71471696.00;53011247;18460449;24919.00;40320.00;65239.00;40320;24919;0.00;0.00;0;0
1421249385;eth0;18575820.00;53005596.00;71581416.00;53005597;18575821;26648.00;40418.00;67066.00;40418;26648;0.00;0.00;0;0
1421249385;total;18575820.00;53005596.00;71581416.00;53005597;18575821;26648.00;40418.00;67066.00;40418;26648;0.00;0.00;0;0
1421249386;eth0;18523868.00;53019288.00;71543160.00;53019289;18523869;25826.00;40400.00;66226.00;40400;25826;0.00;0.00;0;0
1421249386;total;18523868.00;53019288.00;71543160.00;53019289;18523869;25826.00;40400.00;66226.00;40400;25826;0.00;0.00;0;0
1421249387;eth0;18658924.00;52948736.00;71607664.00;52948737;18658924;25333.00;39960.00;65293.00;39960;25333;0.00;0.00;0;0
1421249387;total;18658924.00;52948736.00;71607664.00;52948737;18658924;25333.00;39960.00;65293.00;39960;25333;0.00;0.00;0;0
1421249388;eth0;18433052.00;53004044.00;71437096.00;53004045;18433053;24568.00;39953.00;64521.00;39953;24568;0.00;0.00;0;0
1421249388;total;18433052.00;53004044.00;71437096.00;53004045;18433053;24568.00;39953.00;64521.00;39953;24568;0.00;0.00;0;0
1421249389;eth0;18376452.00;52983344.00;71359792.00;52983343;18376453;23759.00;40003.00;63762.00;40003;23759;0.00;0.00;0;0
1421249389;total;18376452.00;52983344.00;71359792.00;52983343;18376453;23759.00;40003.00;63762.00;40003;23759;0.00;0.00;0;0
1421249390;eth0;18343172.00;52982236.00;71325408.00;52982237;18343173;23284.00;39976.00;63260.00;39976;23284;0.00;0.00;0;0
1421249390;total;18343172.00;52982236.00;71325408.00;52982237;18343173;23284.00;39976.00;63260.00;39976;23284;0.00;0.00;0;0
1421249391;eth0;18327144.00;52999988.00;71327128.00;52999987;18327143;23057.00;40158.00;63215.00;40158;23057;0.00;0.00;0;0
1421249391;total;18327144.00;52999988.00;71327128.00;52999987;18327143;23057.00;40158.00;63215.00;40158;23057;0.00;0.00;0;0
1421249392;eth0;18411144.00;53019220.00;71430368.00;53019221;18411144;24131.00;40460.00;64591.00;40460;24131;0.00;0.00;0;0
1421249392;total;18411144.00;53019220.00;71430368.00;53019221;18411144;24131.00;40460.00;64591.00;40460;24131;0.00;0.00;0;0
1421249393;eth0;18328964.00;53002584.00;71331544.00;53002583;18328963;23081.00;40119.00;63200.00;40119;23081;0.00;0.00;0;0
1421249393;total;18328964.00;53002584.00;71331544.00;53002583;18328963;23081.00;40119.00;63200.00;40119;23081;0.00;0.00;0;0
1421249394;eth0;18306760.00;52932692.00;71239456.00;52932693;18306760;23112.00;40110.00;63222.00;40110;23112;0.00;0.00;0;0
1421249394;total;18306760.00;52932692.00;71239456.00;52932693;18306760;23112.00;40110.00;63222.00;40110;23112;0.00;0.00;0;0
1421249395;eth0;18391824.00;52993348.00;71385168.00;52993349;18391823;23979.00;40154.00;64133.00;40154;23979;0.00;0.00;0;0
1421249395;total;18391824.00;52993348.00;71385168.00;52993349;18391823;23979.00;40154.00;64133.00;40154;23979;0.00;0.00;0;0
1421249396;eth0;18419364.00;53006544.00;71425904.00;53006543;18419364;24255.00;40177.00;64432.00;40177;24255;0.00;0.00;0;0
1421249396;total;18419364.00;53006544.00;71425904.00;53006543;18419364;24255.00;40177.00;64432.00;40177;24255;0.00;0.00;0;0
1421249397;eth0;18360384.00;52940620.00;71301008.00;52940621;18360383;23685.00;40147.00;63832.00;40147;23685;0.00;0.00;0;0
1421249397;total;18360384.00;52940620.00;71301008.00;52940621;18360383;23685.00;40147.00;63832.00;40147;23685;0.00;0.00;0;0
1421249398;eth0;18292122.00;53036920.00;71329040.00;53036919;18292122;22517.00;40430.00;62947.00;40430;22517;0.00;0.00;0;0
1421249398;total;18292122.00;53036920.00;71329040.00;53036919;18292122;22517.00;40430.00;62947.00;40430;22517;0.00;0.00;0;0
1421249399;eth0;18254256.00;53039492.00;71293744.00;53039493;18254255;22014.00;40703.00;62717.00;40703;22014;0.00;0.00;0;0
1421249399;total;18254256.00;53039492.00;71293744.00;53039493;18254255;22014.00;40703.00;62717.00;40703;22014;0.00;0.00;0;0
1421249400;eth0;18270892.00;53037548.00;71308440.00;53037547;18270893;22149.00;40688.00;62837.00;40688;22149;0.00;0.00;0;0
1421249400;total;18270892.00;53037548.00;71308440.00;53037547;18270893;22149.00;40688.00;62837.00;40688;22149;0.00;0.00;0;0
1421249401;eth0;18327650.00;53002044.00;71329696.00;53002045;18327650;23045.00;40227.00;63272.00;40227;23045;0.00;0.00;0;0
1421249401;total;18327650.00;53002044.00;71329696.00;53002045;18327650;23045.00;40227.00;63272.00;40227;23045;0.00;0.00;0;0
1421249402;eth0;18289132.00;53019520.00;71308656.00;53019521;18289133;22512.00;40485.00;62997.00;40485;22512;0.00;0.00;0;0
1421249402;total;18289132.00;53019520.00;71308656.00;53019521;18289133;22512.00;40485.00;62997.00;40485;22512;0.00;0.00;0;0
1421249403;eth0;18218814.00;52924636.00;71143448.00;53030483;18255253;21984.03;40513.97;62498.01;40595;22028;0.00;0.00;0;0
1421249403;total;18218814.00;52924636.00;71143448.00;53030483;18255253;21984.03;40513.97;62498.01;40595;22028;0.00;0.00;0;0
1421249404;eth0;18303766.00;52875168.00;71178936.00;52875167;18303766;23520.00;40416.00;63936.00;40416;23520;0.00;0.00;0;0
1421249404;total;18303766.00;52875168.00;71178936.00;52875167;18303766;23520.00;40416.00;63936.00;40416;23520;0.00;0.00;0;0
1421249405;eth0;18419246.00;53025632.00;71444880.00;53025631;18419246;24272.00;40470.00;64742.00;40470;24272;0.00;0.00;0;0
1421249405;total;18419246.00;53025632.00;71444880.00;53025631;18419246;24272.00;40470.00;64742.00;40470;24272;0.00;0.00;0;0
1421249406;eth0;18460352.00;53010956.00;71471312.00;53010957;18460353;24958.00;40329.00;65287.00;40329;24958;0.00;0.00;0;0
1421249406;total;18460352.00;53010956.00;71471312.00;53010957;18460353;24958.00;40329.00;65287.00;40329;24958;0.00;0.00;0;0
1421249407;eth0;18732614.00;53035512.00;71768128.00;53035513;18732614;28730.00;40535.00;69265.00;40535;28730;0.00;0.00;0;0
1421249407;total;18732614.00;53035512.00;71768128.00;53035513;18732614;28730.00;40535.00;69265.00;40535;28730;0.00;0.00;0;0
1421249408;eth0;18484992.00;53014488.00;71499480.00;53014489;18484993;25310.00;40338.00;65648.00;40338;25310;0.00;0.00;0;0
1421249408;total;18484992.00;53014488.00;71499480.00;53014489;18484993;25310.00;40338.00;65648.00;40338;25310;0.00;0.00;0;0
1421249409;eth0;18606688.00;53015380.00;71622072.00;53015381;18606689;27048.00;40440.00;67488.00;40440;27048;0.00;0.00;0;0
1421249409;total;18606688.00;53015380.00;71622072.00;53015381;18606689;27048.00;40440.00;67488.00;40440;27048;0.00;0.00;0;0
1421249410;eth0;18732824.00;53043972.00;71776792.00;53043971;18732824;28733.00;40524.00;69257.00;40524;28733;0.00;0.00;0;0
1421249410;total;18732824.00;53043972.00;71776792.00;53043971;18732824;28733.00;40524.00;69257.00;40524;28733;0.00;0.00;0;0
1421249411;eth0;18453772.00;53005392.00;71459168.00;53005393;18453773;24864.00;40340.00;65204.00;40340;24864;0.00;0.00;0;0
1421249411;total;18453772.00;53005392.00;71459168.00;53005393;18453773;24864.00;40340.00;65204.00;40340;24864;0.00;0.00;0;0
1421249412;eth0;18562112.00;53019720.00;71581832.00;53019719;18562111;26392.00;40413.00;66805.00;40413;26392;0.00;0.00;0;0
1421249412;total;18562112.00;53019720.00;71581832.00;53019719;18562111;26392.00;40413.00;66805.00;40413;26392;0.00;0.00;0;0
1421249413;eth0;18471576.00;53020652.00;71492224.00;53020652;18471576;25016.00;40329.00;65345.00;40329;25016;0.00;0.00;0;0
1421249413;total;18471576.00;53020652.00;71492224.00;53020652;18471576;25016.00;40329.00;65345.00;40329;25016;0.00;0.00;0;0
1421249414;eth0;18460448.00;53002544.00;71462992.00;53002543;18460449;24958.00;40250.00;65208.00;40250;24958;0.00;0.00;0;0
1421249414;total;18460448.00;53002544.00;71462992.00;53002543;18460449;24958.00;40250.00;65208.00;40250;24958;0.00;0.00;0;0
1421249415;eth0;18450272.00;53009132.00;71459408.00;53009131;18450273;24814.00;40379.00;65193.00;40379;24814;0.00;0.00;0;0
1421249415;total;18450272.00;53009132.00;71459408.00;53009131;18450273;24814.00;40379.00;65193.00;40379;24814;0.00;0.00;0;0
1421249416;eth0;18662614.00;52998656.00;71661272.00;52998655;18662614;27731.00;40411.00;68142.00;40411;27731;0.00;0.00;0;0
1421249416;total;18662614.00;52998656.00;71661272.00;52998655;18662614;27731.00;40411.00;68142.00;40411;27731;0.00;0.00;0;0
1421249417;eth0;19422084.00;52941480.00;72363560.00;52941479;19422084;24991.00;40379.00;65370.00;40379;24991;0.00;0.00;0;0
1421249417;total;19422084.00;52941480.00;72363560.00;52941479;19422084;24991.00;40379.00;65370.00;40379;24991;0.00;0.00;0;0
1421249418;eth0;18470776.00;53013644.00;71484424.00;53013645;18470777;25108.00;40361.00;65469.00;40361;25108;0.00;0.00;0;0
1421249418;total;18470776.00;53013644.00;71484424.00;53013645;18470777;25108.00;40361.00;65469.00;40361;25108;0.00;0.00;0;0
1421249419;eth0;18777764.00;53044164.00;71821928.00;53044165;18777764;29375.00;40549.00;69924.00;40549;29375;0.00;0.00;0;0
1421249419;total;18777764.00;53044164.00;71821928.00;53044165;18777764;29375.00;40549.00;69924.00;40549;29375;0.00;0.00;0;0
1421249420;eth0;18713784.00;53039464.00;71753248.00;53039465;18713784;28460.00;40542.00;69002.00;40542;28460;0.00;0.00;0;0
1421249420;total;18713784.00;53039464.00;71753248.00;53039465;18713784;28460.00;40542.00;69002.00;40542;28460;0.00;0.00;0;0
1421249421;eth0;18404492.00;53026688.00;71431184.00;53026689;18404493;24160.00;40547.00;64707.00;40547;24160;0.00;0.00;0;0
1421249421;total;18404492.00;53026688.00;71431184.00;53026689;18404493;24160.00;40547.00;64707.00;40547;24160;0.00;0.00;0;0
1421249422;eth0;18679318.00;52952000.00;71631320.00;52952001;18679318;25937.00;40309.00;66246.00;40309;25937;0.00;0.00;0;0
1421249422;total;18679318.00;52952000.00;71631320.00;52952001;18679318;25937.00;40309.00;66246.00;40309;25937;0.00;0.00;0;0
1421249423;eth0;18549160.00;52940792.00;71489952.00;52940793;18549160;26579.00;40343.00;66922.00;40343;26579;0.00;0.00;0;0
1421249423;total;18549160.00;52940792.00;71489952.00;52940793;18549160;26579.00;40343.00;66922.00;40343;26579;0.00;0.00;0;0
1421249424;eth0;18439728.00;53020180.00;71459912.00;53020181;18439728;24545.00;40330.00;64875.00;40330;24545;0.00;0.00;0;0
1421249424;total;18439728.00;53020180.00;71459912.00;53020181;18439728;24545.00;40330.00;64875.00;40330;24545;0.00;0.00;0;0
1421249425;eth0;18358344.00;52991216.00;71349560.00;52991215;18358345;23501.00;40095.00;63596.00;40095;23501;0.00;0.00;0;0
1421249425;total;18358344.00;52991216.00;71349560.00;52991215;18358345;23501.00;40095.00;63596.00;40095;23501;0.00;0.00;0;0
1421249426;eth0;18350944.00;52998320.00;71349264.00;52998319;18350943;23395.00;40107.00;63502.00;40107;23395;0.00;0.00;0;0
1421249426;total;18350944.00;52998320.00;71349264.00;52998319;18350943;23395.00;40107.00;63502.00;40107;23395;0.00;0.00;0;0
1421249427;eth0;18550772.00;53002028.00;71552800.00;53002029;18550773;23868.00;40238.00;64106.00;40238;23868;0.00;0.00;0;0
1421249427;total;18550772.00;53002028.00;71552800.00;53002029;18550773;23868.00;40238.00;64106.00;40238;23868;0.00;0.00;0;0
1421249428;eth0;18334572.00;52963728.00;71298296.00;52963727;18334571;23396.00;40201.00;63597.00;40201;23396;0.00;0.00;0;0
1421249428;total;18334572.00;52963728.00;71298296.00;52963727;18334571;23396.00;40201.00;63597.00;40201;23396;0.00;0.00;0;0
1421249429;eth0;18309990.00;52951032.00;71261024.00;52951033;18309990;22692.00;39772.00;62464.00;39772;22692;0.00;0.00;0;0
1421249429;total;18309990.00;52951032.00;71261024.00;52951033;18309990;22692.00;39772.00;62464.00;39772;22692;0.00;0.00;0;0
1421249430;eth0;18277864.00;53023608.00;71301472.00;53023609;18277863;22351.00;40377.00;62728.00;40377;22351;0.00;0.00;0;0
1421249430;total;18277864.00;53023608.00;71301472.00;53023609;18277863;22351.00;40377.00;62728.00;40377;22351;0.00;0.00;0;0
1421249431;eth0;18263296.00;53040532.00;71303824.00;53040531;18263297;22143.00;40697.00;62840.00;40697;22143;0.00;0.00;0;0
1421249431;total;18263296.00;53040532.00;71303824.00;53040531;18263297;22143.00;40697.00;62840.00;40697;22143;0.00;0.00;0;0
1421249432;eth0;18440340.00;53044580.00;71484920.00;53044579;18440340;22171.00;40739.00;62910.00;40739;22171;0.00;0.00;0;0
1421249432;total;18440340.00;53044580.00;71484920.00;53044579;18440340;22171.00;40739.00;62910.00;40739;22171;0.00;0.00;0;0
1421249433;eth0;18334464.00;53042536.00;71377000.00;53042535;18334463;23155.00;40732.00;63887.00;40732;23155;0.00;0.00;0;0
1421249433;total;18334464.00;53042536.00;71377000.00;53042535;18334463;23155.00;40732.00;63887.00;40732;23155;0.00;0.00;0;0
1421249434;eth0;18322112.00;53043120.00;71365232.00;53043119;18322113;22979.00;40857.00;63836.00;40857;22979;0.00;0.00;0;0
1421249434;total;18322112.00;53043120.00;71365232.00;53043119;18322113;22979.00;40857.00;63836.00;40857;22979;0.00;0.00;0;0
1421249435;eth0;18329524.00;53040052.00;71369576.00;53040051;18329523;23089.00;40821.00;63910.00;40821;23089;0.00;0.00;0;0
1421249435;total;18329524.00;53040052.00;71369576.00;53040051;18329523;23089.00;40821.00;63910.00;40821;23089;0.00;0.00;0;0
1421249436;eth0;18334212.00;53052540.00;71386752.00;53052541;18334213;23156.00;40896.00;64052.00;40896;23156;0.00;0.00;0;0
1421249436;total;18334212.00;53052540.00;71386752.00;53052541;18334213;23156.00;40896.00;64052.00;40896;23156;0.00;0.00;0;0
1421249437;eth0;18534564.00;53038484.00;71573048.00;53038483;18534564;23519.00;40669.00;64188.00;40669;23519;0.00;0.00;0;0
1421249437;total;18534564.00;53038484.00;71573048.00;53038483;18534564;23519.00;40669.00;64188.00;40669;23519;0.00;0.00;0;0
1421249438;eth0;18346502.00;53014316.00;71360816.00;53014315;18346502;23450.00;40551.00;64001.00;40551;23450;0.00;0.00;0;0
1421249438;total;18346502.00;53014316.00;71360816.00;53014315;18346502;23450.00;40551.00;64001.00;40551;23450;0.00;0.00;0;0
1421249439;eth0;18344114.00;53057076.00;71401192.00;53057075;18344114;23179.00;40828.00;64007.00;40828;23179;0.00;0.00;0;0
1421249439;total;18344114.00;53057076.00;71401192.00;53057075;18344114;23179.00;40828.00;64007.00;40828;23179;0.00;0.00;0;0
1421249440;eth0;18332532.00;53050356.00;71382888.00;53050357;18332533;23132.00;40954.00;64086.00;40954;23132;0.00;0.00;0;0
1421249440;total;18332532.00;53050356.00;71382888.00;53050357;18332533;23132.00;40954.00;64086.00;40954;23132;0.00;0.00;0;0
1421249441;eth0;18408484.00;53017416.00;71425896.00;53017415;18408483;24217.00;40504.00;64721.00;40504;24217;0.00;0.00;0;0
1421249441;total;18408484.00;53017416.00;71425896.00;53017415;18408483;24217.00;40504.00;64721.00;40504;24217;0.00;0.00;0;0
1421249442;eth0;18507020.00;53028164.00;71535184.00;53028163;18507019;23241.00;40609.00;63850.00;40609;23241;0.00;0.00;0;0
1421249442;total;18507020.00;53028164.00;71535184.00;53028163;18507019;23241.00;40609.00;63850.00;40609;23241;0.00;0.00;0;0
1421249443;eth0;18324692.00;53019680.00;71344376.00;53019681;18324693;23020.00;40530.00;63550.00;40530;23020;0.00;0.00;0;0
1421249443;total;18324692.00;53019680.00;71344376.00;53019681;18324693;23020.00;40530.00;63550.00;40530;23020;0.00;0.00;0;0
1421249444;eth0;18286260.00;53030088.00;71316352.00;53030087;18286261;22471.00;40547.00;63018.00;40547;22471;0.00;0.00;0;0
1421249444;total;18286260.00;53030088.00;71316352.00;53030087;18286261;22471.00;40547.00;63018.00;40547;22471;0.00;0.00;0;0
1421249445;eth0;18272638.00;53046376.00;71319016.00;53046378;18272638;22158.00;40801.00;62959.00;40801;22158;0.00;0.00;0;0
1421249445;total;18272638.00;53046376.00;71319016.00;53046378;18272638;22158.00;40801.00;62959.00;40801;22158;0.00;0.00;0;0
1421249446;eth0;18327212.00;53052612.00;71379824.00;53052613;18327213;23056.00;40875.00;63931.00;40875;23056;0.00;0.00;0;0
1421249446;total;18327212.00;53052612.00;71379824.00;53052613;18327213;23056.00;40875.00;63931.00;40875;23056;0.00;0.00;0;0
1421249447;eth0;18475430.00;52915308.00;71390736.00;52915307;18475430;23144.00;40064.00;63208.00;40064;23144;0.00;0.00;0;0
1421249447;total;18475430.00;52915308.00;71390736.00;52915307;18475430;23144.00;40064.00;63208.00;40064;23144;0.00;0.00;0;0
