1423154055;eth0;22537982.00;22869284.00;45407264.00;22869283;22537982;15991.00;21302.00;37293.00;21302;15991;0.00;0.00;0;0
1423154055;total;22537982.00;22869284.00;45407264.00;22869283;22537982;15991.00;21302.00;37293.00;21302;15991;0.00;0.00;0;0
1423154056;eth0;50919596.00;51726832.00;102646432.00;51726833;50919597;36126.00;48175.00;84301.00;48175;36126;0.00;0.00;0;0
1423154056;total;50919596.00;51726832.00;102646432.00;51726833;50919597;36126.00;48175.00;84301.00;48175;36126;0.00;0.00;0;0
1423154057;eth0;51118664.00;51933400.00;103052064.00;51933400;51118662;36268.00;48363.00;84631.00;48363;36268;0.00;0.00;0;0
1423154057;total;51118664.00;51933400.00;103052064.00;51933400;51118662;36268.00;48363.00;84631.00;48363;36268;0.00;0.00;0;0
1423154058;eth0;50695160.00;51495452.00;102190608.00;51495451;50695161;35966.00;47959.00;83925.00;47959;35966;0.00;0.00;0;0
1423154058;total;50695160.00;51495452.00;102190608.00;51495451;50695161;35966.00;47959.00;83925.00;47959;35966;0.00;0.00;0;0
1423154059;eth0;51097192.00;51907116.00;103004312.00;51907116;51097194;36252.00;48340.00;84592.00;48340;36252;0.00;0.00;0;0
1423154059;total;51097192.00;51907116.00;103004312.00;51907116;51097194;36252.00;48340.00;84592.00;48340;36252;0.00;0.00;0;0
1423154060;eth0;51074860.00;51890956.00;102965816.00;51890956;51074859;36238.00;48324.00;84562.00;48324;36238;0.00;0.00;0;0
1423154060;total;51074860.00;51890956.00;102965816.00;51890956;51074859;36238.00;48324.00;84562.00;48324;36238;0.00;0.00;0;0
1423154061;eth0;50747420.00;51552560.00;102299976.00;51552558;50747421;36003.00;48012.00;84015.00;48012;36003;0.00;0.00;0;0
1423154061;total;50747420.00;51552560.00;102299976.00;51552558;50747421;36003.00;48012.00;84015.00;48012;36003;0.00;0.00;0;0
1423154062;eth0;51054908.00;51867640.00;102922544.00;51867638;51054909;36222.00;48302.00;84524.00;48302;36222;0.00;0.00;0;0
1423154062;total;51054908.00;51867640.00;102922544.00;51867638;51054909;36222.00;48302.00;84524.00;48302;36222;0.00;0.00;0;0
1423154063;eth0;50860400.00;51658168.00;102518568.00;51658169;50860398;36083.00;48111.00;84194.00;48111;36083;0.00;0.00;0;0
1423154063;total;50860400.00;51658168.00;102518568.00;51658169;50860398;36083.00;48111.00;84194.00;48111;36083;0.00;0.00;0;0
1423154064;eth0;50911140.00;51721724.00;102632864.00;51721725;50911140;36120.00;48167.00;84287.00;48167;36120;0.00;0.00;0;0
1423154064;total;50911140.00;51721724.00;102632864.00;51721725;50911140;36120.00;48167.00;84287.00;48167;36120;0.00;0.00;0;0
1423154065;eth0;50632060.00;51437216.00;102069272.00;51437215;50632059;35923.00;47903.00;83826.00;47903;35923;0.00;0.00;0;0
1423154065;total;50632060.00;51437216.00;102069272.00;51437215;50632059;35923.00;47903.00;83826.00;47903;35923;0.00;0.00;0;0
1423154066;eth0;51587700.00;52420408.00;104008112.00;52420409;51587700;36599.00;48811.00;85410.00;48811;36599;0.00;0.00;0;0
1423154066;total;51587700.00;52420408.00;104008112.00;52420409;51587700;36599.00;48811.00;85410.00;48811;36599;0.00;0.00;0;0
1423154067;eth0;53287556.00;54139296.00;107426856.00;54139298;53287557;37808.00;50408.00;88216.00;50408;37808;0.00;0.00;0;0
1423154067;total;53287556.00;54139296.00;107426856.00;54139298;53287557;37808.00;50408.00;88216.00;50408;37808;0.00;0.00;0;0
1423154068;eth0;50750456.00;51567464.00;102317920.00;51567464;50750457;36006.00;48012.00;84018.00;48012;36006;0.00;0.00;0;0
1423154068;total;50750456.00;51567464.00;102317920.00;51567464;50750457;36006.00;48012.00;84018.00;48012;36006;0.00;0.00;0;0
1423154069;eth0;50598232.00;51406080.00;102004312.00;51406081;50598231;35896.00;47863.00;83759.00;47863;35896;0.00;0.00;0;0
1423154069;total;50598232.00;51406080.00;102004312.00;51406081;50598231;35896.00;47863.00;83759.00;47863;35896;0.00;0.00;0;0
1423154070;eth0;50572860.00;51386504.00;101959360.00;51386502;50572860;35880.00;47845.00;83725.00;47845;35880;0.00;0.00;0;0
1423154070;total;50572860.00;51386504.00;101959360.00;51386502;50572860;35880.00;47845.00;83725.00;47845;35880;0.00;0.00;0;0
1423154071;eth0;50904200.00;51735412.00;102639616.00;51735413;50904201;36116.00;48171.00;84287.00;48171;36116;0.00;0.00;0;0
1423154071;total;50904200.00;51735412.00;102639616.00;51735413;50904201;36116.00;48171.00;84287.00;48171;36116;0.00;0.00;0;0
1423154072;eth0;51899092.00;52725492.00;104624584.00;52725492;51899091;36820.00;49092.00;85912.00;49092;36820;0.00;0.00;0;0
1423154072;total;51899092.00;52725492.00;104624584.00;52725492;51899091;36820.00;49092.00;85912.00;49092;36820;0.00;0.00;0;0
1423154073;eth0;51147936.00;51968300.00;103116232.00;51968299;51147936;36288.00;48386.00;84674.00;48386;36288;0.00;0.00;0;0
1423154073;total;51147936.00;51968300.00;103116232.00;51968299;51147936;36288.00;48386.00;84674.00;48386;36288;0.00;0.00;0;0
1423154074;eth0;50948004.00;51773060.00;102721064.00;51773059;50948004;36147.00;48203.00;84350.00;48203;36147;0.00;0.00;0;0
1423154074;total;50948004.00;51773060.00;102721064.00;51773059;50948004;36147.00;48203.00;84350.00;48203;36147;0.00;0.00;0;0
1423154075;eth0;51136444.00;51954720.00;103091168.00;51954722;51136443;36279.00;48374.00;84653.00;48374;36279;0.00;0.00;0;0
1423154075;total;51136444.00;51954720.00;103091168.00;51954722;51136443;36279.00;48374.00;84653.00;48374;36279;0.00;0.00;0;0
1423154076;eth0;50589776.00;51410840.00;102000616.00;51410842;50589774;35893.00;47866.00;83759.00;47866;35893;0.00;0.00;0;0
1423154076;total;50589776.00;51410840.00;102000616.00;51410842;50589774;35893.00;47866.00;83759.00;47866;35893;0.00;0.00;0;0
1423154077;eth0;50725088.00;51535484.00;102260568.00;51535485;50725086;35987.00;47983.00;83970.00;47983;35987;0.00;0.00;0;0
1423154077;total;50725088.00;51535484.00;102260568.00;51535485;50725086;35987.00;47983.00;83970.00;47983;35987;0.00;0.00;0;0
1423154078;eth0;51080280.00;51902592.00;102982872.00;51902591;51080280;36240.00;48325.00;84565.00;48325;36240;0.00;0.00;0;0
1423154078;total;51080280.00;51902592.00;102982872.00;51902591;51080280;36240.00;48325.00;84565.00;48325;36240;0.00;0.00;0;0
1423154079;eth0;50843484.00;51661480.00;102504960.00;51661478;50843484;36072.00;48101.00;84173.00;48101;36072;0.00;0.00;0;0
1423154079;total;50843484.00;51661480.00;102504960.00;51661478;50843484;36072.00;48101.00;84173.00;48101;36072;0.00;0.00;0;0
1423154080;eth0;50699716.00;51515968.00;102215688.00;51515970;50699715;35970.00;47966.00;83936.00;47966;35970;0.00;0.00;0;0
1423154080;total;50699716.00;51515968.00;102215688.00;51515970;50699715;35970.00;47966.00;83936.00;47966;35970;0.00;0.00;0;0
1423154081;eth0;51238576.00;52066304.00;103304880.00;52066303;51238578;36354.00;48476.00;84830.00;48476;36354;0.00;0.00;0;0
1423154081;total;51238576.00;52066304.00;103304880.00;52066303;51238578;36354.00;48476.00;84830.00;48476;36354;0.00;0.00;0;0
1423154082;eth0;51031924.00;51851032.00;102882960.00;51851033;51031923;36204.00;48277.00;84481.00;48277;36204;0.00;0.00;0;0
1423154082;total;51031924.00;51851032.00;102882960.00;51851033;51031923;36204.00;48277.00;84481.00;48277;36204;0.00;0.00;0;0
1423154083;eth0;50953424.00;51773188.00;102726608.00;51773187;50953425;36150.00;48205.00;84355.00;48205;36150;0.00;0.00;0;0
1423154083;total;50953424.00;51773188.00;102726608.00;51773187;50953425;36150.00;48205.00;84355.00;48205;36150;0.00;0.00;0;0
1423154084;eth0;51156392.00;51989656.00;103146048.00;51989658;51156393;36295.00;48408.00;84703.00;48408;36295;0.00;0.00;0;0
1423154084;total;51156392.00;51989656.00;103146048.00;51989658;51156393;36295.00;48408.00;84703.00;48408;36295;0.00;0.00;0;0
1423154085;eth0;51122564.00;51932924.00;103055488.00;51932924;51122565;36269.00;48352.00;84621.00;48352;36269;0.00;0.00;0;0
1423154085;total;51122564.00;51932924.00;103055488.00;51932924;51122565;36269.00;48352.00;84621.00;48352;36269;0.00;0.00;0;0
1423154086;eth0;50861916.00;51689284.00;102551200.00;51689284;50861916;36086.00;48127.00;84213.00;48127;36086;0.00;0.00;0;0
1423154086;total;50861916.00;51689284.00;102551200.00;51689284;50861916;36086.00;48127.00;84213.00;48127;36086;0.00;0.00;0;0
1423154087;eth0;51104132.00;51920652.00;103024784.00;51920652;51104133;36256.00;48341.00;84597.00;48341;36256;0.00;0.00;0;0
1423154087;total;51104132.00;51920652.00;103024784.00;51920652;51104133;36256.00;48341.00;84597.00;48341;36256;0.00;0.00;0;0
1423154088;eth0;50802716.00;51633304.00;102436024.00;51633306;50802717;36044.00;48075.00;84119.00;48075;36044;0.00;0.00;0;0
1423154088;total;50802716.00;51633304.00;102436024.00;51633306;50802717;36044.00;48075.00;84119.00;48075;36044;0.00;0.00;0;0
1423154089;eth0;50672824.00;51474888.00;102147712.00;51474889;50672826;35950.00;47928.00;83878.00;47928;35950;0.00;0.00;0;0
1423154089;total;50672824.00;51474888.00;102147712.00;51474889;50672826;35950.00;47928.00;83878.00;47928;35950;0.00;0.00;0;0
1423154090;eth0;50599748.00;51421828.00;102021576.00;51421828;50599749;35899.00;47876.00;83775.00;47876;35899;0.00;0.00;0;0
1423154090;total;50599748.00;51421828.00;102021576.00;51421828;50599749;35899.00;47876.00;83775.00;47876;35899;0.00;0.00;0;0
1423154091;eth0;50266024.00;51069072.00;101335096.00;51069070;50266023;35663.00;47549.00;83212.00;47549;35663;0.00;0.00;0;0
1423154091;total;50266024.00;51069072.00;101335096.00;51069070;50266023;35663.00;47549.00;83212.00;47549;35663;0.00;0.00;0;0
1423154092;eth0;50514528.00;51326860.00;101841392.00;51326860;50514528;35838.00;47789.00;83627.00;47789;35838;0.00;0.00;0;0
1423154092;total;50514528.00;51326860.00;101841392.00;51326860;50514528;35838.00;47789.00;83627.00;47789;35838;0.00;0.00;0;0
1423154093;eth0;50615144.00;51430484.00;102045632.00;51430485;50615145;35910.00;47885.00;83795.00;47885;35910;0.00;0.00;0;0
1423154093;total;50615144.00;51430484.00;102045632.00;51430485;50615145;35910.00;47885.00;83795.00;47885;35910;0.00;0.00;0;0
1423154094;eth0;50648972.00;51464984.00;102113960.00;51464985;50648973;35934.00;47920.00;83854.00;47920;35934;0.00;0.00;0;0
1423154094;total;50648972.00;51464984.00;102113960.00;51464985;50648973;35934.00;47920.00;83854.00;47920;35934;0.00;0.00;0;0
1423154095;eth0;50792744.00;51610364.00;102403104.00;51610365;50792742;36036.00;48051.00;84087.00;48051;36036;0.00;0.00;0;0
1423154095;total;50792744.00;51610364.00;102403104.00;51610365;50792742;36036.00;48051.00;84087.00;48051;36036;0.00;0.00;0;0
1423154096;eth0;50805752.00;51629196.00;102434952.00;51629197;50805753;36046.00;48071.00;84117.00;48071;36046;0.00;0.00;0;0
1423154096;total;50805752.00;51629196.00;102434952.00;51629197;50805753;36046.00;48071.00;84117.00;48071;36046;0.00;0.00;0;0
1423154097;eth0;50703616.00;51519452.00;102223072.00;51519451;50703618;35972.00;47967.00;83939.00;47967;35972;0.00;0.00;0;0
1423154097;total;50703616.00;51519452.00;102223072.00;51519451;50703618;35972.00;47967.00;83939.00;47967;35972;0.00;0.00;0;0
1423154098;eth0;50251496.00;51060476.00;101311968.00;51060477;50251494;35654.00;47542.00;83196.00;47542;35654;0.00;0.00;0;0
1423154098;total;50251496.00;51060476.00;101311968.00;51060477;50251494;35654.00;47542.00;83196.00;47542;35654;0.00;0.00;0;0
1423154099;eth0;50944968.00;51759912.00;102704880.00;51759912;50944968;36142.00;48191.00;84333.00;48191;36142;0.00;0.00;0;0
1423154099;total;50944968.00;51759912.00;102704880.00;51759912;50944968;36142.00;48191.00;84333.00;48191;36142;0.00;0.00;0;0
1423154100;eth0;50699716.00;51515396.00;102215112.00;51515397;50699715;35970.00;47965.00;83935.00;47965;35970;0.00;0.00;0;0
1423154100;total;50699716.00;51515396.00;102215112.00;51515397;50699715;35970.00;47965.00;83935.00;47965;35970;0.00;0.00;0;0
1423154101;eth0;51004168.00;51834356.00;102838520.00;51834356;51004167;36187.00;48261.00;84448.00;48261;36187;0.00;0.00;0;0
1423154101;total;51004168.00;51834356.00;102838520.00;51834356;51004167;36187.00;48261.00;84448.00;48261;36187;0.00;0.00;0;0
1423154102;eth0;51080280.00;51894064.00;102974344.00;51894062;51080280;36239.00;48319.00;84558.00;48319;36239;0.00;0.00;0;0
1423154102;total;51080280.00;51894064.00;102974344.00;51894062;51080280;36239.00;48319.00;84558.00;48319;36239;0.00;0.00;0;0
1423154103;eth0;51021080.00;51841996.00;102863072.00;51841995;51021081;36198.00;48269.00;84467.00;48269;36198;0.00;0.00;0;0
1423154103;total;51021080.00;51841996.00;102863072.00;51841995;51021081;36198.00;48269.00;84467.00;48269;36198;0.00;0.00;0;0
1423154104;eth0;50809656.00;51626976.00;102436632.00;51626978;50809656;36048.00;48067.00;84115.00;48067;36048;0.00;0.00;0;0
1423154104;total;50809656.00;51626976.00;102436632.00;51626978;50809656;36048.00;48067.00;84115.00;48067;36048;0.00;0.00;0;0
1423154105;eth0;50809656.00;51627616.00;102437272.00;51627615;50809656;36048.00;48069.00;84117.00;48069;36048;0.00;0.00;0;0
1423154105;total;50809656.00;51627616.00;102437272.00;51627615;50809656;36048.00;48069.00;84117.00;48069;36048;0.00;0.00;0;0
1423154106;eth0;50716628.00;51534736.00;102251368.00;51534738;50716629;35983.00;47984.00;83967.00;47984;35983;0.00;0.00;0;0
1423154106;total;50716628.00;51534736.00;102251368.00;51534738;50716629;35983.00;47984.00;83967.00;47984;35983;0.00;0.00;0;0
1423154107;eth0;51274792.00;52106812.00;103381600.00;52106811;51274791;36378.00;48513.00;84891.00;48513;36378;0.00;0.00;0;0
1423154107;total;51274792.00;52106812.00;103381600.00;52106811;51274791;36378.00;48513.00;84891.00;48513;36378;0.00;0.00;0;0
1423154108;eth0;51071824.00;51886916.00;102958736.00;51886917;51071823;36233.00;48313.00;84546.00;48313;36233;0.00;0.00;0;0
1423154108;total;51071824.00;51886916.00;102958736.00;51886917;51071823;36233.00;48313.00;84546.00;48313;36233;0.00;0.00;0;0
1423154109;eth0;50699716.00;51515396.00;102215112.00;51515397;50699715;35970.00;47964.00;83934.00;47964;35970;0.00;0.00;0;0
1423154109;total;50699716.00;51515396.00;102215112.00;51515397;50699715;35970.00;47964.00;83934.00;47964;35970;0.00;0.00;0;0
1423154110;eth0;50902684.00;51730224.00;102632904.00;51730222;50902683;36114.00;48165.00;84279.00;48165;36114;0.00;0.00;0;0
1423154110;total;50902684.00;51730224.00;102632904.00;51730222;50902683;36114.00;48165.00;84279.00;48165;36114;0.00;0.00;0;0
1423154111;eth0;50997228.00;51817040.00;102814272.00;51817042;50997228;36182.00;48243.00;84425.00;48243;36182;0.00;0.00;0;0
1423154111;total;50997228.00;51817040.00;102814272.00;51817042;50997228;36182.00;48243.00;84425.00;48243;36182;0.00;0.00;0;0
1423154112;eth0;51070304.00;51886040.00;102956344.00;51886042;51070305;36232.00;48311.00;84543.00;48311;36232;0.00;0.00;0;0
1423154112;total;51070304.00;51886040.00;102956344.00;51886042;51070305;36232.00;48311.00;84543.00;48311;36232;0.00;0.00;0;0
1423154113;eth0;51037996.00;51859496.00;102897496.00;51859498;51037995;36210.00;48283.00;84493.00;48283;36210;0.00;0.00;0;0
1423154113;total;51037996.00;51859496.00;102897496.00;51859498;51037995;36210.00;48283.00;84493.00;48283;36210;0.00;0.00;0;0
1423154114;eth0;51181764.00;52007864.00;103189624.00;52007862;51181764;36312.00;48424.00;84736.00;48424;36312;0.00;0.00;0;0
1423154114;total;51181764.00;52007864.00;103189624.00;52007862;51181764;36312.00;48424.00;84736.00;48424;36312;0.00;0.00;0;0
1423154115;eth0;50851940.00;51673616.00;102525560.00;51673616;50851941;36078.00;48111.00;84189.00;48111;36078;0.00;0.00;0;0
1423154115;total;50851940.00;51673616.00;102525560.00;51673616;50851941;36078.00;48111.00;84189.00;48111;36078;0.00;0.00;0;0
1423154116;eth0;51131024.00;51949596.00;103080616.00;51949595;51131022;36276.00;48370.00;84646.00;48370;36276;0.00;0.00;0;0
1423154116;total;51131024.00;51949596.00;103080616.00;51949595;51131022;36276.00;48370.00;84646.00;48370;36276;0.00;0.00;0;0
1423154117;eth0;50936512.00;51755872.00;102692384.00;51755873;50936511;36138.00;48187.00;84325.00;48187;36138;0.00;0.00;0;0
1423154117;total;50936512.00;51755872.00;102692384.00;51755873;50936511;36138.00;48187.00;84325.00;48187;36138;0.00;0.00;0;0
1423154118;eth0;50978796.00;51800048.00;102778848.00;51800048;50978796;36168.00;48230.00;84398.00;48230;36168;0.00;0.00;0;0
1423154118;total;50978796.00;51800048.00;102778848.00;51800048;50978796;36168.00;48230.00;84398.00;48230;36168;0.00;0.00;0;0
1423154119;eth0;51000264.00;51825764.00;102826024.00;51825763;51000264;36184.00;48253.00;84437.00;48253;36184;0.00;0.00;0;0
1423154119;total;51000264.00;51825764.00;102826024.00;51825763;51000264;36184.00;48253.00;84437.00;48253;36184;0.00;0.00;0;0
1423154120;eth0;50703616.00;51520524.00;102224144.00;51520524;50703618;35972.00;47969.00;83941.00;47969;35972;0.00;0.00;0;0
1423154120;total;50703616.00;51520524.00;102224144.00;51520524;50703618;35972.00;47969.00;83941.00;47969;35972;0.00;0.00;0;0
1423154121;eth0;50995712.00;51821080.00;102816792.00;51821081;50995710;36180.00;48248.00;84428.00;48248;36180;0.00;0.00;0;0
1423154121;total;50995712.00;51821080.00;102816792.00;51821081;50995710;36180.00;48248.00;84428.00;48248;36180;0.00;0.00;0;0
1423154122;eth0;50742000.00;51546432.00;102288432.00;51546431;50742000;36000.00;47995.00;83995.00;47995;36000;0.00;0.00;0;0
1423154122;total;50742000.00;51546432.00;102288432.00;51546431;50742000;36000.00;47995.00;83995.00;47995;36000;0.00;0.00;0;0
1423154123;eth0;50716628.00;51543648.00;102260280.00;51543648;50716629;35982.00;47989.00;83971.00;47989;35982;0.00;0.00;0;0
1423154123;total;50716628.00;51543648.00;102260280.00;51543648;50716629;35982.00;47989.00;83971.00;47989;35982;0.00;0.00;0;0
1423154124;eth0;52292668.00;53133912.00;105426576.00;53133911;52292667;37102.00;49473.00;86575.00;49473;37102;0.00;0.00;0;0
1423154124;total;52292668.00;53133912.00;105426576.00;53133911;52292667;37102.00;49473.00;86575.00;49473;37102;0.00;0.00;0;0
1423154125;eth0;52151284.00;52983296.00;105134576.00;52983297;52151283;36998.00;49329.00;86327.00;49329;36998;0.00;0.00;0;0
1423154125;total;52151284.00;52983296.00;105134576.00;52983297;52151283;36998.00;49329.00;86327.00;49329;36998;0.00;0.00;0;0
1423154126;eth0;51952868.00;52798656.00;104751528.00;52798656;51952869;36861.00;49159.00;86020.00;49159;36861;0.00;0.00;0;0
1423154126;total;51952868.00;52798656.00;104751528.00;52798656;51952869;36861.00;49159.00;86020.00;49159;36861;0.00;0.00;0;0
1423154127;eth0;50943448.00;51760684.00;102704136.00;51760683;50943450;36141.00;48194.00;84335.00;48194;36141;0.00;0.00;0;0
1423154127;total;50943448.00;51760684.00;102704136.00;51760683;50943450;36141.00;48194.00;84335.00;48194;36141;0.00;0.00;0;0
1423154128;eth0;51985180.00;52817932.00;104803112.00;52817933;51985179;36882.00;49177.00;86059.00;49177;36882;0.00;0.00;0;0
1423154128;total;51985180.00;52817932.00;104803112.00;52817933;51985179;36882.00;49177.00;86059.00;49177;36882;0.00;0.00;0;0
1423154129;eth0;53219900.00;54084704.00;107304608.00;54084704;53219901;37758.00;50357.00;88115.00;50357;37758;0.00;0.00;0;0
1423154129;total;53219900.00;54084704.00;107304608.00;54084704;53219901;37758.00;50357.00;88115.00;50357;37758;0.00;0.00;0;0
1423154130;eth0;50743520.00;51558424.00;102301944.00;51558426;50743518;36003.00;48006.00;84009.00;48006;36003;0.00;0.00;0;0
1423154130;total;50743520.00;51558424.00;102301944.00;51558426;50743518;36003.00;48006.00;84009.00;48006;36003;0.00;0.00;0;0
1423154131;eth0;50461400.00;51271772.00;101733176.00;51271772;50461401;35799.00;47736.00;83535.00;47736;35799;0.00;0.00;0;0
1423154131;total;50461400.00;51271772.00;101733176.00;51271772;50461401;35799.00;47736.00;83535.00;47736;35799;0.00;0.00;0;0
1423154132;eth0;50285320.00;51090168.00;101375488.00;51090167;50285322;35676.00;47568.00;83244.00;47568;35676;0.00;0.00;0;0
1423154132;total;50285320.00;51090168.00;101375488.00;51090167;50285322;35676.00;47568.00;83244.00;47568;35676;0.00;0.00;0;0
1423154133;eth0;50750456.00;51566956.00;102317408.00;51566955;50750457;36006.00;48013.00;84019.00;48013;36006;0.00;0.00;0;0
1423154133;total;50750456.00;51566956.00;102317408.00;51566955;50750457;36006.00;48013.00;84019.00;48013;36006;0.00;0.00;0;0
1423154134;eth0;50699716.00;51518060.00;102217776.00;51518061;50699715;35970.00;47968.00;83938.00;47968;35970;0.00;0.00;0;0
1423154134;total;50699716.00;51518060.00;102217776.00;51518061;50699715;35970.00;47968.00;83938.00;47968;35970;0.00;0.00;0;0
1423154135;eth0;50919596.00;51737680.00;102657272.00;51737678;50919597;36126.00;48170.00;84296.00;48170;36126;0.00;0.00;0;0
1423154135;total;50919596.00;51737680.00;102657272.00;51737678;50919597;36126.00;48170.00;84296.00;48170;36126;0.00;0.00;0;0
1423154136;eth0;50733544.00;51550344.00;102283888.00;51550342;50733543;35994.00;47999.00;83993.00;47999;35994;0.00;0.00;0;0
1423154136;total;50733544.00;51550344.00;102283888.00;51550342;50733543;35994.00;47999.00;83993.00;47999;35994;0.00;0.00;0;0
1423154137;eth0;50775828.00;51593180.00;102369008.00;51593179;50775828;36024.00;48035.00;84059.00;48035;36024;0.00;0.00;0;0
1423154137;total;50775828.00;51593180.00;102369008.00;51593179;50775828;36024.00;48035.00;84059.00;48035;36024;0.00;0.00;0;0
1423154138;eth0;50716628.00;51533092.00;102249720.00;51533092;50716629;35982.00;47981.00;83963.00;47981;35982;0.00;0.00;0;0
1423154138;total;50716628.00;51533092.00;102249720.00;51533092;50716629;35982.00;47981.00;83963.00;47981;35982;0.00;0.00;0;0
1423154139;eth0;50768888.00;51592876.00;102361768.00;51592877;50768889;36020.00;48036.00;84056.00;48036;36020;0.00;0.00;0;0
1423154139;total;50768888.00;51592876.00;102361768.00;51592877;50768889;36020.00;48036.00;84056.00;48036;36020;0.00;0.00;0;0
1423154140;eth0;50668924.00;51482408.00;102151328.00;51482409;50668923;35948.00;47934.00;83882.00;47934;35948;0.00;0.00;0;0
1423154140;total;50668924.00;51482408.00;102151328.00;51482409;50668923;35948.00;47934.00;83882.00;47934;35948;0.00;0.00;0;0
1423154141;eth0;50679764.00;51498352.00;102178120.00;51498354;50679765;35957.00;47949.00;83906.00;47949;35957;0.00;0.00;0;0
1423154141;total;50679764.00;51498352.00;102178120.00;51498354;50679765;35957.00;47949.00;83906.00;47949;35957;0.00;0.00;0;0
1423154142;eth0;50359916.00;51164596.00;101524512.00;51164596;50359917;35727.00;47639.00;83366.00;47639;35727;0.00;0.00;0;0
1423154142;total;50359916.00;51164596.00;101524512.00;51164596;50359917;35727.00;47639.00;83366.00;47639;35727;0.00;0.00;0;0
1423154143;eth0;50065440.00;50879896.00;100945336.00;50879896;50065440;35521.00;47371.00;82892.00;47371;35521;0.00;0.00;0;0
1423154143;total;50065440.00;50879896.00;100945336.00;50879896;50065440;35521.00;47371.00;82892.00;47371;35521;0.00;0.00;0;0
1423154144;eth0;50198368.00;50999816.00;101198184.00;50999817;50198367;35615.00;47485.00;83100.00;47485;35615;0.00;0.00;0;0
1423154144;total;50198368.00;50999816.00;101198184.00;50999817;50198367;35615.00;47485.00;83100.00;47485;35615;0.00;0.00;0;0
1423154145;eth0;50127024.00;50931712.00;101058736.00;50931710;50127024;35562.00;47423.00;82985.00;47423;35562;0.00;0.00;0;0
1423154145;total;50127024.00;50931712.00;101058736.00;50931710;50127024;35562.00;47423.00;82985.00;47423;35562;0.00;0.00;0;0
1423154146;eth0;50615144.00;51429848.00;102044992.00;51429848;50615145;35910.00;47884.00;83794.00;47884;35910;0.00;0.00;0;0
1423154146;total;50615144.00;51429848.00;102044992.00;51429848;50615145;35910.00;47884.00;83794.00;47884;35910;0.00;0.00;0;0
1423154147;eth0;50822668.00;51645312.00;102467976.00;51645310;50822667;36058.00;48084.00;84142.00;48084;36058;0.00;0.00;0;0
1423154147;total;50822668.00;51645312.00;102467976.00;51645310;50822667;36058.00;48084.00;84142.00;48084;36058;0.00;0.00;0;0
1423154148;eth0;50740480.00;51556988.00;102297472.00;51556987;50740482;35999.00;48003.00;84002.00;48003;35999;0.00;0.00;0;0
1423154148;total;50740480.00;51556988.00;102297472.00;51556987;50740482;35999.00;48003.00;84002.00;48003;35999;0.00;0.00;0;0
1423154149;eth0;50865820.00;51681696.00;102547512.00;51681694;50865819;36087.00;48121.00;84208.00;48121;36087;0.00;0.00;0;0
1423154149;total;50865820.00;51681696.00;102547512.00;51681694;50865819;36087.00;48121.00;84208.00;48121;36087;0.00;0.00;0;0
1423154150;eth0;50552044.00;51370208.00;101922248.00;51370206;50552043;35866.00;47827.00;83693.00;47827;35866;0.00;0.00;0;0
1423154150;total;50552044.00;51370208.00;101922248.00;51370206;50552043;35866.00;47827.00;83693.00;47827;35866;0.00;0.00;0;0
1423154151;eth0;50331512.00;51137816.00;101469328.00;51137814;50331510;35708.00;47613.00;83321.00;47613;35708;0.00;0.00;0;0
1423154151;total;50331512.00;51137816.00;101469328.00;51137814;50331510;35708.00;47613.00;83321.00;47613;35708;0.00;0.00;0;0
1423154152;eth0;50738096.00;51559380.00;102297480.00;51559380;50738097;35998.00;48005.00;84003.00;48005;35998;0.00;0.00;0;0
1423154152;total;50738096.00;51559380.00;102297480.00;51559380;50738097;35998.00;48005.00;84003.00;48005;35998;0.00;0.00;0;0
1423154153;eth0;50788188.00;51601900.00;102390088.00;51601900;50788188;36032.00;48046.00;84078.00;48046;36032;0.00;0.00;0;0
1423154153;total;50788188.00;51601900.00;102390088.00;51601900;50788188;36032.00;48046.00;84078.00;48046;36032;0.00;0.00;0;0
1423154154;eth0;51680728.00;52516304.00;104197032.00;52516303;51680727;36666.00;48896.00;85562.00;48896;36666;0.00;0.00;0;0
1423154154;total;51680728.00;52516304.00;104197032.00;52516303;51680727;36666.00;48896.00;85562.00;48896;36666;0.00;0.00;0;0
1423154155;eth0;50615144.00;51435532.00;102050680.00;51435533;50615145;35910.00;47891.00;83801.00;47891;35910;0.00;0.00;0;0
1423154155;total;50615144.00;51435532.00;102050680.00;51435533;50615145;35910.00;47891.00;83801.00;47891;35910;0.00;0.00;0;0
1423154156;eth0;50388324.00;51197328.00;101585648.00;51197328;50388324;35750.00;47667.00;83417.00;47667;35750;0.00;0.00;0;0
1423154156;total;50388324.00;51197328.00;101585648.00;51197328;50388324;35750.00;47667.00;83417.00;47667;35750;0.00;0.00;0;0
1423154157;eth0;50207692.00;51008984.00;101216672.00;51008983;50207691;35620.00;47494.00;83114.00;47494;35620;0.00;0.00;0;0
1423154157;total;50207692.00;51008984.00;101216672.00;51008983;50207691;35620.00;47494.00;83114.00;47494;35620;0.00;0.00;0;0
1423154158;eth0;50327608.00;51137368.00;101464976.00;51137369;50327607;35706.00;47614.00;83320.00;47614;35706;0.00;0.00;0;0
1423154158;total;50327608.00;51137368.00;101464976.00;51137369;50327607;35706.00;47614.00;83320.00;47614;35706;0.00;0.00;0;0
1423154159;eth0;50429092.00;51247000.00;101676096.00;51247002;50429091;35779.00;47714.00;83493.00;47714;35779;0.00;0.00;0;0
1423154159;total;50429092.00;51247000.00;101676096.00;51247002;50429091;35779.00;47714.00;83493.00;47714;35779;0.00;0.00;0;0
1423154160;eth0;50361436.00;51166048.00;101527488.00;51166050;50361435;35729.00;47640.00;83369.00;47640;35729;0.00;0.00;0;0
1423154160;total;50361436.00;51166048.00;101527488.00;51166050;50361435;35729.00;47640.00;83369.00;47640;35729;0.00;0.00;0;0
1423154161;eth0;50369892.00;51181224.00;101551120.00;51181224;50369892;35736.00;47651.00;83387.00;47651;35736;0.00;0.00;0;0
1423154161;total;50369892.00;51181224.00;101551120.00;51181224;50369892;35736.00;47651.00;83387.00;47651;35736;0.00;0.00;0;0
1423154162;eth0;50312212.00;51129728.00;101441944.00;51129730;50312211;35697.00;47605.00;83302.00;47605;35697;0.00;0.00;0;0
1423154162;total;50312212.00;51129728.00;101441944.00;51129730;50312211;35697.00;47605.00;83302.00;47605;35697;0.00;0.00;0;0
1423154163;eth0;50156948.00;50965444.00;101122392.00;50965445;50156949;35584.00;47453.00;83037.00;47453;35584;0.00;0.00;0;0
1423154163;total;50156948.00;50965444.00;101122392.00;50965445;50156949;35584.00;47453.00;83037.00;47453;35584;0.00;0.00;0;0
1423154164;eth0;50217664.00;51017640.00;101235304.00;51017640;50217666;35627.00;47503.00;83130.00;47503;35627;0.00;0.00;0;0
1423154164;total;50217664.00;51017640.00;101235304.00;51017640;50217666;35627.00;47503.00;83130.00;47503;35627;0.00;0.00;0;0
1423154165;eth0;50403720.00;51219704.00;101623424.00;51219705;50403720;35760.00;47689.00;83449.00;47689;35760;0.00;0.00;0;0
1423154165;total;50403720.00;51219704.00;101623424.00;51219705;50403720;35760.00;47689.00;83449.00;47689;35760;0.00;0.00;0;0
1423154166;eth0;50361436.00;51173704.00;101535136.00;51173704;50361435;35731.00;47645.00;83376.00;47645;35731;0.00;0.00;0;0
1423154166;total;50361436.00;51173704.00;101535136.00;51173704;50361435;35731.00;47645.00;83376.00;47645;35731;0.00;0.00;0;0
1423154167;eth0;50477448.00;51285780.00;101763224.00;51285779;50477448;35813.00;47751.00;83564.00;47751;35813;0.00;0.00;0;0
1423154167;total;50477448.00;51285780.00;101763224.00;51285779;50477448;35813.00;47751.00;83564.00;47751;35813;0.00;0.00;0;0
1423154168;eth0;50406104.00;51209656.00;101615760.00;51209658;50406105;35760.00;47680.00;83440.00;47680;35760;0.00;0.00;0;0
1423154168;total;50406104.00;51209656.00;101615760.00;51209658;50406105;35760.00;47680.00;83440.00;47680;35760;0.00;0.00;0;0
1423154169;eth0;50511276.00;51332352.00;101843632.00;51332353;50511276;35838.00;47794.00;83632.00;47794;35838;0.00;0.00;0;0
1423154169;total;50511276.00;51332352.00;101843632.00;51332353;50511276;35838.00;47794.00;83632.00;47794;35838;0.00;0.00;0;0
1423154170;eth0;50617528.00;51438696.00;102056224.00;51438697;50617530;35912.00;47895.00;83807.00;47895;35912;0.00;0.00;0;0
1423154170;total;50617528.00;51438696.00;102056224.00;51438697;50617530;35912.00;47895.00;83807.00;47895;35912;0.00;0.00;0;0
1423154171;eth0;50446004.00;51249460.00;101695464.00;51249459;50446005;35788.00;47716.00;83504.00;47716;35788;0.00;0.00;0;0
1423154171;total;50446004.00;51249460.00;101695464.00;51249459;50446005;35788.00;47716.00;83504.00;47716;35788;0.00;0.00;0;0
1423154172;eth0;50364472.00;51178320.00;101542792.00;51178322;50364471;35734.00;47650.00;83384.00;47650;35734;0.00;0.00;0;0
1423154172;total;50364472.00;51178320.00;101542792.00;51178322;50364471;35734.00;47650.00;83384.00;47650;35734;0.00;0.00;0;0
1423154173;eth0;50596712.00;51409752.00;102006464.00;51409754;50596713;35897.00;47867.00;83764.00;47867;35897;0.00;0.00;0;0
1423154173;total;50596712.00;51409752.00;102006464.00;51409754;50596713;35897.00;47867.00;83764.00;47867;35897;0.00;0.00;0;0
1423154174;eth0;50293780.00;51100408.00;101394184.00;51100406;50293779;35681.00;47579.00;83260.00;47579;35681;0.00;0.00;0;0
1423154174;total;50293780.00;51100408.00;101394184.00;51100406;50293779;35681.00;47579.00;83260.00;47579;35681;0.00;0.00;0;0
1423154175;eth0;50419116.00;51232208.00;101651328.00;51232209;50419116;35770.00;47699.00;83469.00;47699;35770;0.00;0.00;0;0
1423154175;total;50419116.00;51232208.00;101651328.00;51232209;50419116;35770.00;47699.00;83469.00;47699;35770;0.00;0.00;0;0
1423154176;eth0;50450560.00;51266708.00;101717264.00;51266709;50450559;35794.00;47733.00;83527.00;47733;35794;0.00;0.00;0;0
1423154176;total;50450560.00;51266708.00;101717264.00;51266709;50450559;35794.00;47733.00;83527.00;47733;35794;0.00;0.00;0;0
1423154177;eth0;50585220.00;51401804.00;101987024.00;51401804;50585220;35889.00;47860.00;83749.00;47860;35889;0.00;0.00;0;0
1423154177;total;50585220.00;51401804.00;101987024.00;51401804;50585220;35889.00;47860.00;83749.00;47860;35889;0.00;0.00;0;0
1423154178;eth0;50446004.00;51251980.00;101697984.00;51251980;50446005;35789.00;47719.00;83508.00;47719;35789;0.00;0.00;0;0
1423154178;total;50446004.00;51251980.00;101697984.00;51251980;50446005;35789.00;47719.00;83508.00;47719;35789;0.00;0.00;0;0
1423154179;eth0;50533612.00;51345564.00;101879176.00;51345564;50533611;35853.00;47806.00;83659.00;47806;35853;0.00;0.00;0;0
1423154179;total;50533612.00;51345564.00;101879176.00;51345564;50533611;35853.00;47806.00;83659.00;47806;35853;0.00;0.00;0;0
1423154180;eth0;50485256.00;51299564.00;101784816.00;51299563;50485254;35817.00;47764.00;83581.00;47764;35817;0.00;0.00;0;0
1423154180;total;50485256.00;51299564.00;101784816.00;51299563;50485254;35817.00;47764.00;83581.00;47764;35817;0.00;0.00;0;0
1423154181;eth0;50293780.00;51104516.00;101398296.00;51104515;50293779;35682.00;47584.00;83266.00;47584;35682;0.00;0.00;0;0
1423154181;total;50293780.00;51104516.00;101398296.00;51104515;50293779;35682.00;47584.00;83266.00;47584;35682;0.00;0.00;0;0
1423154182;eth0;50327608.00;51136296.00;101463904.00;51136296;50327607;35706.00;47611.00;83317.00;47611;35706;0.00;0.00;0;0
1423154182;total;50327608.00;51136296.00;101463904.00;51136296;50327607;35706.00;47611.00;83317.00;47611;35706;0.00;0.00;0;0
1423154183;eth0;50243036.00;51052264.00;101295304.00;51052265;50243037;35646.00;47531.00;83177.00;47531;35646;0.00;0.00;0;0
1423154183;total;50243036.00;51052264.00;101295304.00;51052265;50243037;35646.00;47531.00;83177.00;47531;35646;0.00;0.00;0;0
1423154184;eth0;50268408.00;51069708.00;101338112.00;51069707;50268408;35664.00;47551.00;83215.00;47551;35664;0.00;0.00;0;0
1423154184;total;50268408.00;51069708.00;101338112.00;51069707;50268408;35664.00;47551.00;83215.00;47551;35664;0.00;0.00;0;0
1423154185;eth0;50606688.00;51443124.00;102049808.00;51443123;50606688;35904.00;47896.00;83800.00;47896;35904;0.00;0.00;0;0
1423154185;total;50606688.00;51443124.00;102049808.00;51443123;50606688;35904.00;47896.00;83800.00;47896;35904;0.00;0.00;0;0
1423154186;eth0;50657432.00;51459664.00;102117096.00;51459666;50657430;35940.00;47912.00;83852.00;47912;35940;0.00;0.00;0;0
1423154186;total;50657432.00;51459664.00;102117096.00;51459666;50657430;35940.00;47912.00;83852.00;47912;35940;0.00;0.00;0;0
1423154187;eth0;50479832.00;51292616.00;101772448.00;51292616;50479833;35814.00;47759.00;83573.00;47759;35814;0.00;0.00;0;0
1423154187;total;50479832.00;51292616.00;101772448.00;51292616;50479833;35814.00;47759.00;83573.00;47759;35814;0.00;0.00;0;0
1423154188;eth0;50636612.00;51455628.00;102092240.00;51455627;50636613;35926.00;47907.00;83833.00;47907;35926;0.00;0.00;0;0
1423154188;total;50636612.00;51455628.00;102092240.00;51455627;50636613;35926.00;47907.00;83833.00;47907;35926;0.00;0.00;0;0
1423154189;eth0;50302236.00;51106608.00;101408840.00;51106606;50302236;35689.00;47585.00;83274.00;47585;35689;0.00;0.00;0;0
1423154189;total;50302236.00;51106608.00;101408840.00;51106606;50302236;35689.00;47585.00;83274.00;47585;35689;0.00;0.00;0;0
1423154190;eth0;50486772.00;51307020.00;101793792.00;51307019;50486772;35818.00;47769.00;83587.00;47769;35818;0.00;0.00;0;0
1423154190;total;50486772.00;51307020.00;101793792.00;51307019;50486772;35818.00;47769.00;83587.00;47769;35818;0.00;0.00;0;0
1423154191;eth0;50392228.00;51197964.00;101590192.00;51197965;50392227;35751.00;47669.00;83420.00;47669;35751;0.00;0.00;0;0
1423154191;total;50392228.00;51197964.00;101590192.00;51197965;50392227;35751.00;47669.00;83420.00;47669;35751;0.00;0.00;0;0
1423154192;eth0;50361436.00;51172248.00;101533688.00;51172250;50361435;35730.00;47648.00;83378.00;47648;35730;0.00;0.00;0;0
1423154192;total;50361436.00;51172248.00;101533688.00;51172250;50361435;35730.00;47648.00;83378.00;47648;35730;0.00;0.00;0;0
1423154193;eth0;50665888.00;51487672.00;102153560.00;51487670;50665887;35947.00;47936.00;83883.00;47936;35947;0.00;0.00;0;0
1423154193;total;50665888.00;51487672.00;102153560.00;51487670;50665887;35947.00;47936.00;83883.00;47936;35947;0.00;0.00;0;0
1423154194;eth0;50412176.00;51212116.00;101624288.00;51212115;50412177;35765.00;47683.00;83448.00;47683;35765;0.00;0.00;0;0
1423154194;total;50412176.00;51212116.00;101624288.00;51212115;50412177;35765.00;47683.00;83448.00;47683;35765;0.00;0.00;0;0
1423154195;eth0;50575896.00;51404196.00;101980096.00;51404197;50575896;35883.00;47861.00;83744.00;47861;35883;0.00;0.00;0;0
1423154195;total;50575896.00;51404196.00;101980096.00;51404197;50575896;35883.00;47861.00;83744.00;47861;35883;0.00;0.00;0;0
1423154196;eth0;50349944.00;51155000.00;101504944.00;51155000;50349942;35721.00;47629.00;83350.00;47629;35721;0.00;0.00;0;0
1423154196;total;50349944.00;51155000.00;101504944.00;51155000;50349942;35721.00;47629.00;83350.00;47629;35721;0.00;0.00;0;0
1423154197;eth0;50488288.00;51297916.00;101786208.00;51297917;50488290;35820.00;47761.00;83581.00;47761;35820;0.00;0.00;0;0
1423154197;total;50488288.00;51297916.00;101786208.00;51297917;50488290;35820.00;47761.00;83581.00;47761;35820;0.00;0.00;0;0
1423154198;eth0;50217664.00;51033824.00;101251488.00;51033823;50217666;35629.00;47517.00;83146.00;47517;35629;0.00;0.00;0;0
1423154198;total;50217664.00;51033824.00;101251488.00;51033823;50217666;35629.00;47517.00;83146.00;47517;35629;0.00;0.00;0;0
1423154199;eth0;50329124.00;51138324.00;101467448.00;51138323;50329125;35707.00;47613.00;83320.00;47613;35707;0.00;0.00;0;0
1423154199;total;50329124.00;51138324.00;101467448.00;51138323;50329125;35707.00;47613.00;83320.00;47613;35707;0.00;0.00;0;0
1423154200;eth0;50148492.00;50951288.00;101099784.00;50951289;50148492;35578.00;47440.00;83018.00;47440;35578;0.00;0.00;0;0
1423154200;total;50148492.00;50951288.00;101099784.00;50951289;50148492;35578.00;47440.00;83018.00;47440;35578;0.00;0.00;0;0
1423154201;eth0;50109244.00;50921344.00;101030584.00;50921343;50109243;35553.00;47410.00;82963.00;47410;35553;0.00;0.00;0;0
1423154201;total;50109244.00;50921344.00;101030584.00;50921343;50109243;35553.00;47410.00;82963.00;47410;35553;0.00;0.00;0;0
1423154202;eth0;50305272.00;51103568.00;101408840.00;51103570;50305272;35689.00;47584.00;83273.00;47584;35689;0.00;0.00;0;0
1423154202;total;50305272.00;51103568.00;101408840.00;51103570;50305272;35689.00;47584.00;83273.00;47584;35689;0.00;0.00;0;0
1423154203;eth0;50272312.00;51092836.00;101365152.00;51092837;50272311;35666.00;47568.00;83234.00;47568;35666;0.00;0.00;0;0
1423154203;total;50272312.00;51092836.00;101365152.00;51092837;50272311;35666.00;47568.00;83234.00;47568;35666;0.00;0.00;0;0
1423154204;eth0;50437548.00;51243324.00;101680872.00;51243323;50437548;35784.00;47712.00;83496.00;47712;35784;0.00;0.00;0;0
1423154204;total;50437548.00;51243324.00;101680872.00;51243323;50437548;35784.00;47712.00;83496.00;47712;35784;0.00;0.00;0;0
1423154205;eth0;50310692.00;51124300.00;101434992.00;51124301;50310693;35694.00;47600.00;83294.00;47600;35694;0.00;0.00;0;0
1423154205;total;50310692.00;51124300.00;101434992.00;51124301;50310693;35694.00;47600.00;83294.00;47600;35694;0.00;0.00;0;0
1423154206;eth0;50330644.00;51136296.00;101466936.00;51136296;50330643;35709.00;47613.00;83322.00;47613;35709;0.00;0.00;0;0
1423154206;total;50330644.00;51136296.00;101466936.00;51136296;50330643;35709.00;47613.00;83322.00;47613;35709;0.00;0.00;0;0
1423154207;eth0;50713592.00;51532020.00;102245616.00;51532019;50713593;35979.00;47978.00;83957.00;47978;35979;0.00;0.00;0;0
1423154207;total;50713592.00;51532020.00;102245616.00;51532019;50713593;35979.00;47978.00;83957.00;47978;35979;0.00;0.00;0;0
1423154208;eth0;50386808.00;51197900.00;101584704.00;51197901;50386806;35748.00;47668.00;83416.00;47668;35748;0.00;0.00;0;0
1423154208;total;50386808.00;51197900.00;101584704.00;51197901;50386806;35748.00;47668.00;83416.00;47668;35748;0.00;0.00;0;0
1423154209;eth0;50310692.00;51126828.00;101437520.00;51126828;50310693;35695.00;47603.00;83298.00;47603;35695;0.00;0.00;0;0
1423154209;total;50310692.00;51126828.00;101437520.00;51126828;50310693;35695.00;47603.00;83298.00;47603;35695;0.00;0.00;0;0
1423154210;eth0;50298332.00;51106344.00;101404680.00;51106344;50298333;35685.00;47583.00;83268.00;47583;35685;0.00;0.00;0;0
1423154210;total;50298332.00;51106344.00;101404680.00;51106344;50298333;35685.00;47583.00;83268.00;47583;35685;0.00;0.00;0;0
1423154211;eth0;50280768.00;51086892.00;101367664.00;51086893;50280768;35672.00;47567.00;83239.00;47567;35672;0.00;0.00;0;0
1423154211;total;50280768.00;51086892.00;101367664.00;51086893;50280768;35672.00;47567.00;83239.00;47567;35672;0.00;0.00;0;0
1423154212;eth0;50209208.00;51019540.00;101228752.00;51019539;50209209;35622.00;47502.00;83124.00;47502;35622;0.00;0.00;0;0
1423154212;total;50209208.00;51019540.00;101228752.00;51019539;50209209;35622.00;47502.00;83124.00;47502;35622;0.00;0.00;0;0
1423154213;eth0;50462920.00;51273720.00;101736640.00;51273720;50462919;35802.00;47739.00;83541.00;47739;35802;0.00;0.00;0;0
1423154213;total;50462920.00;51273720.00;101736640.00;51273720;50462919;35802.00;47739.00;83541.00;47739;35802;0.00;0.00;0;0
1423154214;eth0;50496748.00;51312776.00;101809520.00;51312774;50496747;35826.00;47776.00;83602.00;47776;35826;0.00;0.00;0;0
1423154214;total;50496748.00;51312776.00;101809520.00;51312774;50496747;35826.00;47776.00;83602.00;47776;35826;0.00;0.00;0;0
1423154215;eth0;50395264.00;51196384.00;101591648.00;51196383;50395263;35754.00;47668.00;83422.00;47668;35754;0.00;0.00;0;0
1423154215;total;50395264.00;51196384.00;101591648.00;51196383;50395263;35754.00;47668.00;83422.00;47668;35754;0.00;0.00;0;0
1423154216;eth0;51325532.00;52166516.00;103492048.00;52166517;51325533;36414.00;48569.00;84983.00;48569;36414;0.00;0.00;0;0
1423154216;total;51325532.00;52166516.00;103492048.00;52166517;51325533;36414.00;48569.00;84983.00;48569;36414;0.00;0.00;0;0
1423154217;eth0;52450312.00;53287068.00;105737384.00;53287067;52450314;37212.00;49616.00;86828.00;49616;37212;0.00;0.00;0;0
1423154217;total;52450312.00;53287068.00;105737384.00;53287067;52450314;37212.00;49616.00;86828.00;49616;37212;0.00;0.00;0;0
1423154218;eth0;50133096.00;50931520.00;101064616.00;50931518;50133096;35568.00;47420.00;82988.00;47420;35568;0.00;0.00;0;0
1423154218;total;50133096.00;50931520.00;101064616.00;50931518;50133096;35568.00;47420.00;82988.00;47420;35568;0.00;0.00;0;0
1423154219;eth0;50474412.00;51301016.00;101775432.00;51301017;50474412;35811.00;47764.00;83575.00;47764;35811;0.00;0.00;0;0
1423154219;total;50474412.00;51301016.00;101775432.00;51301017;50474412;35811.00;47764.00;83575.00;47764;35811;0.00;0.00;0;0
1423154220;eth0;50379868.00;51189372.00;101569240.00;51189372;50379867;35743.00;47661.00;83404.00;47661;35743;0.00;0.00;0;0
1423154220;total;50379868.00;51189372.00;101569240.00;51189372;50379867;35743.00;47661.00;83404.00;47661;35743;0.00;0.00;0;0
1423154221;eth0;50728988.00;51550280.00;102279264.00;51550278;50728989;35991.00;47997.00;83988.00;47997;35991;0.00;0.00;0;0
1423154221;total;50728988.00;51550280.00;102279264.00;51550278;50728989;35991.00;47997.00;83988.00;47997;35991;0.00;0.00;0;0
1423154222;eth0;50412176.00;51215152.00;101627328.00;51215151;50412177;35765.00;47685.00;83450.00;47685;35765;0.00;0.00;0;0
1423154222;total;50412176.00;51215152.00;101627328.00;51215151;50412177;35765.00;47685.00;83450.00;47685;35765;0.00;0.00;0;0
1423154223;eth0;50632060.00;51447160.00;102079224.00;51447162;50632059;35922.00;47901.00;83823.00;47901;35922;0.00;0.00;0;0
1423154223;total;50632060.00;51447160.00;102079224.00;51447162;50632059;35922.00;47901.00;83823.00;47901;35922;0.00;0.00;0;0
1423154224;eth0;50395264.00;51206688.00;101601952.00;51206686;50395263;35754.00;47679.00;83433.00;47679;35754;0.00;0.00;0;0
1423154224;total;50395264.00;51206688.00;101601952.00;51206686;50395263;35754.00;47679.00;83433.00;47679;35754;0.00;0.00;0;0
1423154225;eth0;50406756.00;51223616.00;101630368.00;51223616;50406756;35763.00;47691.00;83454.00;47691;35763;0.00;0.00;0;0
1423154225;total;50406756.00;51223616.00;101630368.00;51223616;50406756;35763.00;47691.00;83454.00;47691;35763;0.00;0.00;0;0
1423154226;eth0;50316112.00;51127336.00;101443448.00;51127337;50316114;35698.00;47603.00;83301.00;47603;35698;0.00;0.00;0;0
1423154226;total;50316112.00;51127336.00;101443448.00;51127337;50316114;35698.00;47603.00;83301.00;47603;35698;0.00;0.00;0;0
1423154227;eth0;50278384.00;51089160.00;101367544.00;51089158;50278383;35672.00;47567.00;83239.00;47567;35672;0.00;0.00;0;0
1423154227;total;50278384.00;51089160.00;101367544.00;51089158;50278383;35672.00;47567.00;83239.00;47567;35672;0.00;0.00;0;0
1423154228;eth0;50596712.00;51404768.00;102001480.00;51404770;50596713;35895.00;47863.00;83758.00;47863;35895;0.00;0.00;0;0
1423154228;total;50596712.00;51404768.00;102001480.00;51404770;50596713;35895.00;47863.00;83758.00;47863;35895;0.00;0.00;0;0
1423154229;eth0;50684320.00;51507248.00;102191568.00;51507249;50684319;35960.00;47955.00;83915.00;47955;35960;0.00;0.00;0;0
1423154229;total;50684320.00;51507248.00;102191568.00;51507249;50684319;35960.00;47955.00;83915.00;47955;35960;0.00;0.00;0;0
1423154230;eth0;50672824.00;51489252.00;102162080.00;51489252;50672826;35950.00;47940.00;83890.00;47940;35950;0.00;0.00;0;0
1423154230;total;50672824.00;51489252.00;102162080.00;51489252;50672826;35950.00;47940.00;83890.00;47940;35950;0.00;0.00;0;0
1423154231;eth0;50048528.00;50846080.00;100894608.00;50846082;50048526;35508.00;47343.00;82851.00;47343;35508;0.00;0.00;0;0
1423154231;total;50048528.00;50846080.00;100894608.00;50846082;50048526;35508.00;47343.00;82851.00;47343;35508;0.00;0.00;0;0
1423154232;eth0;50213764.00;51026040.00;101239808.00;51026041;50213763;35626.00;47508.00;83134.00;47508;35626;0.00;0.00;0;0
1423154232;total;50213764.00;51026040.00;101239808.00;51026041;50213763;35626.00;47508.00;83134.00;47508;35626;0.00;0.00;0;0
1423154233;eth0;50643552.00;51455756.00;102099304.00;51455755;50643552;35930.00;47909.00;83839.00;47909;35930;0.00;0.00;0;0
1423154233;total;50643552.00;51455756.00;102099304.00;51455755;50643552;35930.00;47909.00;83839.00;47909;35930;0.00;0.00;0;0
1423154234;eth0;50345388.00;51159680.00;101505072.00;51159682;50345388;35718.00;47634.00;83352.00;47634;35718;0.00;0.00;0;0
1423154234;total;50345388.00;51159680.00;101505072.00;51159682;50345388;35718.00;47634.00;83352.00;47634;35718;0.00;0.00;0;0
1423154235;eth0;50344520.00;51150320.00;101494840.00;51150318;50344521;35718.00;47624.00;83342.00;47624;35718;0.00;0.00;0;0
1423154235;total;50344520.00;51150320.00;101494840.00;51150318;50344521;35718.00;47624.00;83342.00;47624;35718;0.00;0.00;0;0
1423154236;eth0;50416732.00;51232336.00;101649072.00;51232337;50416731;35770.00;47701.00;83471.00;47701;35770;0.00;0.00;0;0
1423154236;total;50416732.00;51232336.00;101649072.00;51232337;50416731;35770.00;47701.00;83471.00;47701;35770;0.00;0.00;0;0
1423154237;eth0;50534480.00;51348728.00;101883208.00;51348728;50534478;35852.00;47810.00;83662.00;47810;35852;0.00;0.00;0;0
1423154237;total;50534480.00;51348728.00;101883208.00;51348728;50534478;35852.00;47810.00;83662.00;47810;35852;0.00;0.00;0;0
1423154238;eth0;50113796.00;50918308.00;101032104.00;50918307;50113797;35556.00;47408.00;82964.00;47408;35556;0.00;0.00;0;0
1423154238;total;50113796.00;50918308.00;101032104.00;50918307;50113797;35556.00;47408.00;82964.00;47408;35556;0.00;0.00;0;0
1423154239;eth0;50152396.00;50957872.00;101110264.00;50957870;50152395;35580.00;47445.00;83025.00;47445;35580;0.00;0.00;0;0
1423154239;total;50152396.00;50957872.00;101110264.00;50957870;50152395;35580.00;47445.00;83025.00;47445;35580;0.00;0.00;0;0
1423154240;eth0;50344520.00;51155128.00;101499648.00;51155128;50344521;35718.00;47631.00;83349.00;47631;35718;0.00;0.00;0;0
1423154240;total;50344520.00;51155128.00;101499648.00;51155128;50344521;35718.00;47631.00;83349.00;47631;35718;0.00;0.00;0;0
1423154241;eth0;50090812.00;50896572.00;100987384.00;50896573;50090811;35538.00;47387.00;82925.00;47387;35538;0.00;0.00;0;0
1423154241;total;50090812.00;50896572.00;100987384.00;50896573;50090811;35538.00;47387.00;82925.00;47387;35538;0.00;0.00;0;0
1423154242;eth0;50175380.00;50986304.00;101161688.00;50986304;50175381;35598.00;47473.00;83071.00;47473;35598;0.00;0.00;0;0
1423154242;total;50175380.00;50986304.00;101161688.00;50986304;50175381;35598.00;47473.00;83071.00;47473;35598;0.00;0.00;0;0
1423154243;eth0;50491328.00;51306512.00;101797840.00;51306510;50491326;35823.00;47769.00;83592.00;47769;35823;0.00;0.00;0;0
1423154243;total;50491328.00;51306512.00;101797840.00;51306510;50491326;35823.00;47769.00;83592.00;47769;35823;0.00;0.00;0;0
1423154244;eth0;50333028.00;51138324.00;101471352.00;51138323;50333028;35709.00;47613.00;83322.00;47613;35709;0.00;0.00;0;0
1423154244;total;50333028.00;51138324.00;101471352.00;51138323;50333028;35709.00;47613.00;83322.00;47613;35709;0.00;0.00;0;0
1423154245;eth0;50107724.00;50914460.00;101022184.00;50914460;50107725;35550.00;47406.00;82956.00;47406;35550;0.00;0.00;0;0
1423154245;total;50107724.00;50914460.00;101022184.00;50914460;50107725;35550.00;47406.00;82956.00;47406;35550;0.00;0.00;0;0
1423154246;eth0;50496748.00;51316320.00;101813064.00;51316319;50496747;35826.00;47778.00;83604.00;47778;35826;0.00;0.00;0;0
1423154246;total;50496748.00;51316320.00;101813064.00;51316319;50496747;35826.00;47778.00;83604.00;47778;35826;0.00;0.00;0;0
1423154247;eth0;50462052.00;51277696.00;101739744.00;51277695;50462052;35802.00;47743.00;83545.00;47743;35802;0.00;0.00;0;0
1423154247;total;50462052.00;51277696.00;101739744.00;51277695;50462052;35802.00;47743.00;83545.00;47743;35802;0.00;0.00;0;0
1423154248;eth0;50607556.00;51412792.00;102020344.00;51412790;50607555;35904.00;47869.00;83773.00;47869;35904;0.00;0.00;0;0
1423154248;total;50607556.00;51412792.00;102020344.00;51412790;50607555;35904.00;47869.00;83773.00;47869;35904;0.00;0.00;0;0
1423154249;eth0;50262988.00;51077152.00;101340144.00;51077154;50262987;35662.00;47557.00;83219.00;47557;35662;0.00;0.00;0;0
1423154249;total;50262988.00;51077152.00;101340144.00;51077154;50262987;35662.00;47557.00;83219.00;47557;35662;0.00;0.00;0;0
1423154250;eth0;50620568.00;51430484.00;102051048.00;51430485;50620566;35912.00;47885.00;83797.00;47885;35912;0.00;0.00;0;0
1423154250;total;50620568.00;51430484.00;102051048.00;51430485;50620566;35912.00;47885.00;83797.00;47885;35912;0.00;0.00;0;0
1423154251;eth0;50677380.00;51499228.00;102176608.00;51499229;50677380;35955.00;47949.00;83904.00;47949;35955;0.00;0.00;0;0
1423154251;total;50677380.00;51499228.00;102176608.00;51499229;50677380;35955.00;47949.00;83904.00;47949;35955;0.00;0.00;0;0
1423154252;eth0;50316112.00;51120692.00;101436808.00;51120692;50316114;35697.00;47598.00;83295.00;47598;35697;0.00;0.00;0;0
1423154252;total;50316112.00;51120692.00;101436808.00;51120692;50316114;35697.00;47598.00;83295.00;47598;35697;0.00;0.00;0;0
1423154253;eth0;50243036.00;51051376.00;101294416.00;51051375;50243037;35646.00;47534.00;83180.00;47534;35646;0.00;0.00;0;0
1423154253;total;50243036.00;51051376.00;101294416.00;51051375;50243037;35646.00;47534.00;83180.00;47534;35646;0.00;0.00;0;0
1423154254;eth0;50513660.00;51329960.00;101843624.00;51329960;50513661;35838.00;47791.00;83629.00;47791;35838;0.00;0.00;0;0
1423154254;total;50513660.00;51329960.00;101843624.00;51329960;50513661;35838.00;47791.00;83629.00;47791;35838;0.00;0.00;0;0
1423154255;eth0;50206824.00;51014856.00;101221680.00;51014857;50206824;35622.00;47497.00;83119.00;47497;35622;0.00;0.00;0;0
1423154255;total;50206824.00;51014856.00;101221680.00;51014857;50206824;35622.00;47497.00;83119.00;47497;35622;0.00;0.00;0;0
1423154256;eth0;50321536.00;51129220.00;101450752.00;51129221;50321535;35700.00;47605.00;83305.00;47605;35700;0.00;0.00;0;0
1423154256;total;50321536.00;51129220.00;101450752.00;51129221;50321535;35700.00;47605.00;83305.00;47605;35700;0.00;0.00;0;0
1423154257;eth0;50319152.00;51129284.00;101448432.00;51129285;50319150;35700.00;47607.00;83307.00;47607;35700;0.00;0.00;0;0
1423154257;total;50319152.00;51129284.00;101448432.00;51129285;50319150;35700.00;47607.00;83307.00;47607;35700;0.00;0.00;0;0
1423154258;eth0;50488288.00;51297104.00;101785392.00;51297106;50488290;35820.00;47761.00;83581.00;47761;35820;0.00;0.00;0;0
1423154258;total;50488288.00;51297104.00;101785392.00;51297106;50488290;35820.00;47761.00;83581.00;47761;35820;0.00;0.00;0;0
1423154259;eth0;50369892.00;51184244.00;101554136.00;51184245;50369892;35736.00;47656.00;83392.00;47656;35736;0.00;0.00;0;0
1423154259;total;50369892.00;51184244.00;101554136.00;51184245;50369892;35736.00;47656.00;83392.00;47656;35736;0.00;0.00;0;0
1423154260;eth0;50446004.00;51258052.00;101704056.00;51258052;50446005;35790.00;47724.00;83514.00;47724;35790;0.00;0.00;0;0
1423154260;total;50446004.00;51258052.00;101704056.00;51258052;50446005;35790.00;47724.00;83514.00;47724;35790;0.00;0.00;0;0
1423154261;eth0;50725088.00;51542192.00;102267280.00;51542194;50725086;35988.00;47990.00;83978.00;47990;35988;0.00;0.00;0;0
1423154261;total;50725088.00;51542192.00;102267280.00;51542194;50725086;35988.00;47990.00;83978.00;47990;35988;0.00;0.00;0;0
1423154262;eth0;50475928.00;51291980.00;101767912.00;51291979;50475930;35812.00;47756.00;83568.00;47756;35812;0.00;0.00;0;0
1423154262;total;50475928.00;51291980.00;101767912.00;51291979;50475930;35812.00;47756.00;83568.00;47756;35812;0.00;0.00;0;0
1423154263;eth0;50610592.00;51421512.00;102032104.00;51421511;50610591;35906.00;47879.00;83785.00;47879;35906;0.00;0.00;0;0
1423154263;total;50610592.00;51421512.00;102032104.00;51421511;50610591;35906.00;47879.00;83785.00;47879;35906;0.00;0.00;0;0
1423154264;eth0;50319152.00;51129600.00;101448752.00;51129602;50319150;35700.00;47603.00;83303.00;47603;35700;0.00;0.00;0;0
1423154264;total;50319152.00;51129600.00;101448752.00;51129602;50319150;35700.00;47603.00;83303.00;47603;35700;0.00;0.00;0;0
1423154265;eth0;50454464.00;51269872.00;101724336.00;51269873;50454462;35796.00;47737.00;83533.00;47737;35796;0.00;0.00;0;0
1423154265;total;50454464.00;51269872.00;101724336.00;51269873;50454462;35796.00;47737.00;83533.00;47737;35796;0.00;0.00;0;0
1423154266;eth0;50522120.00;51331908.00;101854024.00;51331908;50522118;35844.00;47795.00;83639.00;47795;35844;0.00;0.00;0;0
1423154266;total;50522120.00;51331908.00;101854024.00;51331908;50522118;35844.00;47795.00;83639.00;47795;35844;0.00;0.00;0;0
1423154267;eth0;50479832.00;51288448.00;101768280.00;51288449;50479833;35814.00;47752.00;83566.00;47752;35814;0.00;0.00;0;0
1423154267;total;50479832.00;51288448.00;101768280.00;51288449;50479833;35814.00;47752.00;83566.00;47752;35814;0.00;0.00;0;0
1423154268;eth0;50758048.00;51579600.00;102337648.00;51579602;50758047;36012.00;48023.00;84035.00;48023;36012;0.00;0.00;0;0
1423154268;total;50758048.00;51579600.00;102337648.00;51579602;50758047;36012.00;48023.00;84035.00;48023;36012;0.00;0.00;0;0
1423154269;eth0;50514528.00;51327224.00;101841752.00;51327226;50514528;35838.00;47790.00;83628.00;47790;35838;0.00;0.00;0;0
1423154269;total;50514528.00;51327224.00;101841752.00;51327226;50514528;35838.00;47790.00;83628.00;47790;35838;0.00;0.00;0;0
1423154270;eth0;50462920.00;51276948.00;101739864.00;51276948;50462919;35802.00;47745.00;83547.00;47745;35802;0.00;0.00;0;0
1423154270;total;50462920.00;51276948.00;101739864.00;51276948;50462919;35802.00;47745.00;83547.00;47745;35802;0.00;0.00;0;0
1423154271;eth0;50141552.00;50947632.00;101089184.00;50947631;50141553;35574.00;47433.00;83007.00;47433;35574;0.00;0.00;0;0
1423154271;total;50141552.00;50947632.00;101089184.00;50947631;50141553;35574.00;47433.00;83007.00;47433;35574;0.00;0.00;0;0
1423154272;eth0;50217664.00;51026232.00;101243896.00;51026233;50217666;35628.00;47511.00;83139.00;47511;35628;0.00;0.00;0;0
1423154272;total;50217664.00;51026232.00;101243896.00;51026233;50217666;35628.00;47511.00;83139.00;47511;35628;0.00;0.00;0;0
1423154273;eth0;50555944.00;51374380.00;101930328.00;51374379;50555946;35869.00;47832.00;83701.00;47832;35869;0.00;0.00;0;0
1423154273;total;50555944.00;51374380.00;101930328.00;51374379;50555946;35869.00;47832.00;83701.00;47832;35869;0.00;0.00;0;0
1423154274;eth0;51122564.00;51958060.00;103080624.00;51958060;51122565;36271.00;48376.00;84647.00;48376;36271;0.00;0.00;0;0
1423154274;total;51122564.00;51958060.00;103080624.00;51958060;51122565;36271.00;48376.00;84647.00;48376;36271;0.00;0.00;0;0
1423154275;eth0;52509512.00;53346216.00;105855728.00;53346215;52509513;37253.00;49669.00;86922.00;49669;37253;0.00;0.00;0;0
1423154275;total;52509512.00;53346216.00;105855728.00;53346215;52509513;37253.00;49669.00;86922.00;49669;37253;0.00;0.00;0;0
1423154276;eth0;50665888.00;51474588.00;102140472.00;51474587;50665887;35945.00;47928.00;83873.00;47928;35945;0.00;0.00;0;0
1423154276;total;50665888.00;51474588.00;102140472.00;51474587;50665887;35945.00;47928.00;83873.00;47928;35945;0.00;0.00;0;0
1423154277;eth0;50555944.00;51377280.00;101933224.00;51377281;50555946;35868.00;47834.00;83702.00;47834;35868;0.00;0.00;0;0
1423154277;total;50555944.00;51377280.00;101933224.00;51377281;50555946;35868.00;47834.00;83702.00;47834;35868;0.00;0.00;0;0
1423154278;eth0;50446004.00;51256232.00;101702240.00;51256232;50446005;35790.00;47723.00;83513.00;47723;35790;0.00;0.00;0;0
1423154278;total;50446004.00;51256232.00;101702240.00;51256232;50446005;35790.00;47723.00;83513.00;47723;35790;0.00;0.00;0;0
1423154279;eth0;50682800.00;51500604.00;102183408.00;51500604;50682801;35959.00;47951.00;83910.00;47951;35959;0.00;0.00;0;0
1423154279;total;50682800.00;51500604.00;102183408.00;51500604;50682801;35959.00;47951.00;83910.00;47951;35959;0.00;0.00;0;0
1423154280;eth0;50657432.00;51466504.00;102123936.00;51466503;50657430;35940.00;47921.00;83861.00;47921;35940;0.00;0.00;0;0
1423154280;total;50657432.00;51466504.00;102123936.00;51466503;50657430;35940.00;47921.00;83861.00;47921;35940;0.00;0.00;0;0
1423154281;eth0;50697328.00;51513752.00;102211080.00;51513751;50697330;35969.00;47961.00;83930.00;47961;35969;0.00;0.00;0;0
1423154281;total;50697328.00;51513752.00;102211080.00;51513751;50697330;35969.00;47961.00;83930.00;47961;35969;0.00;0.00;0;0
1423154282;eth0;50502168.00;51310312.00;101812480.00;51310311;50502168;35829.00;47776.00;83605.00;47776;35829;0.00;0.00;0;0
1423154282;total;50502168.00;51310312.00;101812480.00;51310311;50502168;35829.00;47776.00;83605.00;47776;35829;0.00;0.00;0;0
1423154283;eth0;51077244.00;51903100.00;102980344.00;51903100;51077244;36237.00;48324.00;84561.00;48324;36237;0.00;0.00;0;0
1423154283;total;51077244.00;51903100.00;102980344.00;51903100;51077244;36237.00;48324.00;84561.00;48324;36237;0.00;0.00;0;0
1423154284;eth0;50809656.00;51627996.00;102437648.00;51627996;50809656;36048.00;48067.00;84115.00;48067;36048;0.00;0.00;0;0
1423154284;total;50809656.00;51627996.00;102437648.00;51627996;50809656;36048.00;48067.00;84115.00;48067;36048;0.00;0.00;0;0
1423154285;eth0;50632060.00;51447160.00;102079224.00;51447162;50632059;35922.00;47901.00;83823.00;47901;35922;0.00;0.00;0;0
1423154285;total;50632060.00;51447160.00;102079224.00;51447162;50632059;35922.00;47901.00;83823.00;47901;35922;0.00;0.00;0;0
1423154286;eth0;50699716.00;51515524.00;102215240.00;51515525;50699715;35970.00;47967.00;83937.00;47967;35970;0.00;0.00;0;0
1423154286;total;50699716.00;51515524.00;102215240.00;51515525;50699715;35970.00;47967.00;83937.00;47967;35970;0.00;0.00;0;0
1423154287;eth0;50733544.00;51562416.00;102295960.00;51562416;50733543;35994.00;48008.00;84002.00;48008;35994;0.00;0.00;0;0
1423154287;total;50733544.00;51562416.00;102295960.00;51562416;50733543;35994.00;48008.00;84002.00;48008;35994;0.00;0.00;0;0
1423154288;eth0;50674344.00;51479508.00;102153848.00;51479507;50674344;35953.00;47932.00;83885.00;47932;35953;0.00;0.00;0;0
1423154288;total;50674344.00;51479508.00;102153848.00;51479507;50674344;35953.00;47932.00;83885.00;47932;35953;0.00;0.00;0;0
1423154289;eth0;50684320.00;51504284.00;102188600.00;51504283;50684319;35959.00;47953.00;83912.00;47953;35959;0.00;0.00;0;0
1423154289;total;50684320.00;51504284.00;102188600.00;51504283;50684319;35959.00;47953.00;83912.00;47953;35959;0.00;0.00;0;0
1423154290;eth0;50701232.00;51520952.00;102222184.00;51520954;50701233;35971.00;47971.00;83942.00;47971;35971;0.00;0.00;0;0
1423154290;total;50701232.00;51520952.00;102222184.00;51520954;50701233;35971.00;47971.00;83942.00;47971;35971;0.00;0.00;0;0
1423154291;eth0;50696680.00;51502184.00;102198864.00;51502186;50696679;35967.00;47952.00;83919.00;47952;35967;0.00;0.00;0;0
1423154291;total;50696680.00;51502184.00;102198864.00;51502186;50696679;35967.00;47952.00;83919.00;47952;35967;0.00;0.00;0;0
1423154292;eth0;50665888.00;51484124.00;102150016.00;51484125;50665887;35946.00;47937.00;83883.00;47937;35946;0.00;0.00;0;0
1423154292;total;50665888.00;51484124.00;102150016.00;51484125;50665887;35946.00;47937.00;83883.00;47937;35946;0.00;0.00;0;0
1423154293;eth0;50361436.00;51167136.00;101528576.00;51167138;50361435;35730.00;47638.00;83368.00;47638;35730;0.00;0.00;0;0
1423154293;total;50361436.00;51167136.00;101528576.00;51167138;50361435;35730.00;47638.00;83368.00;47638;35730;0.00;0.00;0;0
1423154294;eth0;50658948.00;51483416.00;102142368.00;51483418;50658948;35942.00;47935.00;83877.00;47935;35942;0.00;0.00;0;0
1423154294;total;50658948.00;51483416.00;102142368.00;51483418;50658948;35942.00;47935.00;83877.00;47935;35942;0.00;0.00;0;0
1423154295;eth0;50571344.00;51386136.00;101957480.00;51386136;50571342;35878.00;47845.00;83723.00;47845;35878;0.00;0.00;0;0
1423154295;total;50571344.00;51386136.00;101957480.00;51386136;50571342;35878.00;47845.00;83723.00;47845;35878;0.00;0.00;0;0
1423154296;eth0;50268408.00;51072100.00;101340512.00;51072100;50268408;35664.00;47552.00;83216.00;47552;35664;0.00;0.00;0;0
1423154296;total;50268408.00;51072100.00;101340512.00;51072100;50268408;35664.00;47552.00;83216.00;47552;35664;0.00;0.00;0;0
1423154297;eth0;50716628.00;51532084.00;102248712.00;51532083;50716629;35982.00;47980.00;83962.00;47980;35982;0.00;0.00;0;0
1423154297;total;50716628.00;51532084.00;102248712.00;51532083;50716629;35982.00;47980.00;83962.00;47980;35982;0.00;0.00;0;0
1423154298;eth0;50502820.00;51318648.00;101821464.00;51318648;50502819;35831.00;47779.00;83610.00;47779;35831;0.00;0.00;0;0
1423154298;total;50502820.00;51318648.00;101821464.00;51318648;50502819;35831.00;47779.00;83610.00;47779;35831;0.00;0.00;0;0
1423154299;eth0;50710556.00;51525008.00;102235568.00;51525008;50710557;35977.00;47973.00;83950.00;47973;35977;0.00;0.00;0;0
1423154299;total;50710556.00;51525008.00;102235568.00;51525008;50710557;35977.00;47973.00;83950.00;47973;35977;0.00;0.00;0;0
1423154300;eth0;50369892.00;51181916.00;101551808.00;51181916;50369892;35736.00;47656.00;83392.00;47656;35736;0.00;0.00;0;0
1423154300;total;50369892.00;51181916.00;101551808.00;51181916;50369892;35736.00;47656.00;83392.00;47656;35736;0.00;0.00;0;0
1423154301;eth0;50606688.00;51420396.00;102027080.00;51420395;50606688;35904.00;47876.00;83780.00;47876;35904;0.00;0.00;0;0
1423154301;total;50606688.00;51420396.00;102027080.00;51420395;50606688;35904.00;47876.00;83780.00;47876;35904;0.00;0.00;0;0
1423154302;eth0;50597364.00;51413320.00;102010688.00;51413320;50597364;35898.00;47869.00;83767.00;47869;35898;0.00;0.00;0;0
1423154302;total;50597364.00;51413320.00;102010688.00;51413320;50597364;35898.00;47869.00;83767.00;47869;35898;0.00;0.00;0;0
1423154303;eth0;50649840.00;51463840.00;102113680.00;51463839;50649840;35934.00;47917.00;83851.00;47917;35934;0.00;0.00;0;0
1423154303;total;50649840.00;51463840.00;102113680.00;51463839;50649840;35934.00;47917.00;83851.00;47917;35934;0.00;0.00;0;0
1423154304;eth0;50760432.00;51585160.00;102345592.00;51585159;50760432;36014.00;48029.00;84043.00;48029;36014;0.00;0.00;0;0
1423154304;total;50760432.00;51585160.00;102345592.00;51585159;50760432;36014.00;48029.00;84043.00;48029;36014;0.00;0.00;0;0
1423154305;eth0;50422152.00;51232336.00;101654488.00;51232337;50422152;35774.00;47701.00;83475.00;47701;35774;0.00;0.00;0;0
1423154305;total;50422152.00;51232336.00;101654488.00;51232337;50422152;35774.00;47701.00;83475.00;47701;35774;0.00;0.00;0;0
1423154306;eth0;50171480.00;50970128.00;101141608.00;50970127;50171478;35594.00;47458.00;83052.00;47458;35594;0.00;0.00;0;0
1423154306;total;50171480.00;50970128.00;101141608.00;50970127;50171478;35594.00;47458.00;83052.00;47458;35594;0.00;0.00;0;0
1423154307;eth0;50548356.00;51372860.00;101921216.00;51372861;50548356;35862.00;47831.00;83693.00;47831;35862;0.00;0.00;0;0
1423154307;total;50548356.00;51372860.00;101921216.00;51372861;50548356;35862.00;47831.00;83693.00;47831;35862;0.00;0.00;0;0
1423154308;eth0;50418248.00;51224176.00;101642424.00;51224174;50418249;35770.00;47695.00;83465.00;47695;35770;0.00;0.00;0;0
1423154308;total;50418248.00;51224176.00;101642424.00;51224174;50418249;35770.00;47695.00;83465.00;47695;35770;0.00;0.00;0;0
1423154309;eth0;50676728.00;51490764.00;102167496.00;51490764;50676729;35954.00;47943.00;83897.00;47943;35954;0.00;0.00;0;0
1423154309;total;50676728.00;51490764.00;102167496.00;51490764;50676729;35954.00;47943.00;83897.00;47943;35954;0.00;0.00;0;0
1423154310;eth0;50420632.00;51233344.00;101653984.00;51233346;50420634;35772.00;47702.00;83474.00;47702;35772;0.00;0.00;0;0
1423154310;total;50420632.00;51233344.00;101653984.00;51233346;50420634;35772.00;47702.00;83474.00;47702;35772;0.00;0.00;0;0
1423154311;eth0;50530576.00;51342908.00;101873488.00;51342909;50530575;35850.00;47802.00;83652.00;47802;35850;0.00;0.00;0;0
1423154311;total;50530576.00;51342908.00;101873488.00;51342909;50530575;35850.00;47802.00;83652.00;47802;35850;0.00;0.00;0;0
1423154312;eth0;50750456.00;51567592.00;102318048.00;51567592;50750457;36006.00;48015.00;84021.00;48015;36006;0.00;0.00;0;0
1423154312;total;50750456.00;51567592.00;102318048.00;51567592;50750457;36006.00;48015.00;84021.00;48015;36006;0.00;0.00;0;0
1423154313;eth0;50479832.00;51301464.00;101781296.00;51301462;50479833;35816.00;47763.00;83579.00;47763;35816;0.00;0.00;0;0
1423154313;total;50479832.00;51301464.00;101781296.00;51301462;50479833;35816.00;47763.00;83579.00;47763;35816;0.00;0.00;0;0
1423154314;eth0;50746552.00;51559380.00;102305936.00;51559380;50746554;36002.00;48005.00;84007.00;48005;36002;0.00;0.00;0;0
1423154314;total;50746552.00;51559380.00;102305936.00;51559380;50746554;36002.00;48005.00;84007.00;48005;36002;0.00;0.00;0;0
1423154315;eth0;50619048.00;51429596.00;102048640.00;51429595;50619048;35912.00;47888.00;83800.00;47888;35912;0.00;0.00;0;0
1423154315;total;50619048.00;51429596.00;102048640.00;51429595;50619048;35912.00;47888.00;83800.00;47888;35912;0.00;0.00;0;0
1423154316;eth0;50801200.00;51619468.00;102420664.00;51619467;50801199;36042.00;48059.00;84101.00;48059;36042;0.00;0.00;0;0
1423154316;total;50801200.00;51619468.00;102420664.00;51619467;50801199;36042.00;48059.00;84101.00;48059;36042;0.00;0.00;0;0
1423154317;eth0;50598232.00;51413364.00;102011592.00;51413363;50598231;35898.00;47870.00;83768.00;47870;35898;0.00;0.00;0;0
1423154317;total;50598232.00;51413364.00;102011592.00;51413363;50598231;35898.00;47870.00;83768.00;47870;35898;0.00;0.00;0;0
1423154318;eth0;50505204.00;51322312.00;101827520.00;51322312;50505204;35832.00;47784.00;83616.00;47784;35832;0.00;0.00;0;0
1423154318;total;50505204.00;51322312.00;101827520.00;51322312;50505204;35832.00;47784.00;83616.00;47784;35832;0.00;0.00;0;0
1423154319;eth0;50496748.00;51305056.00;101801800.00;51305056;50496747;35826.00;47769.00;83595.00;47769;35826;0.00;0.00;0;0
1423154319;total;50496748.00;51305056.00;101801800.00;51305056;50496747;35826.00;47769.00;83595.00;47769;35826;0.00;0.00;0;0
1423154320;eth0;52906992.00;53757232.00;106664224.00;53757231;52906992;37536.00;50051.00;87587.00;50051;37536;0.00;0.00;0;0
1423154320;total;52906992.00;53757232.00;106664224.00;53757231;52906992;37536.00;50051.00;87587.00;50051;37536;0.00;0.00;0;0
1423154321;eth0;50742000.00;51560320.00;102302320.00;51560319;50742000;36000.00;48007.00;84007.00;48007;36000;0.00;0.00;0;0
1423154321;total;50742000.00;51560320.00;102302320.00;51560319;50742000;36000.00;48007.00;84007.00;48007;36000;0.00;0.00;0;0
1423154322;eth0;50361436.00;51173260.00;101534696.00;51173259;50361435;35730.00;47647.00;83377.00;47647;35730;0.00;0.00;0;0
1423154322;total;50361436.00;51173260.00;101534696.00;51173259;50361435;35730.00;47647.00;83377.00;47647;35730;0.00;0.00;0;0
1423154323;eth0;50429092.00;51238904.00;101667992.00;51238903;50429091;35778.00;47709.00;83487.00;47709;35778;0.00;0.00;0;0
1423154323;total;50429092.00;51238904.00;101667992.00;51238903;50429091;35778.00;47709.00;83487.00;47709;35778;0.00;0.00;0;0
1423154324;eth0;50775828.00;51593624.00;102369456.00;51593624;50775828;36024.00;48034.00;84058.00;48034;36024;0.00;0.00;0;0
1423154324;total;50775828.00;51593624.00;102369456.00;51593624;50775828;36024.00;48034.00;84058.00;48034;36024;0.00;0.00;0;0
1423154325;eth0;50648972.00;51471556.00;102120528.00;51471557;50648973;35934.00;47924.00;83858.00;47924;35934;0.00;0.00;0;0
1423154325;total;50648972.00;51471556.00;102120528.00;51471557;50648973;35934.00;47924.00;83858.00;47924;35934;0.00;0.00;0;0
1423154326;eth0;50344520.00;51158032.00;101502552.00;51158030;50344521;35718.00;47633.00;83351.00;47633;35718;0.00;0.00;0;0
1423154326;total;50344520.00;51158032.00;101502552.00;51158030;50344521;35718.00;47633.00;83351.00;47633;35718;0.00;0.00;0;0
1423154327;eth0;50158468.00;50955272.00;101113736.00;50955270;50158467;35586.00;47444.00;83030.00;47444;35586;0.00;0.00;0;0
1423154327;total;50158468.00;50955272.00;101113736.00;50955270;50158467;35586.00;47444.00;83030.00;47444;35586;0.00;0.00;0;0
1423154328;eth0;50369892.00;51180336.00;101550224.00;51180334;50369892;35736.00;47653.00;83389.00;47653;35736;0.00;0.00;0;0
1423154328;total;50369892.00;51180336.00;101550224.00;51180334;50369892;35736.00;47653.00;83389.00;47653;35736;0.00;0.00;0;0
1423154329;eth0;50437548.00;51248888.00;101686432.00;51248886;50437548;35784.00;47715.00;83499.00;47715;35784;0.00;0.00;0;0
1423154329;total;50437548.00;51248888.00;101686432.00;51248886;50437548;35784.00;47715.00;83499.00;47715;35784;0.00;0.00;0;0
1423154330;eth0;50141552.00;50956916.00;101098472.00;50956916;50141553;35574.00;47446.00;83020.00;47446;35574;0.00;0.00;0;0
1423154330;total;50141552.00;50956916.00;101098472.00;50956916;50141553;35574.00;47446.00;83020.00;47446;35574;0.00;0.00;0;0
1423154331;eth0;50133096.00;50949212.00;101082312.00;50949213;50133096;35568.00;47436.00;83004.00;47436;35568;0.00;0.00;0;0
1423154331;total;50133096.00;50949212.00;101082312.00;50949213;50133096;35568.00;47436.00;83004.00;47436;35568;0.00;0.00;0;0
1423154332;eth0;50065440.00;50862840.00;100928280.00;50862838;50065440;35520.00;47357.00;82877.00;47357;35520;0.00;0.00;0;0
1423154332;total;50065440.00;50862840.00;100928280.00;50862838;50065440;35520.00;47357.00;82877.00;47357;35520;0.00;0.00;0;0
1423154333;eth0;50242168.00;51034760.00;101276928.00;51034762;50242170;35646.00;47518.00;83164.00;47518;35646;0.00;0.00;0;0
1423154333;total;50242168.00;51034760.00;101276928.00;51034762;50242170;35646.00;47518.00;83164.00;47518;35646;0.00;0.00;0;0
1423154334;eth0;50226992.00;51042848.00;101269840.00;51042846;50226990;35634.00;47526.00;83160.00;47526;35634;0.00;0.00;0;0
1423154334;total;50226992.00;51042848.00;101269840.00;51042846;50226990;35634.00;47526.00;83160.00;47526;35634;0.00;0.00;0;0
1423154335;eth0;49786360.00;50594444.00;100380800.00;50594443;49786359;35322.00;47105.00;82427.00;47105;35322;0.00;0.00;0;0
1423154335;total;49786360.00;50594444.00;100380800.00;50594443;49786359;35322.00;47105.00;82427.00;47105;35322;0.00;0.00;0;0
1423154336;eth0;50352976.00;51174580.00;101527560.00;51174579;50352978;35726.00;47647.00;83373.00;47647;35726;0.00;0.00;0;0
1423154336;total;50352976.00;51174580.00;101527560.00;51174579;50352978;35726.00;47647.00;83373.00;47647;35726;0.00;0.00;0;0
1423154337;eth0;50285320.00;51077664.00;101362984.00;51077663;50285322;35674.00;47557.00;83231.00;47557;35674;0.00;0.00;0;0
1423154337;total;50285320.00;51077664.00;101362984.00;51077663;50285322;35674.00;47557.00;83231.00;47557;35674;0.00;0.00;0;0
1423154338;eth0;50124640.00;50940304.00;101064944.00;50940303;50124639;35562.00;47431.00;82993.00;47431;35562;0.00;0.00;0;0
1423154338;total;50124640.00;50940304.00;101064944.00;50940303;50124639;35562.00;47431.00;82993.00;47431;35562;0.00;0.00;0;0
1423154339;eth0;50006240.00;50806232.00;100812472.00;50806232;50006241;35478.00;47303.00;82781.00;47303;35478;0.00;0.00;0;0
1423154339;total;50006240.00;50806232.00;100812472.00;50806232;50006241;35478.00;47303.00;82781.00;47303;35478;0.00;0.00;0;0
1423154340;eth0;50352976.00;51160936.00;101513920.00;51160938;50352978;35724.00;47633.00;83357.00;47633;35724;0.00;0.00;0;0
1423154340;total;50352976.00;51160936.00;101513920.00;51160938;50352978;35724.00;47633.00;83357.00;47633;35724;0.00;0.00;0;0
1423154341;eth0;50336064.00;51146536.00;101482600.00;51146535;50336064;35712.00;47623.00;83335.00;47623;35712;0.00;0.00;0;0
1423154341;total;50336064.00;51146536.00;101482600.00;51146535;50336064;35712.00;47623.00;83335.00;47623;35712;0.00;0.00;0;0
1423154342;eth0;50302236.00;51111528.00;101413760.00;51111526;50302236;35688.00;47589.00;83277.00;47589;35688;0.00;0.00;0;0
1423154342;total;50302236.00;51111528.00;101413760.00;51111526;50302236;35688.00;47589.00;83277.00;47589;35688;0.00;0.00;0;0
1423154343;eth0;50302236.00;51117096.00;101419336.00;51117098;50302236;35689.00;47592.00;83281.00;47592;35689;0.00;0.00;0;0
1423154343;total;50302236.00;51117096.00;101419336.00;51117098;50302236;35689.00;47592.00;83281.00;47592;35689;0.00;0.00;0;0
1423154344;eth0;50285320.00;51091812.00;101377136.00;51091813;50285322;35675.00;47572.00;83247.00;47572;35675;0.00;0.00;0;0
1423154344;total;50285320.00;51091812.00;101377136.00;51091813;50285322;35675.00;47572.00;83247.00;47572;35675;0.00;0.00;0;0
1423154345;eth0;50302236.00;51117096.00;101419336.00;51117098;50302236;35688.00;47591.00;83279.00;47591;35688;0.00;0.00;0;0
1423154345;total;50302236.00;51117096.00;101419336.00;51117098;50302236;35688.00;47591.00;83279.00;47591;35688;0.00;0.00;0;0
1423154346;eth0;50310692.00;51114428.00;101425120.00;51114428;50310693;35694.00;47591.00;83285.00;47591;35694;0.00;0.00;0;0
1423154346;total;50310692.00;51114428.00;101425120.00;51114428;50310693;35694.00;47591.00;83285.00;47591;35694;0.00;0.00;0;0
1423154347;eth0;50339100.00;51154492.00;101493592.00;51154491;50339100;35715.00;47629.00;83344.00;47629;35715;0.00;0.00;0;0
1423154347;total;50339100.00;51154492.00;101493592.00;51154491;50339100;35715.00;47629.00;83344.00;47629;35715;0.00;0.00;0;0
1423154348;eth0;50351460.00;51160192.00;101511648.00;51160191;50351460;35723.00;47635.00;83358.00;47635;35723;0.00;0.00;0;0
1423154348;total;50351460.00;51160192.00;101511648.00;51160191;50351460;35723.00;47635.00;83358.00;47635;35723;0.00;0.00;0;0
1423154349;eth0;50233064.00;51038164.00;101271224.00;51038164;50233062;35638.00;47520.00;83158.00;47520;35638;0.00;0.00;0;0
1423154349;total;50233064.00;51038164.00;101271224.00;51038164;50233062;35638.00;47520.00;83158.00;47520;35638;0.00;0.00;0;0
1423154350;eth0;50470508.00;51283320.00;101753832.00;51283322;50470509;35808.00;47748.00;83556.00;47748;35808;0.00;0.00;0;0
1423154350;total;50470508.00;51283320.00;101753832.00;51283322;50470509;35808.00;47748.00;83556.00;47748;35808;0.00;0.00;0;0
1423154351;eth0;50421500.00;51236512.00;101658008.00;51236510;50421501;35772.00;47706.00;83478.00;47706;35772;0.00;0.00;0;0
1423154351;total;50421500.00;51236512.00;101658008.00;51236510;50421501;35772.00;47706.00;83478.00;47706;35772;0.00;0.00;0;0
1423154352;eth0;50378348.00;51184688.00;101563040.00;51184690;50378349;35742.00;47656.00;83398.00;47656;35742;0.00;0.00;0;0
1423154352;total;50378348.00;51184688.00;101563040.00;51184690;50378349;35742.00;47656.00;83398.00;47656;35742;0.00;0.00;0;0
1423154353;eth0;50378348.00;51189500.00;101567848.00;51189500;50378349;35742.00;47663.00;83405.00;47663;35742;0.00;0.00;0;0
1423154353;total;50378348.00;51189500.00;101567848.00;51189500;50378349;35742.00;47663.00;83405.00;47663;35742;0.00;0.00;0;0
1423154354;eth0;28204096.00;28683434.00;56887528.00;28683434;28204095;20010.00;26704.00;46714.00;26704;20010;0.00;0.00;0;0
1423154354;total;28204096.00;28683434.00;56887528.00;28683434;28204095;20010.00;26704.00;46714.00;26704;20010;0.00;0.00;0;0
