1421240066;eth0;64033.00;59409.00;123442.00;59409;64033;346.00;325.00;671.00;325;346;0.00;0.00;0;0
1421240066;total;64033.00;59409.00;123442.00;59409;64033;346.00;325.00;671.00;325;346;0.00;0.00;0;0
1421240067;eth0;1211927.00;3433214.00;4645141.00;3433214;1211927;1149.00;2718.00;3867.00;2718;1149;0.00;0.00;0;0
1421240067;total;1211927.00;3433214.00;4645141.00;3433214;1211927;1149.00;2718.00;3867.00;2718;1149;0.00;0.00;0;0
1421240068;eth0;17514612.00;52574528.00;70089136.00;52574526;17514613;12427.00;37285.00;49712.00;37285;12427;0.00;0.00;0;0
1421240068;total;17514612.00;52574528.00;70089136.00;52574526;17514613;12427.00;37285.00;49712.00;37285;12427;0.00;0.00;0;0
1421240069;eth0;17573812.00;52744132.00;70317944.00;52744132;17573812;12469.00;37406.00;49875.00;37406;12469;0.00;0.00;0;0
1421240069;total;17573812.00;52744132.00;70317944.00;52744132;17573812;12469.00;37406.00;49875.00;37406;12469;0.00;0.00;0;0
1421240070;eth0;17574112.00;52743408.00;70317520.00;52743408;17574112;12472.00;37406.00;49878.00;37406;12472;0.00;0.00;0;0
1421240070;total;17574112.00;52743408.00;70317520.00;52743408;17574112;12472.00;37406.00;49878.00;37406;12472;0.00;0.00;0;0
1421240071;eth0;17565356.00;52697204.00;70262560.00;52697204;17565355;12463.00;37370.00;49833.00;37370;12463;0.00;0.00;0;0
1421240071;total;17565356.00;52697204.00;70262560.00;52697204;17565355;12463.00;37370.00;49833.00;37370;12463;0.00;0.00;0;0
1421240072;eth0;17575042.00;52749432.00;70324472.00;52749430;17575042;12482.00;37407.00;49889.00;37407;12482;0.00;0.00;0;0
1421240072;total;17575042.00;52749432.00;70324472.00;52749430;17575042;12482.00;37407.00;49889.00;37407;12482;0.00;0.00;0;0
1421240073;eth0;17531528.00;52663840.00;70195368.00;52663842;17531527;12439.00;37345.00;49784.00;37345;12439;0.00;0.00;0;0
1421240073;total;17531528.00;52663840.00;70195368.00;52663842;17531527;12439.00;37345.00;49784.00;37345;12439;0.00;0.00;0;0
1421240074;eth0;17568944.00;52745424.00;70314368.00;52745426;17568945;12488.00;37403.00;49891.00;37403;12488;0.00;0.00;0;0
1421240074;total;17568944.00;52745424.00;70314368.00;52745426;17568945;12488.00;37403.00;49891.00;37403;12488;0.00;0.00;0;0
1421240075;eth0;17572294.00;52749496.00;70321792.00;52749494;17572294;12466.00;37408.00;49874.00;37408;12466;0.00;0.00;0;0
1421240075;total;17572294.00;52749496.00;70321792.00;52749494;17572294;12466.00;37408.00;49874.00;37408;12466;0.00;0.00;0;0
1421240076;eth0;17573812.00;52749496.00;70323304.00;52749494;17573812;12469.00;37408.00;49877.00;37408;12469;0.00;0.00;0;0
1421240076;total;17573812.00;52749496.00;70323304.00;52749494;17573812;12469.00;37408.00;49877.00;37408;12469;0.00;0.00;0;0
1421240077;eth0;17573876.00;52744196.00;70318072.00;52744196;17573876;12470.00;37406.00;49876.00;37406;12470;0.00;0.00;0;0
1421240077;total;17573876.00;52744196.00;70318072.00;52744196;17573876;12470.00;37406.00;49876.00;37406;12470;0.00;0.00;0;0
1421240078;eth0;17573812.00;52751720.00;70325536.00;52751722;17573812;12469.00;37410.00;49879.00;37410;12469;0.00;0.00;0;0
1421240078;total;17573812.00;52751720.00;70325536.00;52751722;17573812;12469.00;37410.00;49879.00;37410;12469;0.00;0.00;0;0
1421240079;eth0;17573812.00;52745004.00;70318816.00;52745004;17573812;12469.00;37406.00;49875.00;37406;12469;0.00;0.00;0;0
1421240079;total;17573812.00;52745004.00;70318816.00;52745004;17573812;12469.00;37406.00;49875.00;37406;12469;0.00;0.00;0;0
1421240080;eth0;17565356.00;52727208.00;70292560.00;52727208;17565355;12463.00;37393.00;49856.00;37393;12463;0.00;0.00;0;0
1421240080;total;17565356.00;52727208.00;70292560.00;52727208;17565355;12463.00;37393.00;49856.00;37393;12463;0.00;0.00;0;0
1421240081;eth0;17573812.00;52752432.00;70326248.00;52752434;17573812;12469.00;37409.00;49878.00;37409;12469;0.00;0.00;0;0
1421240081;total;17573812.00;52752432.00;70326248.00;52752434;17573812;12469.00;37409.00;49878.00;37409;12469;0.00;0.00;0;0
1421240082;eth0;17573812.00;52748528.00;70322336.00;52748526;17573812;12469.00;37407.00;49876.00;37407;12469;0.00;0.00;0;0
1421240082;total;17573812.00;52748528.00;70322336.00;52748526;17573812;12469.00;37407.00;49876.00;37407;12469;0.00;0.00;0;0
1421240083;eth0;17573812.00;52745520.00;70319336.00;52745522;17573812;12469.00;37403.00;49872.00;37403;12469;0.00;0.00;0;0
1421240083;total;17573812.00;52745520.00;70319336.00;52745522;17573812;12469.00;37403.00;49872.00;37403;12469;0.00;0.00;0;0
1421240084;eth0;17565632.00;52742488.00;70308120.00;52742486;17565633;12467.00;37402.00;49869.00;37402;12467;0.00;0.00;0;0
1421240084;total;17565632.00;52742488.00;70308120.00;52742486;17565633;12467.00;37402.00;49869.00;37402;12467;0.00;0.00;0;0
1421240085;eth0;17573812.00;52747912.00;70321728.00;52747912;17573812;12468.00;37406.00;49874.00;37406;12468;0.00;0.00;0;0
1421240085;total;17573812.00;52747912.00;70321728.00;52747912;17573812;12468.00;37406.00;49874.00;37406;12468;0.00;0.00;0;0
1421240086;eth0;17573812.00;52752464.00;70326280.00;52752466;17573812;12469.00;37409.00;49878.00;37409;12469;0.00;0.00;0;0
1421240086;total;17573812.00;52752464.00;70326280.00;52752466;17573812;12469.00;37409.00;49878.00;37409;12469;0.00;0.00;0;0
1421240087;eth0;17573812.00;52752464.00;70326280.00;52752466;17573812;12469.00;37409.00;49878.00;37409;12469;0.00;0.00;0;0
1421240087;total;17573812.00;52752464.00;70326280.00;52752466;17573812;12469.00;37409.00;49878.00;37409;12469;0.00;0.00;0;0
1421240088;eth0;17573876.00;52744132.00;70318008.00;52744132;17573876;12470.00;37405.00;49875.00;37405;12470;0.00;0.00;0;0
1421240088;total;17573876.00;52744132.00;70318008.00;52744132;17573876;12470.00;37405.00;49875.00;37405;12470;0.00;0.00;0;0
1421240089;eth0;17569908.00;52750108.00;70320016.00;52750108;17569909;12468.00;37408.00;49876.00;37408;12468;0.00;0.00;0;0
1421240089;total;17569908.00;52750108.00;70320016.00;52750108;17569909;12468.00;37408.00;49876.00;37408;12468;0.00;0.00;0;0
1421240090;eth0;17569364.00;52742592.00;70311952.00;52742592;17569364;12465.00;37404.00;49869.00;37404;12465;0.00;0.00;0;0
1421240090;total;17569364.00;52742592.00;70311952.00;52742592;17569364;12465.00;37404.00;49869.00;37404;12465;0.00;0.00;0;0
1421240091;eth0;17573812.00;52748040.00;70321856.00;52748040;17573812;12469.00;37408.00;49877.00;37408;12469;0.00;0.00;0;0
1421240091;total;17573812.00;52748040.00;70321856.00;52748040;17573812;12469.00;37408.00;49877.00;37408;12469;0.00;0.00;0;0
1421240092;eth0;17575042.00;52752528.00;70327568.00;52752530;17575042;12482.00;37410.00;49892.00;37410;12482;0.00;0.00;0;0
1421240092;total;17575042.00;52752528.00;70327568.00;52752530;17575042;12482.00;37410.00;49892.00;37410;12482;0.00;0.00;0;0
1421240093;eth0;17573812.00;52747104.00;70320912.00;52747104;17573812;12469.00;37406.00;49875.00;37406;12469;0.00;0.00;0;0
1421240093;total;17573812.00;52747104.00;70320912.00;52747104;17573812;12469.00;37406.00;49875.00;37406;12469;0.00;0.00;0;0
1421240094;eth0;17574666.00;52749508.00;70324176.00;52749507;17574666;12478.00;37408.00;49886.00;37408;12478;0.00;0.00;0;0
1421240094;total;17574666.00;52749508.00;70324176.00;52749507;17574666;12478.00;37408.00;49886.00;37408;12478;0.00;0.00;0;0
1421240095;eth0;17566936.00;52745584.00;70312520.00;52745586;17566937;12466.00;37405.00;49871.00;37405;12466;0.00;0.00;0;0
1421240095;total;17566936.00;52745584.00;70312520.00;52745586;17566937;12466.00;37405.00;49871.00;37405;12466;0.00;0.00;0;0
1421240096;eth0;17572294.00;52747104.00;70319400.00;52747104;17572294;12467.00;37407.00;49874.00;37407;12467;0.00;0.00;0;0
1421240096;total;17572294.00;52747104.00;70319400.00;52747104;17572294;12467.00;37407.00;49874.00;37407;12467;0.00;0.00;0;0
1421240097;eth0;17573812.00;52747880.00;70321696.00;52747880;17573812;12469.00;37405.00;49874.00;37405;12469;0.00;0.00;0;0
1421240097;total;17573812.00;52747880.00;70321696.00;52747880;17573812;12469.00;37405.00;49874.00;37405;12469;0.00;0.00;0;0
1421240098;eth0;18565124.00;52774852.00;71339976.00;52774852;18565124;13174.00;37609.00;50783.00;37609;13174;0.00;0.00;0;0
1421240098;total;18565124.00;52774852.00;71339976.00;52774852;18565124;13174.00;37609.00;50783.00;37609;13174;0.00;0.00;0;0
1421240099;eth0;17565356.00;52749872.00;70315224.00;52749870;17565355;12463.00;37404.00;49867.00;37404;12463;0.00;0.00;0;0
1421240099;total;17565356.00;52749872.00;70315224.00;52749870;17565355;12463.00;37404.00;49867.00;37404;12463;0.00;0.00;0;0
1421240100;eth0;17573812.00;52739672.00;70313480.00;52739670;17573812;12469.00;37394.00;49863.00;37394;12469;0.00;0.00;0;0
1421240100;total;17573812.00;52739672.00;70313480.00;52739670;17573812;12469.00;37394.00;49863.00;37394;12469;0.00;0.00;0;0
1421240101;eth0;17556898.00;52681940.00;70238840.00;52681940;17556898;12457.00;37351.00;49808.00;37351;12457;0.00;0.00;0;0
1421240101;total;17556898.00;52681940.00;70238840.00;52681940;17556898;12457.00;37351.00;49808.00;37351;12457;0.00;0.00;0;0
1421240102;eth0;17565356.00;52746616.00;70311968.00;52746616;17565355;12463.00;37398.00;49861.00;37398;12463;0.00;0.00;0;0
1421240102;total;17565356.00;52746616.00;70311968.00;52746616;17565355;12463.00;37398.00;49861.00;37398;12463;0.00;0.00;0;0
1421240103;eth0;17565356.00;52739608.00;70304960.00;52739606;17565355;12464.00;37393.00;49857.00;37393;12464;0.00;0.00;0;0
1421240103;total;17565356.00;52739608.00;70304960.00;52739606;17565355;12464.00;37393.00;49857.00;37393;12464;0.00;0.00;0;0
1421240104;eth0;17525062.00;52659504.00;70184568.00;52659506;17525062;12456.00;37349.00;49805.00;37349;12456;0.00;0.00;0;0
1421240104;total;17525062.00;52659504.00;70184568.00;52659506;17525062;12456.00;37349.00;49805.00;37349;12456;0.00;0.00;0;0
1421240105;eth0;17531528.00;52654808.00;70186336.00;52654806;17531527;12439.00;37330.00;49769.00;37330;12439;0.00;0.00;0;0
1421240105;total;17531528.00;52654808.00;70186336.00;52654806;17531527;12439.00;37330.00;49769.00;37330;12439;0.00;0.00;0;0
1421240106;eth0;17565452.00;52739448.00;70304896.00;52739446;17565453;12464.00;37390.00;49854.00;37390;12464;0.00;0.00;0;0
1421240106;total;17565452.00;52739448.00;70304896.00;52739446;17565453;12464.00;37390.00;49854.00;37390;12464;0.00;0.00;0;0
1421240107;eth0;17573812.00;52748008.00;70321816.00;52748006;17573812;12469.00;37397.00;49866.00;37397;12469;0.00;0.00;0;0
1421240107;total;17573812.00;52748008.00;70321816.00;52748006;17573812;12469.00;37397.00;49866.00;37397;12469;0.00;0.00;0;0
1421240108;eth0;17565356.00;52755596.00;70320952.00;52755596;17565355;12463.00;37403.00;49866.00;37403;12463;0.00;0.00;0;0
1421240108;total;17565356.00;52755596.00;70320952.00;52755596;17565355;12463.00;37403.00;49866.00;37403;12463;0.00;0.00;0;0
1421240109;eth0;17523070.00;52613456.00;70136528.00;52613456;17523070;12433.00;37301.00;49734.00;37301;12433;0.00;0.00;0;0
1421240109;total;17523070.00;52613456.00;70136528.00;52613456;17523070;12433.00;37301.00;49734.00;37301;12433;0.00;0.00;0;0
1421240110;eth0;17573982.00;52748208.00;70322192.00;52748208;17573982;12471.00;37400.00;49871.00;37400;12471;0.00;0.00;0;0
1421240110;total;17573982.00;52748208.00;70322192.00;52748208;17573982;12471.00;37400.00;49871.00;37400;12471;0.00;0.00;0;0
1421240111;eth0;17565356.00;52738796.00;70304152.00;52738796;17565355;12463.00;37392.00;49855.00;37392;12463;0.00;0.00;0;0
1421240111;total;17565356.00;52738796.00;70304152.00;52738796;17565355;12463.00;37392.00;49855.00;37392;12463;0.00;0.00;0;0
1421240112;eth0;17566584.00;52749008.00;70315592.00;52749008;17566585;12476.00;37400.00;49876.00;37400;12476;0.00;0.00;0;0
1421240112;total;17566584.00;52749008.00;70315592.00;52749008;17566585;12476.00;37400.00;49876.00;37400;12476;0.00;0.00;0;0
1421240113;eth0;17565356.00;52739576.00;70304928.00;52739574;17565355;12463.00;37392.00;49855.00;37392;12463;0.00;0.00;0;0
1421240113;total;17565356.00;52739576.00;70304928.00;52739574;17565355;12463.00;37392.00;49855.00;37392;12463;0.00;0.00;0;0
1421240114;eth0;17566752.00;52728720.00;70295472.00;52728718;17566751;12478.00;37384.00;49862.00;37384;12478;0.00;0.00;0;0
1421240114;total;17566752.00;52728720.00;70295472.00;52728718;17566751;12478.00;37384.00;49862.00;37384;12478;0.00;0.00;0;0
1421240115;eth0;17548440.00;52708144.00;70256584.00;52708142;17548441;12451.00;37370.00;49821.00;37370;12451;0.00;0.00;0;0
1421240115;total;17548440.00;52708144.00;70256584.00;52708142;17548441;12451.00;37370.00;49821.00;37370;12451;0.00;0.00;0;0
1421240116;eth0;17568456.00;52679484.00;70247936.00;52679484;17568455;12467.00;37350.00;49817.00;37350;12467;0.00;0.00;0;0
1421240116;total;17568456.00;52679484.00;70247936.00;52679484;17568455;12467.00;37350.00;49817.00;37350;12467;0.00;0.00;0;0
1421240117;eth0;17570776.00;52751980.00;70322752.00;52751980;17570776;12466.00;37400.00;49866.00;37400;12466;0.00;0.00;0;0
1421240117;total;17570776.00;52751980.00;70322752.00;52751980;17570776;12466.00;37400.00;49866.00;37400;12466;0.00;0.00;0;0
1421240118;eth0;17565356.00;52745032.00;70310392.00;52745034;17565355;12463.00;37396.00;49859.00;37396;12463;0.00;0.00;0;0
1421240118;total;17565356.00;52745032.00;70310392.00;52745034;17565355;12463.00;37396.00;49859.00;37396;12463;0.00;0.00;0;0
1421240119;eth0;17568392.00;52748072.00;70316464.00;52748070;17568391;12467.00;37398.00;49865.00;37398;12467;0.00;0.00;0;0
1421240119;total;17568392.00;52748072.00;70316464.00;52748070;17568391;12467.00;37398.00;49865.00;37398;12467;0.00;0.00;0;0
1421240120;eth0;17570776.00;52751040.00;70321816.00;52751042;17570776;12465.00;37399.00;49864.00;37399;12465;0.00;0.00;0;0
1421240120;total;17570776.00;52751040.00;70321816.00;52751042;17570776;12465.00;37399.00;49864.00;37399;12465;0.00;0.00;0;0
1421240121;eth0;17514612.00;52660296.00;70174912.00;52660298;17514613;12427.00;37335.00;49762.00;37335;12427;0.00;0.00;0;0
1421240121;total;17514612.00;52660296.00;70174912.00;52660298;17514613;12427.00;37335.00;49762.00;37335;12427;0.00;0.00;0;0
1421240122;eth0;17575042.00;52742608.00;70317648.00;52742610;17575042;12482.00;37394.00;49876.00;37394;12482;0.00;0.00;0;0
1421240122;total;17575042.00;52742608.00;70317648.00;52742610;17575042;12482.00;37394.00;49876.00;37394;12482;0.00;0.00;0;0
1421240123;eth0;17565356.00;52752688.00;70318040.00;52752688;17565355;12463.00;37403.00;49866.00;37403;12463;0.00;0.00;0;0
1421240123;total;17565356.00;52752688.00;70318040.00;52752688;17565355;12463.00;37403.00;49866.00;37403;12463;0.00;0.00;0;0
1421240124;eth0;17565560.00;52749008.00;70314568.00;52749008;17565559;12465.00;37399.00;49864.00;37399;12465;0.00;0.00;0;0
1421240124;total;17565560.00;52749008.00;70314568.00;52749008;17565559;12465.00;37399.00;49864.00;37399;12465;0.00;0.00;0;0
1421240125;eth0;17573812.00;52742640.00;70316456.00;52742642;17573812;12469.00;37395.00;49864.00;37395;12469;0.00;0.00;0;0
1421240125;total;17573812.00;52742640.00;70316456.00;52742642;17573812;12469.00;37395.00;49864.00;37395;12469;0.00;0.00;0;0
1421240126;eth0;17565356.00;52751184.00;70316536.00;52751183;17565355;12463.00;37400.00;49863.00;37400;12463;0.00;0.00;0;0
1421240126;total;17565356.00;52751184.00;70316536.00;52751183;17565355;12463.00;37400.00;49863.00;37400;12463;0.00;0.00;0;0
1421240127;eth0;17565356.00;52750400.00;70315752.00;52750398;17565355;12463.00;37399.00;49862.00;37399;12463;0.00;0.00;0;0
1421240127;total;17565356.00;52750400.00;70315752.00;52750398;17565355;12463.00;37399.00;49862.00;37399;12463;0.00;0.00;0;0
1421240128;eth0;17573876.00;52744160.00;70318032.00;52744160;17573876;12470.00;37395.00;49865.00;37395;12470;0.00;0.00;0;0
1421240128;total;17573876.00;52744160.00;70318032.00;52744160;17573876;12470.00;37395.00;49865.00;37395;12470;0.00;0.00;0;0
1421240129;eth0;17565356.00;52747912.00;70313264.00;52747910;17565355;12463.00;37396.00;49859.00;37396;12463;0.00;0.00;0;0
1421240129;total;17565356.00;52747912.00;70313264.00;52747910;17565355;12463.00;37396.00;49859.00;37396;12463;0.00;0.00;0;0
1421240130;eth0;17565524.00;52751960.00;70317480.00;52751958;17565525;12467.00;37401.00;49868.00;37401;12467;0.00;0.00;0;0
1421240130;total;17565524.00;52751960.00;70317480.00;52751958;17565525;12467.00;37401.00;49868.00;37401;12467;0.00;0.00;0;0
1421240131;eth0;17548440.00;52578728.00;70127168.00;52578726;17548441;12449.00;37277.00;49726.00;37277;12449;0.00;0.00;0;0
1421240131;total;17548440.00;52578728.00;70127168.00;52578726;17548441;12449.00;37277.00;49726.00;37277;12449;0.00;0.00;0;0
1421240132;eth0;17575042.00;52744160.00;70319200.00;52744160;17575042;12482.00;37395.00;49877.00;37395;12482;0.00;0.00;0;0
1421240132;total;17575042.00;52744160.00;70319200.00;52744160;17575042;12482.00;37395.00;49877.00;37395;12482;0.00;0.00;0;0
1421240133;eth0;18732022.00;52762492.00;71494512.00;52762492;18732022;13287.00;37628.00;50915.00;37628;13287;0.00;0.00;0;0
1421240133;total;18732022.00;52762492.00;71494512.00;52762492;18732022;13287.00;37628.00;50915.00;37628;13287;0.00;0.00;0;0
1421240134;eth0;17413436.00;52392648.00;69806080.00;52392646;17413435;12358.00;37147.00;49505.00;37147;12358;0.00;0.00;0;0
1421240134;total;17413436.00;52392648.00;69806080.00;52392646;17413435;12358.00;37147.00;49505.00;37147;12358;0.00;0.00;0;0
1421240135;eth0;17565420.00;52744288.00;70309704.00;52744288;17565419;12464.00;37398.00;49862.00;37398;12464;0.00;0.00;0;0
1421240135;total;17565420.00;52744288.00;70309704.00;52744288;17565419;12464.00;37398.00;49862.00;37398;12464;0.00;0.00;0;0
1421240136;eth0;17573812.00;52748072.00;70321880.00;52748070;17573812;12469.00;37398.00;49867.00;37398;12469;0.00;0.00;0;0
1421240136;total;17573812.00;52748072.00;70321880.00;52748070;17573812;12469.00;37398.00;49867.00;37398;12469;0.00;0.00;0;0
1421240137;eth0;17558480.00;52735020.00;70293504.00;52735020;17558480;12460.00;37388.00;49848.00;37388;12460;0.00;0.00;0;0
1421240137;total;17558480.00;52735020.00;70293504.00;52735020;17558480;12460.00;37388.00;49848.00;37388;12460;0.00;0.00;0;0
1421240138;eth0;17739214.00;52757980.00;70497192.00;52757980;17739214;12587.00;37439.00;50026.00;37439;12587;0.00;0.00;0;0
1421240138;total;17739214.00;52757980.00;70497192.00;52757980;17739214;12587.00;37439.00;50026.00;37439;12587;0.00;0.00;0;0
1421240139;eth0;17565356.00;52749588.00;70314944.00;52749588;17565355;12463.00;37398.00;49861.00;37398;12463;0.00;0.00;0;0
1421240139;total;17565356.00;52749588.00;70314944.00;52749588;17565355;12463.00;37398.00;49861.00;37398;12463;0.00;0.00;0;0
1421240140;eth0;17565356.00;52733536.00;70298888.00;52733534;17565355;12463.00;37388.00;49851.00;37388;12463;0.00;0.00;0;0
1421240140;total;17565356.00;52733536.00;70298888.00;52733534;17565355;12463.00;37388.00;49851.00;37388;12463;0.00;0.00;0;0
1421240141;eth0;17573812.00;52751040.00;70324856.00;52751042;17573812;12469.00;37399.00;49868.00;37399;12469;0.00;0.00;0;0
1421240141;total;17573812.00;52751040.00;70324856.00;52751042;17573812;12469.00;37399.00;49868.00;37399;12469;0.00;0.00;0;0
1421240142;eth0;17565356.00;52753432.00;70318792.00;52753434;17565355;12463.00;37401.00;49864.00;37401;12463;0.00;0.00;0;0
1421240142;total;17565356.00;52753432.00;70318792.00;52753434;17565355;12463.00;37401.00;49864.00;37401;12463;0.00;0.00;0;0
1421240143;eth0;17565356.00;52739608.00;70304960.00;52739606;17565355;12463.00;37392.00;49855.00;37392;12463;0.00;0.00;0;0
1421240143;total;17565356.00;52739608.00;70304960.00;52739606;17565355;12463.00;37392.00;49855.00;37392;12463;0.00;0.00;0;0
1421240144;eth0;17573812.00;52754208.00;70328016.00;52754206;17573812;12469.00;37403.00;49872.00;37403;12469;0.00;0.00;0;0
1421240144;total;17573812.00;52754208.00;70328016.00;52754206;17573812;12469.00;37403.00;49872.00;37403;12469;0.00;0.00;0;0
1421240145;eth0;17523070.00;52631936.00;70155008.00;52631934;17523070;12433.00;37316.00;49749.00;37316;12433;0.00;0.00;0;0
1421240145;total;17523070.00;52631936.00;70155008.00;52631934;17523070;12433.00;37316.00;49749.00;37316;12433;0.00;0.00;0;0
1421240146;eth0;17568392.00;52741092.00;70309480.00;52741092;17568391;12466.00;37393.00;49859.00;37393;12466;0.00;0.00;0;0
1421240146;total;17568392.00;52741092.00;70309480.00;52741092;17568391;12466.00;37393.00;49859.00;37393;12466;0.00;0.00;0;0
1421240147;eth0;17570776.00;52756536.00;70327312.00;52756534;17570776;12466.00;37404.00;49870.00;37404;12466;0.00;0.00;0;0
1421240147;total;17570776.00;52756536.00;70327312.00;52756534;17570776;12466.00;37404.00;49870.00;37404;12466;0.00;0.00;0;0
1421240148;eth0;17565356.00;52746552.00;70311904.00;52746552;17565355;12463.00;37397.00;49860.00;37397;12463;0.00;0.00;0;0
1421240148;total;17565356.00;52746552.00;70311904.00;52746552;17565355;12463.00;37397.00;49860.00;37397;12463;0.00;0.00;0;0
1421240149;eth0;17529206.00;52618720.00;70147920.00;52618718;17529206;12440.00;37306.00;49746.00;37306;12440;0.00;0.00;0;0
1421240149;total;17529206.00;52618720.00;70147920.00;52618718;17529206;12440.00;37306.00;49746.00;37306;12440;0.00;0.00;0;0
1421240150;eth0;17567846.00;52756544.00;70324392.00;52756544;17567846;12464.00;37404.00;49868.00;37404;12464;0.00;0.00;0;0
1421240150;total;17567846.00;52756544.00;70324392.00;52756544;17567846;12464.00;37404.00;49868.00;37404;12464;0.00;0.00;0;0
1421240151;eth0;17565356.00;52725072.00;70290424.00;52725070;17565355;12463.00;37382.00;49845.00;37382;12463;0.00;0.00;0;0
1421240151;total;17565356.00;52725072.00;70290424.00;52725070;17565355;12463.00;37382.00;49845.00;37382;12463;0.00;0.00;0;0
1421240152;eth0;17549672.00;52553336.00;70103008.00;52553334;17549671;12464.00;37259.00;49723.00;37259;12464;0.00;0.00;0;0
1421240152;total;17549672.00;52553336.00;70103008.00;52553334;17549671;12464.00;37259.00;49723.00;37259;12464;0.00;0.00;0;0
1421240153;eth0;17565356.00;52739448.00;70304800.00;52739446;17565355;12463.00;37390.00;49853.00;37390;12463;0.00;0.00;0;0
1421240153;total;17565356.00;52739448.00;70304800.00;52739446;17565355;12463.00;37390.00;49853.00;37390;12463;0.00;0.00;0;0
1421240154;eth0;17574948.00;52748616.00;70323568.00;52748618;17574948;12481.00;37397.00;49878.00;37397;12481;0.00;0.00;0;0
1421240154;total;17574948.00;52748616.00;70323568.00;52748618;17574948;12481.00;37397.00;49878.00;37397;12481;0.00;0.00;0;0
1421240155;eth0;17565420.00;52747616.00;70313040.00;52747618;17565419;12464.00;37401.00;49865.00;37401;12464;0.00;0.00;0;0
1421240155;total;17565420.00;52747616.00;70313040.00;52747618;17565419;12464.00;37401.00;49865.00;37401;12464;0.00;0.00;0;0
1421240156;eth0;17565356.00;52744224.00;70309576.00;52744224;17565355;12463.00;37397.00;49860.00;37397;12463;0.00;0.00;0;0
1421240156;total;17565356.00;52744224.00;70309576.00;52744224;17565355;12463.00;37397.00;49860.00;37397;12463;0.00;0.00;0;0
1421240157;eth0;17573812.00;52751168.00;70324984.00;52751170;17573812;12469.00;37400.00;49869.00;37400;12469;0.00;0.00;0;0
1421240157;total;17573812.00;52751168.00;70324984.00;52751170;17573812;12469.00;37400.00;49869.00;37400;12469;0.00;0.00;0;0
1421240158;eth0;17565356.00;52749084.00;70314440.00;52749085;17565355;12463.00;37401.00;49864.00;37401;12463;0.00;0.00;0;0
1421240158;total;17565356.00;52749084.00;70314440.00;52749085;17565355;12463.00;37401.00;49864.00;37401;12463;0.00;0.00;0;0
1421240159;eth0;17565356.00;52747196.00;70312552.00;52747196;17565355;12463.00;37397.00;49860.00;37397;12463;0.00;0.00;0;0
1421240159;total;17565356.00;52747196.00;70312552.00;52747196;17565355;12463.00;37397.00;49860.00;37397;12463;0.00;0.00;0;0
1421240160;eth0;17573812.00;52748008.00;70321816.00;52748006;17573812;12469.00;37398.00;49867.00;37398;12469;0.00;0.00;0;0
1421240160;total;17573812.00;52748008.00;70321816.00;52748006;17573812;12469.00;37398.00;49867.00;37398;12469;0.00;0.00;0;0
1421240161;eth0;17565356.00;52748784.00;70314136.00;52748784;17565355;12463.00;37396.00;49859.00;37396;12463;0.00;0.00;0;0
1421240161;total;17565356.00;52748784.00;70314136.00;52748784;17565355;12463.00;37396.00;49859.00;37396;12463;0.00;0.00;0;0
1421240162;eth0;17566648.00;52747976.00;70314624.00;52747974;17566649;12478.00;37397.00;49875.00;37397;12478;0.00;0.00;0;0
1421240162;total;17566648.00;52747976.00;70314624.00;52747974;17566649;12478.00;37397.00;49875.00;37397;12478;0.00;0.00;0;0
1421240163;eth0;17573812.00;52747132.00;70320944.00;52747132;17573812;12468.00;37396.00;49864.00;37396;12468;0.00;0.00;0;0
1421240163;total;17573812.00;52747132.00;70320944.00;52747132;17573812;12468.00;37396.00;49864.00;37396;12468;0.00;0.00;0;0
1421240164;eth0;17482840.00;52575740.00;70058584.00;52575740;17482841;12428.00;37291.00;49719.00;37291;12428;0.00;0.00;0;0
1421240164;total;17482840.00;52575740.00;70058584.00;52575740;17482841;12428.00;37291.00;49719.00;37291;12428;0.00;0.00;0;0
1421240165;eth0;17565356.00;52748072.00;70313424.00;52748070;17565355;12464.00;37398.00;49862.00;37398;12464;0.00;0.00;0;0
1421240165;total;17565356.00;52748072.00;70313424.00;52748070;17565355;12464.00;37398.00;49862.00;37398;12464;0.00;0.00;0;0
1421240166;eth0;17573876.00;52747324.00;70321200.00;52747324;17573876;12469.00;37400.00;49869.00;37400;12469;0.00;0.00;0;0
1421240166;total;17573876.00;52747324.00;70321200.00;52747324;17573876;12469.00;37400.00;49869.00;37400;12469;0.00;0.00;0;0
1421240167;eth0;17565356.00;52749008.00;70314360.00;52749008;17565355;12463.00;37399.00;49862.00;37399;12463;0.00;0.00;0;0
1421240167;total;17565356.00;52749008.00;70314360.00;52749008;17565355;12463.00;37399.00;49862.00;37399;12463;0.00;0.00;0;0
1421240168;eth0;18582444.00;52770536.00;71352976.00;52770534;18582445;13179.00;37602.00;50781.00;37602;13179;0.00;0.00;0;0
1421240168;total;18582444.00;52770536.00;71352976.00;52770534;18582445;13179.00;37602.00;50781.00;37602;13179;0.00;0.00;0;0
1421240169;eth0;17523070.00;52654872.00;70177936.00;52654870;17523070;12433.00;37331.00;49764.00;37331;12433;0.00;0.00;0;0
1421240169;total;17523070.00;52654872.00;70177936.00;52654870;17523070;12433.00;37331.00;49764.00;37331;12433;0.00;0.00;0;0
1421240170;eth0;17567864.00;52752600.00;70320464.00;52752602;17567865;12475.00;37402.00;49877.00;37402;12475;0.00;0.00;0;0
1421240170;total;17567864.00;52752600.00;70320464.00;52752602;17567865;12475.00;37402.00;49877.00;37402;12475;0.00;0.00;0;0
1421240171;eth0;17572568.00;52748008.00;70320576.00;52748006;17572568;12470.00;37396.00;49866.00;37396;12470;0.00;0.00;0;0
1421240171;total;17572568.00;52748008.00;70320576.00;52748006;17572568;12470.00;37396.00;49866.00;37396;12470;0.00;0.00;0;0
1421240172;eth0;17566584.00;52743452.00;70310040.00;52743452;17566585;12476.00;37394.00;49870.00;37394;12476;0.00;0.00;0;0
1421240172;total;17566584.00;52743452.00;70310040.00;52743452;17566585;12476.00;37394.00;49870.00;37394;12476;0.00;0.00;0;0
1421240173;eth0;17742644.00;52762200.00;70504848.00;52762202;17742643;12592.00;37443.00;50035.00;37443;12592;0.00;0.00;0;0
1421240173;total;17742644.00;52762200.00;70504848.00;52762202;17742643;12592.00;37443.00;50035.00;37443;12592;0.00;0.00;0;0
1421240174;eth0;17573082.00;52742576.00;70315664.00;52742578;17573082;12475.00;37394.00;49869.00;37394;12475;0.00;0.00;0;0
1421240174;total;17573082.00;52742576.00;70315664.00;52742578;17573082;12475.00;37394.00;49869.00;37394;12475;0.00;0.00;0;0
1421240175;eth0;17514612.00;52632544.00;70147160.00;52632546;17514613;12427.00;37314.00;49741.00;37314;12427;0.00;0.00;0;0
1421240175;total;17514612.00;52632544.00;70147160.00;52632546;17514613;12427.00;37314.00;49741.00;37314;12427;0.00;0.00;0;0
1421240176;eth0;17565356.00;52699680.00;70265032.00;52699678;17565355;12463.00;37364.00;49827.00;37364;12463;0.00;0.00;0;0
1421240176;total;17565356.00;52699680.00;70265032.00;52699678;17565355;12463.00;37364.00;49827.00;37364;12463;0.00;0.00;0;0
1421240177;eth0;17523070.00;52531008.00;70054080.00;52531010;17523070;12433.00;37244.00;49677.00;37244;12433;0.00;0.00;0;0
1421240177;total;17523070.00;52531008.00;70054080.00;52531010;17523070;12433.00;37244.00;49677.00;37244;12433;0.00;0.00;0;0
1421240178;eth0;17565356.00;52745000.00;70310360.00;52745002;17565355;12463.00;37396.00;49859.00;37396;12463;0.00;0.00;0;0
1421240178;total;17565356.00;52745000.00;70310360.00;52745002;17565355;12463.00;37396.00;49859.00;37396;12463;0.00;0.00;0;0
1421240179;eth0;17551476.00;52705816.00;70257288.00;52705814;17551477;12454.00;37369.00;49823.00;37369;12454;0.00;0.00;0;0
1421240179;total;17551476.00;52705816.00;70257288.00;52705814;17551477;12454.00;37369.00;49823.00;37369;12454;0.00;0.00;0;0
1421240180;eth0;17570776.00;52754208.00;70324984.00;52754206;17570776;12466.00;37403.00;49869.00;37403;12466;0.00;0.00;0;0
1421240180;total;17570776.00;52754208.00;70324984.00;52754206;17570776;12466.00;37403.00;49869.00;37403;12466;0.00;0.00;0;0
1421240181;eth0;17541502.00;52705816.00;70247312.00;52705814;17541502;12448.00;37369.00;49817.00;37369;12448;0.00;0.00;0;0
1421240181;total;17541502.00;52705816.00;70247312.00;52705814;17541502;12448.00;37369.00;49817.00;37369;12448;0.00;0.00;0;0
1421240182;eth0;17572294.00;52756536.00;70328832.00;52756534;17572294;12466.00;37404.00;49870.00;37404;12466;0.00;0.00;0;0
1421240182;total;17572294.00;52756536.00;70328832.00;52756534;17572294;12466.00;37404.00;49870.00;37404;12466;0.00;0.00;0;0
1421240183;eth0;17565420.00;52742000.00;70307416.00;52741998;17565419;12464.00;37394.00;49858.00;37394;12464;0.00;0.00;0;0
1421240183;total;17565420.00;52742000.00;70307416.00;52741998;17565419;12464.00;37394.00;49858.00;37394;12464;0.00;0.00;0;0
1421240184;eth0;17570456.00;52745616.00;70316072.00;52745614;17570457;12474.00;37395.00;49869.00;37395;12474;0.00;0.00;0;0
1421240184;total;17570456.00;52745616.00;70316072.00;52745614;17570457;12474.00;37395.00;49869.00;37395;12474;0.00;0.00;0;0
1421240185;eth0;17569258.00;52757892.00;70327152.00;52757892;17569258;12464.00;37404.00;49868.00;37404;12464;0.00;0.00;0;0
1421240185;total;17569258.00;52757892.00;70327152.00;52757892;17569258;12464.00;37404.00;49868.00;37404;12464;0.00;0.00;0;0
1421240186;eth0;17565356.00;52740320.00;70305672.00;52740320;17565355;12463.00;37390.00;49853.00;37390;12463;0.00;0.00;0;0
1421240186;total;17565356.00;52740320.00;70305672.00;52740320;17565355;12463.00;37390.00;49853.00;37390;12463;0.00;0.00;0;0
1421240187;eth0;17565356.00;52739608.00;70304960.00;52739606;17565355;12464.00;37392.00;49856.00;37392;12464;0.00;0.00;0;0
1421240187;total;17565356.00;52739608.00;70304960.00;52739606;17565355;12464.00;37392.00;49856.00;37392;12464;0.00;0.00;0;0
1421240188;eth0;17573812.00;52758760.00;70332576.00;52758760;17573812;12468.00;37407.00;49875.00;37407;12468;0.00;0.00;0;0
1421240188;total;17573812.00;52758760.00;70332576.00;52758760;17573812;12468.00;37407.00;49875.00;37407;12468;0.00;0.00;0;0
1421240189;eth0;17539984.00;52686800.00;70226784.00;52686801;17539984;12445.00;37356.00;49801.00;37356;12445;0.00;0.00;0;0
1421240189;total;17539984.00;52686800.00;70226784.00;52686801;17539984;12445.00;37356.00;49801.00;37356;12445;0.00;0.00;0;0
1421240190;eth0;17565460.00;52728888.00;70294352.00;52728888;17565461;12464.00;37386.00;49850.00;37386;12464;0.00;0.00;0;0
1421240190;total;17565460.00;52728888.00;70294352.00;52728888;17565461;12464.00;37386.00;49850.00;37386;12464;0.00;0.00;0;0
1421240191;eth0;17573876.00;52772008.00;70345888.00;52772008;17573876;12470.00;37416.00;49886.00;37416;12470;0.00;0.00;0;0
1421240191;total;17573876.00;52772008.00;70345888.00;52772008;17573876;12470.00;37416.00;49886.00;37416;12470;0.00;0.00;0;0
1421240192;eth0;17566584.00;52743516.00;70310104.00;52743516;17566585;12476.00;37395.00;49871.00;37395;12476;0.00;0.00;0;0
1421240192;total;17566584.00;52743516.00;70310104.00;52743516;17566585;12476.00;37395.00;49871.00;37395;12476;0.00;0.00;0;0
1421240193;eth0;17571428.00;52744064.00;70315488.00;52744064;17571427;12468.00;37394.00;49862.00;37394;12468;0.00;0.00;0;0
1421240193;total;17571428.00;52744064.00;70315488.00;52744064;17571427;12468.00;37394.00;49862.00;37394;12468;0.00;0.00;0;0
1421240194;eth0;17568940.00;52760412.00;70329352.00;52760412;17568940;12477.00;37407.00;49884.00;37407;12477;0.00;0.00;0;0
1421240194;total;17568940.00;52760412.00;70329352.00;52760412;17568940;12477.00;37407.00;49884.00;37407;12477;0.00;0.00;0;0
1421240195;eth0;17565420.00;52738732.00;70304152.00;52738732;17565419;12464.00;37391.00;49855.00;37391;12464;0.00;0.00;0;0
1421240195;total;17565420.00;52738732.00;70304152.00;52738732;17565419;12464.00;37391.00;49855.00;37391;12464;0.00;0.00;0;0
1421240196;eth0;17571492.00;52748072.00;70319560.00;52748070;17571491;12470.00;37398.00;49868.00;37398;12470;0.00;0.00;0;0
1421240196;total;17571492.00;52748072.00;70319560.00;52748070;17571491;12470.00;37398.00;49868.00;37398;12470;0.00;0.00;0;0
1421240197;eth0;17567740.00;52709596.00;70277336.00;52709596;17567740;12463.00;37370.00;49833.00;37370;12463;0.00;0.00;0;0
1421240197;total;17567740.00;52709596.00;70277336.00;52709596;17567740;12463.00;37370.00;49833.00;37370;12463;0.00;0.00;0;0
1421240198;eth0;17565356.00;52745032.00;70310392.00;52745034;17565355;12463.00;37396.00;49859.00;37396;12463;0.00;0.00;0;0
1421240198;total;17565356.00;52745032.00;70310392.00;52745034;17565355;12463.00;37396.00;49859.00;37396;12463;0.00;0.00;0;0
1421240199;eth0;17565356.00;52739672.00;70305024.00;52739670;17565355;12465.00;37393.00;49858.00;37393;12465;0.00;0.00;0;0
1421240199;total;17565356.00;52739672.00;70305024.00;52739670;17565355;12465.00;37393.00;49858.00;37393;12465;0.00;0.00;0;0
1421240200;eth0;17424622.00;52409576.00;69834192.00;52409574;17424622;12362.00;37159.00;49521.00;37159;12362;0.00;0.00;0;0
1421240200;total;17424622.00;52409576.00;69834192.00;52409574;17424622;12362.00;37159.00;49521.00;37159;12362;0.00;0.00;0;0
1421240201;eth0;17570776.00;52758020.00;70328800.00;52758020;17570776;12466.00;37405.00;49871.00;37405;12466;0.00;0.00;0;0
1421240201;total;17570776.00;52758020.00;70328800.00;52758020;17570776;12466.00;37405.00;49871.00;37405;12466;0.00;0.00;0;0
1421240202;eth0;17565356.00;52746456.00;70311808.00;52746456;17565355;12463.00;37396.00;49859.00;37396;12463;0.00;0.00;0;0
1421240202;total;17565356.00;52746456.00;70311808.00;52746456;17565355;12463.00;37396.00;49859.00;37396;12463;0.00;0.00;0;0
1421240203;eth0;18644228.00;52772640.00;71416864.00;52772638;18644229;13226.00;37616.00;50842.00;37616;13226;0.00;0.00;0;0
1421240203;total;18644228.00;52772640.00;71416864.00;52772638;18644229;13226.00;37616.00;50842.00;37616;13226;0.00;0.00;0;0
1421240204;eth0;17573812.00;52748008.00;70321816.00;52748006;17573812;12469.00;37397.00;49866.00;37397;12469;0.00;0.00;0;0
1421240204;total;17573812.00;52748008.00;70321816.00;52748006;17573812;12469.00;37397.00;49866.00;37397;12469;0.00;0.00;0;0
1421240205;eth0;17565356.00;52756472.00;70321824.00;52756470;17565355;12463.00;37403.00;49866.00;37403;12463;0.00;0.00;0;0
1421240205;total;17565356.00;52756472.00;70321824.00;52756470;17565355;12463.00;37403.00;49866.00;37403;12463;0.00;0.00;0;0
1421240206;eth0;17565356.00;52739544.00;70304896.00;52739542;17565355;12463.00;37391.00;49854.00;37391;12463;0.00;0.00;0;0
1421240206;total;17565356.00;52739544.00;70304896.00;52739542;17565355;12463.00;37391.00;49854.00;37391;12463;0.00;0.00;0;0
1421240207;eth0;17573812.00;52748008.00;70321816.00;52748006;17573812;12469.00;37397.00;49866.00;37397;12469;0.00;0.00;0;0
1421240207;total;17573812.00;52748008.00;70321816.00;52748006;17573812;12469.00;37397.00;49866.00;37397;12469;0.00;0.00;0;0
1421240208;eth0;17741376.00;52762404.00;70503784.00;52762404;17741377;12592.00;37444.00;50036.00;37444;12592;0.00;0.00;0;0
1421240208;total;17741376.00;52762404.00;70503784.00;52762404;17741377;12592.00;37444.00;50036.00;37444;12592;0.00;0.00;0;0
1421240209;eth0;17565356.00;52739512.00;70304864.00;52739510;17565355;12463.00;37391.00;49854.00;37391;12463;0.00;0.00;0;0
1421240209;total;17565356.00;52739512.00;70304864.00;52739510;17565355;12463.00;37391.00;49854.00;37391;12463;0.00;0.00;0;0
1421240210;eth0;17573918.00;52748112.00;70322032.00;52748112;17573918;12470.00;37399.00;49869.00;37399;12470;0.00;0.00;0;0
1421240210;total;17573918.00;52748112.00;70322032.00;52748112;17573918;12470.00;37399.00;49869.00;37399;12470;0.00;0.00;0;0
1421240211;eth0;17565356.00;52756600.00;70321952.00;52756598;17565355;12463.00;37405.00;49868.00;37405;12463;0.00;0.00;0;0
1421240211;total;17565356.00;52756600.00;70321952.00;52756598;17565355;12463.00;37405.00;49868.00;37405;12463;0.00;0.00;0;0
1421240212;eth0;17566584.00;52570392.00;70136976.00;52570390;17566585;12476.00;37273.00;49749.00;37273;12476;0.00;0.00;0;0
1421240212;total;17566584.00;52570392.00;70136976.00;52570390;17566585;12476.00;37273.00;49749.00;37273;12476;0.00;0.00;0;0
1421240213;eth0;17749652.00;52745488.00;70495136.00;52745486;17749651;12597.00;37434.00;50031.00;37434;12597;0.00;0.00;0;0
1421240213;total;17749652.00;52745488.00;70495136.00;52745486;17749651;12597.00;37434.00;50031.00;37434;12597;0.00;0.00;0;0
1421240214;eth0;17574118.00;52761088.00;70335208.00;52761088;17574118;12470.00;37407.00;49877.00;37407;12470;0.00;0.00;0;0
1421240214;total;17574118.00;52761088.00;70335208.00;52761088;17574118;12470.00;37407.00;49877.00;37407;12470;0.00;0.00;0;0
1421240215;eth0;17565420.00;52743516.00;70308936.00;52743516;17565419;12464.00;37395.00;49859.00;37395;12464;0.00;0.00;0;0
1421240215;total;17565420.00;52743516.00;70308936.00;52743516;17565419;12464.00;37395.00;49859.00;37395;12464;0.00;0.00;0;0
1421240216;eth0;17565420.00;52739608.00;70305024.00;52739606;17565419;12465.00;37392.00;49857.00;37392;12465;0.00;0.00;0;0
1421240216;total;17565420.00;52739608.00;70305024.00;52739606;17565419;12465.00;37392.00;49857.00;37392;12465;0.00;0.00;0;0
1421240217;eth0;17573876.00;52760992.00;70334864.00;52760992;17573876;12469.00;37406.00;49875.00;37406;12469;0.00;0.00;0;0
1421240217;total;17573876.00;52760992.00;70334864.00;52760992;17573876;12469.00;37406.00;49875.00;37406;12469;0.00;0.00;0;0
1421240218;eth0;17740956.00;52749224.00;70490176.00;52749222;17740955;12588.00;37435.00;50023.00;37435;12588;0.00;0.00;0;0
1421240218;total;17740956.00;52749224.00;70490176.00;52749222;17740955;12588.00;37435.00;50023.00;37435;12588;0.00;0.00;0;0
1421240219;eth0;17568392.00;52742576.00;70310968.00;52742578;17568391;12467.00;37393.00;49860.00;37393;12467;0.00;0.00;0;0
1421240219;total;17568392.00;52742576.00;70310968.00;52742578;17568391;12467.00;37393.00;49860.00;37393;12467;0.00;0.00;0;0
1421240220;eth0;17570776.00;52758052.00;70328832.00;52758052;17570776;12465.00;37405.00;49870.00;37405;12465;0.00;0.00;0;0
1421240220;total;17570776.00;52758052.00;70328832.00;52758052;17570776;12465.00;37405.00;49870.00;37405;12465;0.00;0.00;0;0
1421240221;eth0;17565356.00;52743656.00;70309008.00;52743657;17565355;12463.00;37397.00;49860.00;37397;12463;0.00;0.00;0;0
1421240221;total;17565356.00;52743656.00;70309008.00;52743657;17565355;12463.00;37397.00;49860.00;37397;12463;0.00;0.00;0;0
1421240222;eth0;17569908.00;52742768.00;70312680.00;52742770;17569909;12468.00;37397.00;49865.00;37397;12468;0.00;0.00;0;0
1421240222;total;17569908.00;52742768.00;70312680.00;52742770;17569909;12468.00;37397.00;49865.00;37397;12468;0.00;0.00;0;0
1421240223;eth0;17744728.00;52766536.00;70511264.00;52766536;17744728;12589.00;37445.00;50034.00;37445;12589;0.00;0.00;0;0
1421240223;total;17744728.00;52766536.00;70511264.00;52766536;17744728;12589.00;37445.00;50034.00;37445;12589;0.00;0.00;0;0
1421240224;eth0;17449288.00;52508156.00;69957440.00;52508156;17449287;12407.00;37244.00;49651.00;37244;12407;0.00;0.00;0;0
1421240224;total;17449288.00;52508156.00;69957440.00;52508156;17449287;12407.00;37244.00;49651.00;37244;12407;0.00;0.00;0;0
1421240225;eth0;17433144.00;52384088.00;69817232.00;52384086;17433143;12371.00;37140.00;49511.00;37140;12371;0.00;0.00;0;0
1421240225;total;17433144.00;52384088.00;69817232.00;52384086;17433143;12371.00;37140.00;49511.00;37140;12371;0.00;0.00;0;0
1421240226;eth0;17570776.00;52756376.00;70327152.00;52756374;17570776;12466.00;37402.00;49868.00;37402;12466;0.00;0.00;0;0
1421240226;total;17570776.00;52756376.00;70327152.00;52756374;17570776;12466.00;37402.00;49868.00;37402;12466;0.00;0.00;0;0
1421240227;eth0;17565356.00;52748008.00;70313360.00;52748006;17565355;12463.00;37397.00;49860.00;37397;12463;0.00;0.00;0;0
1421240227;total;17565356.00;52748008.00;70313360.00;52748006;17565355;12463.00;37397.00;49860.00;37397;12463;0.00;0.00;0;0
1421240228;eth0;17741100.00;52745344.00;70486448.00;52745344;17741101;12590.00;37433.00;50023.00;37433;12590;0.00;0.00;0;0
1421240228;total;17741100.00;52745344.00;70486448.00;52745344;17741101;12590.00;37433.00;50023.00;37433;12590;0.00;0.00;0;0
1421240229;eth0;17568392.00;52744096.00;70312488.00;52744096;17568391;12466.00;37393.00;49859.00;37393;12466;0.00;0.00;0;0
1421240229;total;17568392.00;52744096.00;70312488.00;52744096;17568391;12466.00;37393.00;49859.00;37393;12466;0.00;0.00;0;0
1421240230;eth0;17570882.00;52755024.00;70325904.00;52755026;17570882;12467.00;37403.00;49870.00;37403;12467;0.00;0.00;0;0
1421240230;total;17570882.00;52755024.00;70325904.00;52755026;17570882;12467.00;37403.00;49870.00;37403;12467;0.00;0.00;0;0
1421240231;eth0;17565356.00;52745032.00;70310392.00;52745034;17565355;12463.00;37396.00;49859.00;37396;12463;0.00;0.00;0;0
1421240231;total;17565356.00;52745032.00;70310392.00;52745034;17565355;12463.00;37396.00;49859.00;37396;12463;0.00;0.00;0;0
1421240232;eth0;17568392.00;52748136.00;70316528.00;52748134;17568391;12467.00;37399.00;49866.00;37399;12467;0.00;0.00;0;0
1421240232;total;17568392.00;52748136.00;70316528.00;52748134;17568391;12467.00;37399.00;49866.00;37399;12467;0.00;0.00;0;0
1421240233;eth0;17756372.00;52756672.00;70513048.00;52756674;17756372;12611.00;37438.00;50049.00;37438;12611;0.00;0.00;0;0
1421240233;total;17756372.00;52756672.00;70513048.00;52756674;17756372;12611.00;37438.00;50049.00;37438;12611;0.00;0.00;0;0
1421240234;eth0;17566492.00;52745000.00;70311496.00;52745002;17566491;12475.00;37396.00;49871.00;37396;12475;0.00;0.00;0;0
1421240234;total;17566492.00;52745000.00;70311496.00;52745002;17566491;12475.00;37396.00;49871.00;37396;12475;0.00;0.00;0;0
1421240235;eth0;17430044.00;52333336.00;69763376.00;52333334;17430043;12367.00;37104.00;49471.00;37104;12367;0.00;0.00;0;0
1421240235;total;17430044.00;52333336.00;69763376.00;52333334;17430043;12367.00;37104.00;49471.00;37104;12367;0.00;0.00;0;0
1421240236;eth0;17565356.00;52739608.00;70304960.00;52739606;17565355;12463.00;37392.00;49855.00;37392;12463;0.00;0.00;0;0
1421240236;total;17565356.00;52739608.00;70304960.00;52739606;17565355;12463.00;37392.00;49855.00;37392;12463;0.00;0.00;0;0
1421240237;eth0;17573812.00;52748008.00;70321816.00;52748006;17573812;12469.00;37397.00;49866.00;37397;12469;0.00;0.00;0;0
1421240237;total;17573812.00;52748008.00;70321816.00;52748006;17573812;12469.00;37397.00;49866.00;37397;12469;0.00;0.00;0;0
1421240238;eth0;17741032.00;52753668.00;70494696.00;52753668;17741031;12589.00;37436.00;50025.00;37436;12589;0.00;0.00;0;0
1421240238;total;17741032.00;52753668.00;70494696.00;52753668;17741031;12589.00;37436.00;50025.00;37436;12589;0.00;0.00;0;0
1421240239;eth0;17565356.00;52748008.00;70313360.00;52748006;17565355;12463.00;37397.00;49860.00;37397;12463;0.00;0.00;0;0
1421240239;total;17565356.00;52748008.00;70313360.00;52748006;17565355;12463.00;37397.00;49860.00;37397;12463;0.00;0.00;0;0
1421240240;eth0;17573812.00;52748008.00;70321816.00;52748006;17573812;12469.00;37397.00;49866.00;37397;12469;0.00;0.00;0;0
1421240240;total;17573812.00;52748008.00;70321816.00;52748006;17573812;12469.00;37397.00;49866.00;37397;12469;0.00;0.00;0;0
1421240241;eth0;17562970.00;52681716.00;70244688.00;52681716;17562970;12462.00;37349.00;49811.00;37349;12462;0.00;0.00;0;0
1421240241;total;17562970.00;52681716.00;70244688.00;52681716;17562970;12462.00;37349.00;49811.00;37349;12462;0.00;0.00;0;0
1421240242;eth0;17567740.00;52754920.00;70322656.00;52754920;17567740;12464.00;37402.00;49866.00;37402;12464;0.00;0.00;0;0
1421240242;total;17567740.00;52754920.00;70322656.00;52754920;17567740;12464.00;37402.00;49866.00;37402;12464;0.00;0.00;0;0
1421240243;eth0;17565356.00;52748200.00;70313552.00;52748198;17565355;12463.00;37400.00;49863.00;37400;12463;0.00;0.00;0;0
1421240243;total;17565356.00;52748200.00;70313552.00;52748198;17565355;12463.00;37400.00;49863.00;37400;12463;0.00;0.00;0;0
1421240244;eth0;17571492.00;52741316.00;70312808.00;52741316;17571491;12470.00;37397.00;49867.00;37397;12470;0.00;0.00;0;0
1421240244;total;17571492.00;52741316.00;70312808.00;52741316;17571491;12470.00;37397.00;49867.00;37397;12470;0.00;0.00;0;0
1421240245;eth0;17567740.00;52755144.00;70322880.00;52755144;17567740;12463.00;37404.00;49867.00;37404;12463;0.00;0.00;0;0
1421240245;total;17567740.00;52755144.00;70322880.00;52755144;17567740;12463.00;37404.00;49867.00;37404;12463;0.00;0.00;0;0
1421240246;eth0;17556898.00;52722680.00;70279576.00;52722678;17556898;12457.00;37380.00;49837.00;37380;12457;0.00;0.00;0;0
1421240246;total;17556898.00;52722680.00;70279576.00;52722678;17556898;12457.00;37380.00;49837.00;37380;12457;0.00;0.00;0;0
1421240247;eth0;17565356.00;52742640.00;70308000.00;52742642;17565355;12463.00;37394.00;49857.00;37394;12463;0.00;0.00;0;0
1421240247;total;17565356.00;52742640.00;70308000.00;52742642;17565355;12463.00;37394.00;49857.00;37394;12463;0.00;0.00;0;0
1421240248;eth0;17523070.00;52644920.00;70167992.00;52644920;17523070;12433.00;37324.00;49757.00;37324;12433;0.00;0.00;0;0
1421240248;total;17523070.00;52644920.00;70167992.00;52644920;17523070;12433.00;37324.00;49757.00;37324;12433;0.00;0.00;0;0
1421240249;eth0;17480784.00;52495508.00;69976296.00;52495508;17480785;12403.00;37217.00;49620.00;37217;12403;0.00;0.00;0;0
1421240249;total;17480784.00;52495508.00;69976296.00;52495508;17480785;12403.00;37217.00;49620.00;37217;12403;0.00;0.00;0;0
1421240250;eth0;17565460.00;52744948.00;70310408.00;52744948;17565461;12464.00;37395.00;49859.00;37395;12464;0.00;0.00;0;0
1421240250;total;17565460.00;52744948.00;70310408.00;52744948;17565461;12464.00;37395.00;49859.00;37395;12464;0.00;0.00;0;0
1421240251;eth0;17566872.00;52748008.00;70314880.00;52748006;17566873;12466.00;37397.00;49863.00;37397;12466;0.00;0.00;0;0
1421240251;total;17566872.00;52748008.00;70314880.00;52748006;17566873;12466.00;37397.00;49863.00;37397;12466;0.00;0.00;0;0
1421240252;eth0;17572422.00;52748856.00;70321280.00;52748855;17572422;12468.00;37401.00;49869.00;37401;12468;0.00;0.00;0;0
1421240252;total;17572422.00;52748856.00;70321280.00;52748855;17572422;12468.00;37401.00;49869.00;37401;12468;0.00;0.00;0;0
1421240253;eth0;17566584.00;52698160.00;70264744.00;52698160;17566585;12476.00;37362.00;49838.00;37362;12476;0.00;0.00;0;0
1421240253;total;17566584.00;52698160.00;70264744.00;52698160;17566585;12476.00;37362.00;49838.00;37362;12476;0.00;0.00;0;0
1421240254;eth0;17565660.00;52755080.00;70320744.00;52755080;17565661;12466.00;37404.00;49870.00;37404;12466;0.00;0.00;0;0
1421240254;total;17565660.00;52755080.00;70320744.00;52755080;17565661;12466.00;37404.00;49870.00;37404;12466;0.00;0.00;0;0
1421240255;eth0;17573876.00;52742768.00;70316648.00;52742770;17573876;12470.00;37396.00;49866.00;37396;12470;0.00;0.00;0;0
1421240255;total;17573876.00;52742768.00;70316648.00;52742770;17573876;12470.00;37396.00;49866.00;37396;12470;0.00;0.00;0;0
1421240256;eth0;17565356.00;52746616.00;70311968.00;52746616;17565355;12463.00;37399.00;49862.00;37399;12463;0.00;0.00;0;0
1421240256;total;17565356.00;52746616.00;70311968.00;52746616;17565355;12463.00;37399.00;49862.00;37399;12463;0.00;0.00;0;0
1421240257;eth0;17565420.00;52754984.00;70320400.00;52754984;17565419;12464.00;37402.00;49866.00;37402;12464;0.00;0.00;0;0
1421240257;total;17565420.00;52754984.00;70320400.00;52754984;17565419;12464.00;37402.00;49866.00;37402;12464;0.00;0.00;0;0
1421240258;eth0;17573812.00;52739512.00;70313320.00;52739510;17573812;12469.00;37392.00;49861.00;37392;12469;0.00;0.00;0;0
1421240258;total;17573812.00;52739512.00;70313320.00;52739510;17573812;12469.00;37392.00;49861.00;37392;12469;0.00;0.00;0;0
1421240259;eth0;17565356.00;52751040.00;70316400.00;52751042;17565355;12463.00;37398.00;49861.00;37398;12463;0.00;0.00;0;0
1421240259;total;17565356.00;52751040.00;70316400.00;52751042;17565355;12463.00;37398.00;49861.00;37398;12463;0.00;0.00;0;0
1421240260;eth0;17523070.00;52651864.00;70174936.00;52651866;17523070;12433.00;37329.00;49762.00;37329;12433;0.00;0.00;0;0
1421240260;total;17523070.00;52651864.00;70174936.00;52651866;17523070;12433.00;37329.00;49762.00;37329;12433;0.00;0.00;0;0
1421240261;eth0;17565356.00;52739608.00;70304960.00;52739606;17565355;12463.00;37392.00;49855.00;37392;12463;0.00;0.00;0;0
1421240261;total;17565356.00;52739608.00;70304960.00;52739606;17565355;12463.00;37392.00;49855.00;37392;12463;0.00;0.00;0;0
1421240262;eth0;17573812.00;52741060.00;70314872.00;52741060;17573812;12469.00;37393.00;49862.00;37393;12469;0.00;0.00;0;0
1421240262;total;17573812.00;52741060.00;70314872.00;52741060;17573812;12469.00;37393.00;49862.00;37393;12469;0.00;0.00;0;0
1421240263;eth0;17565356.00;52760152.00;70325504.00;52760150;17565355;12463.00;37404.00;49867.00;37404;12463;0.00;0.00;0;0
1421240263;total;17565356.00;52760152.00;70325504.00;52760150;17565355;12463.00;37404.00;49867.00;37404;12463;0.00;0.00;0;0
1421240264;eth0;17565632.00;52742936.00;70308568.00;52742936;17565633;12466.00;37396.00;49862.00;37396;12466;0.00;0.00;0;0
1421240264;total;17565632.00;52742936.00;70308568.00;52742936;17565633;12466.00;37396.00;49862.00;37396;12466;0.00;0.00;0;0
1421240265;eth0;17565356.00;52739640.00;70304992.00;52739638;17565355;12463.00;37393.00;49856.00;37393;12463;0.00;0.00;0;0
1421240265;total;17565356.00;52739640.00;70304992.00;52739638;17565355;12463.00;37393.00;49856.00;37393;12463;0.00;0.00;0;0
1421240266;eth0;17573876.00;52753364.00;70327240.00;52753364;17573876;12470.00;37404.00;49874.00;37404;12470;0.00;0.00;0;0
1421240266;total;17573876.00;52753364.00;70327240.00;52753364;17573876;12470.00;37404.00;49874.00;37404;12470;0.00;0.00;0;0
1421240267;eth0;17565356.00;52751400.00;70316752.00;52751400;17565355;12463.00;37401.00;49864.00;37401;12463;0.00;0.00;0;0
1421240267;total;17565356.00;52751400.00;70316752.00;52751400;17565355;12463.00;37401.00;49864.00;37401;12463;0.00;0.00;0;0
1421240268;eth0;18652568.00;52764040.00;71416608.00;52764042;18652569;13228.00;37608.00;50836.00;37608;13228;0.00;0.00;0;0
1421240268;total;18652568.00;52764040.00;71416608.00;52764042;18652569;13228.00;37608.00;50836.00;37608;13228;0.00;0.00;0;0
1421240269;eth0;17565420.00;52748136.00;70313552.00;52748134;17565419;12464.00;37399.00;49863.00;37399;12464;0.00;0.00;0;0
1421240269;total;17565420.00;52748136.00;70313552.00;52748134;17565419;12464.00;37399.00;49863.00;37399;12464;0.00;0.00;0;0
1421240270;eth0;17573918.00;52749600.00;70323520.00;52749598;17573918;12470.00;37399.00;49869.00;37399;12470;0.00;0.00;0;0
1421240270;total;17573918.00;52749600.00;70323520.00;52749598;17573918;12470.00;37399.00;49869.00;37399;12470;0.00;0.00;0;0
1421240271;eth0;17561516.00;52738088.00;70299600.00;52738088;17561516;12462.00;37391.00;49853.00;37391;12462;0.00;0.00;0;0
1421240271;total;17561516.00;52738088.00;70299600.00;52738088;17561516;12462.00;37391.00;49853.00;37391;12462;0.00;0.00;0;0
1421240272;eth0;17569258.00;52756472.00;70325728.00;52756470;17569258;12465.00;37403.00;49868.00;37403;12465;0.00;0.00;0;0
1421240272;total;17569258.00;52756472.00;70325728.00;52756470;17569258;12465.00;37403.00;49868.00;37403;12465;0.00;0.00;0;0
1421240273;eth0;17742192.00;52753504.00;70495696.00;52753502;17742191;12601.00;37434.00;50035.00;37434;12601;0.00;0.00;0;0
1421240273;total;17742192.00;52753504.00;70495696.00;52753502;17742191;12601.00;37434.00;50035.00;37434;12601;0.00;0.00;0;0
1421240274;eth0;17575700.00;52740964.00;70316664.00;52740964;17575700;12489.00;37391.00;49880.00;37391;12489;0.00;0.00;0;0
1421240274;total;17575700.00;52740964.00;70316664.00;52740964;17575700;12489.00;37391.00;49880.00;37391;12489;0.00;0.00;0;0
1421240275;eth0;17565356.00;52755016.00;70320368.00;52755016;17565355;12463.00;37403.00;49866.00;37403;12463;0.00;0.00;0;0
1421240275;total;17565356.00;52755016.00;70320368.00;52755016;17565355;12463.00;37403.00;49866.00;37403;12463;0.00;0.00;0;0
1421240276;eth0;17565356.00;52748136.00;70313488.00;52748134;17565355;12463.00;37399.00;49862.00;37399;12463;0.00;0.00;0;0
1421240276;total;17565356.00;52748136.00;70313488.00;52748134;17565355;12463.00;37399.00;49862.00;37399;12463;0.00;0.00;0;0
1421240277;eth0;17573812.00;52744224.00;70318032.00;52744224;17573812;12469.00;37397.00;49866.00;37397;12469;0.00;0.00;0;0
1421240277;total;17573812.00;52744224.00;70318032.00;52744224;17573812;12469.00;37397.00;49866.00;37397;12469;0.00;0.00;0;0
1421240278;eth0;17565356.00;52752044.00;70317400.00;52752044;17565355;12463.00;37401.00;49864.00;37401;12463;0.00;0.00;0;0
1421240278;total;17565356.00;52752044.00;70317400.00;52752044;17565355;12463.00;37401.00;49864.00;37401;12463;0.00;0.00;0;0
1421240279;eth0;17565356.00;52748072.00;70313424.00;52748070;17565355;12463.00;37398.00;49861.00;37398;12463;0.00;0.00;0;0
1421240279;total;17565356.00;52748072.00;70313424.00;52748070;17565355;12463.00;37398.00;49861.00;37398;12463;0.00;0.00;0;0
1421240280;eth0;17573876.00;52744224.00;70318096.00;52744224;17573876;12470.00;37397.00;49867.00;37397;12470;0.00;0.00;0;0
1421240280;total;17573876.00;52744224.00;70318096.00;52744224;17573876;12470.00;37397.00;49867.00;37397;12470;0.00;0.00;0;0
1421240281;eth0;17565356.00;52751820.00;70317176.00;52751820;17565355;12463.00;37398.00;49861.00;37398;12463;0.00;0.00;0;0
1421240281;total;17565356.00;52751820.00;70317176.00;52751820;17565355;12463.00;37398.00;49861.00;37398;12463;0.00;0.00;0;0
1421240282;eth0;17565356.00;52747912.00;70313264.00;52747910;17565355;12463.00;37396.00;49859.00;37396;12463;0.00;0.00;0;0
1421240282;total;17565356.00;52747912.00;70313264.00;52747910;17565355;12463.00;37396.00;49859.00;37396;12463;0.00;0.00;0;0
1421240283;eth0;17566584.00;52561876.00;70128464.00;52561875;17566585;12476.00;37266.00;49742.00;37266;12476;0.00;0.00;0;0
1421240283;total;17566584.00;52561876.00;70128464.00;52561875;17566585;12476.00;37266.00;49742.00;37266;12476;0.00;0.00;0;0
1421240284;eth0;17492892.00;52584848.00;70077744.00;52584848;17492892;12438.00;37297.00;49735.00;37297;12438;0.00;0.00;0;0
1421240284;total;17492892.00;52584848.00;70077744.00;52584848;17492892;12438.00;37297.00;49735.00;37297;12438;0.00;0.00;0;0
1421240285;eth0;17496180.00;52611128.00;70107312.00;52611128;17496181;12412.00;37301.00;49713.00;37301;12412;0.00;0.00;0;0
1421240285;total;17496180.00;52611128.00;70107312.00;52611128;17496181;12412.00;37301.00;49713.00;37301;12412;0.00;0.00;0;0
1421240286;eth0;17565356.00;52739672.00;70305024.00;52739670;17565355;12463.00;37393.00;49856.00;37393;12463;0.00;0.00;0;0
1421240286;total;17565356.00;52739672.00;70305024.00;52739670;17565355;12463.00;37393.00;49856.00;37393;12463;0.00;0.00;0;0
1421240287;eth0;17573876.00;52748264.00;70322136.00;52748262;17573876;12470.00;37401.00;49871.00;37401;12470;0.00;0.00;0;0
1421240287;total;17573876.00;52748264.00;70322136.00;52748262;17573876;12470.00;37401.00;49871.00;37401;12470;0.00;0.00;0;0
1421240288;eth0;17565420.00;52756664.00;70322080.00;52756662;17565419;12464.00;37406.00;49870.00;37406;12464;0.00;0.00;0;0
1421240288;total;17565420.00;52756664.00;70322080.00;52756662;17565419;12464.00;37406.00;49870.00;37406;12464;0.00;0.00;0;0
1421240289;eth0;17565356.00;52739576.00;70304928.00;52739574;17565355;12463.00;37392.00;49855.00;37392;12463;0.00;0.00;0;0
1421240289;total;17565356.00;52739576.00;70304928.00;52739574;17565355;12463.00;37392.00;49855.00;37392;12463;0.00;0.00;0;0
1421240290;eth0;17573918.00;52748048.00;70321968.00;52748048;17573918;12470.00;37398.00;49868.00;37398;12470;0.00;0.00;0;0
1421240290;total;17573918.00;52748048.00;70321968.00;52748048;17573918;12470.00;37398.00;49868.00;37398;12470;0.00;0.00;0;0
1421240291;eth0;17565356.00;52756536.00;70321888.00;52756534;17565355;12463.00;37404.00;49867.00;37404;12463;0.00;0.00;0;0
1421240291;total;17565356.00;52756536.00;70321888.00;52756534;17565355;12463.00;37404.00;49867.00;37404;12463;0.00;0.00;0;0
1421240292;eth0;17565356.00;52739544.00;70304896.00;52739542;17565355;12463.00;37391.00;49854.00;37391;12463;0.00;0.00;0;0
1421240292;total;17565356.00;52739544.00;70304896.00;52739542;17565355;12463.00;37391.00;49854.00;37391;12463;0.00;0.00;0;0
1421240293;eth0;17575042.00;52748008.00;70323048.00;52748006;17575042;12482.00;37397.00;49879.00;37397;12482;0.00;0.00;0;0
1421240293;total;17575042.00;52748008.00;70323048.00;52748006;17575042;12482.00;37397.00;49879.00;37397;12482;0.00;0.00;0;0
1421240294;eth0;17532028.00;52697224.00;70229248.00;52697222;17532029;12444.00;37361.00;49805.00;37361;12444;0.00;0.00;0;0
1421240294;total;17532028.00;52697224.00;70229248.00;52697222;17532029;12444.00;37361.00;49805.00;37361;12444;0.00;0.00;0;0
1421240295;eth0;17565356.00;52739544.00;70304896.00;52739542;17565355;12463.00;37391.00;49854.00;37391;12463;0.00;0.00;0;0
1421240295;total;17565356.00;52739544.00;70304896.00;52739542;17565355;12463.00;37391.00;49854.00;37391;12463;0.00;0.00;0;0
1421240296;eth0;17565420.00;52687948.00;70253368.00;52687948;17565419;12464.00;37355.00;49819.00;37355;12464;0.00;0.00;0;0
1421240296;total;17565420.00;52687948.00;70253368.00;52687948;17565419;12464.00;37355.00;49819.00;37355;12464;0.00;0.00;0;0
1421240297;eth0;17565356.00;52748848.00;70314200.00;52748848;17565355;12463.00;37398.00;49861.00;37398;12463;0.00;0.00;0;0
1421240297;total;17565356.00;52748848.00;70314200.00;52748848;17565355;12463.00;37398.00;49861.00;37398;12463;0.00;0.00;0;0
1421240298;eth0;17514676.00;52502648.00;70017320.00;52502646;17514677;12428.00;37225.00;49653.00;37225;12428;0.00;0.00;0;0
1421240298;total;17514676.00;52502648.00;70017320.00;52502646;17514677;12428.00;37225.00;49653.00;37225;12428;0.00;0.00;0;0
1421240299;eth0;17573812.00;52751168.00;70324984.00;52751170;17573812;12469.00;37401.00;49870.00;37401;12469;0.00;0.00;0;0
1421240299;total;17573812.00;52751168.00;70324984.00;52751170;17573812;12469.00;37401.00;49870.00;37401;12469;0.00;0.00;0;0
1421240300;eth0;17565356.00;52753560.00;70318920.00;52753562;17565355;12463.00;37403.00;49866.00;37403;12463;0.00;0.00;0;0
1421240300;total;17565356.00;52753560.00;70318920.00;52753562;17565355;12463.00;37403.00;49866.00;37403;12463;0.00;0.00;0;0
1421240301;eth0;17565356.00;52739608.00;70304960.00;52739606;17565355;12464.00;37392.00;49856.00;37392;12464;0.00;0.00;0;0
1421240301;total;17565356.00;52739608.00;70304960.00;52739606;17565355;12464.00;37392.00;49856.00;37392;12464;0.00;0.00;0;0
1421240302;eth0;17573812.00;52752624.00;70326432.00;52752624;17573812;12468.00;37401.00;49869.00;37401;12468;0.00;0.00;0;0
1421240302;total;17573812.00;52752624.00;70326432.00;52752624;17573812;12468.00;37401.00;49869.00;37401;12468;0.00;0.00;0;0
1421240303;eth0;18644440.00;52762520.00;71406960.00;52762522;18644439;13229.00;37607.00;50836.00;37607;13229;0.00;0.00;0;0
1421240303;total;18644440.00;52762520.00;71406960.00;52762522;18644439;13229.00;37607.00;50836.00;37607;13229;0.00;0.00;0;0
1421240304;eth0;17565356.00;52744968.00;70310328.00;52744970;17565355;12463.00;37395.00;49858.00;37395;12463;0.00;0.00;0;0
1421240304;total;17565356.00;52744968.00;70310328.00;52744970;17565355;12463.00;37395.00;49858.00;37395;12463;0.00;0.00;0;0
1421240305;eth0;17566872.00;52756376.00;70323248.00;52756374;17566873;12466.00;37402.00;49868.00;37402;12466;0.00;0.00;0;0
1421240305;total;17566872.00;52756376.00;70323248.00;52756374;17566873;12466.00;37402.00;49868.00;37402;12466;0.00;0.00;0;0
1421240306;eth0;17572294.00;52742544.00;70314840.00;52742546;17572294;12466.00;37393.00;49859.00;37393;12466;0.00;0.00;0;0
1421240306;total;17572294.00;52742544.00;70314840.00;52742546;17572294;12466.00;37393.00;49859.00;37393;12466;0.00;0.00;0;0
1421240307;eth0;17565356.00;52745032.00;70310392.00;52745034;17565355;12463.00;37396.00;49859.00;37396;12463;0.00;0.00;0;0
1421240307;total;17565356.00;52745032.00;70310392.00;52745034;17565355;12463.00;37396.00;49859.00;37396;12463;0.00;0.00;0;0
1421240308;eth0;17741440.00;52762528.00;70503968.00;52762526;17741441;12595.00;37446.00;50041.00;37446;12595;0.00;0.00;0;0
1421240308;total;17741440.00;52762528.00;70503968.00;52762526;17741441;12595.00;37446.00;50041.00;37446;12595;0.00;0.00;0;0
1421240309;eth0;17573812.00;52742704.00;70316520.00;52742706;17573812;12467.00;37395.00;49862.00;37395;12467;0.00;0.00;0;0
1421240309;total;17573812.00;52742704.00;70316520.00;52742706;17573812;12467.00;37395.00;49862.00;37395;12467;0.00;0.00;0;0
1421240310;eth0;17540090.00;52687440.00;70227536.00;52687442;17540090;12446.00;37357.00;49803.00;37357;12446;0.00;0.00;0;0
1421240310;total;17540090.00;52687440.00;70227536.00;52687442;17540090;12446.00;37357.00;49803.00;37357;12446;0.00;0.00;0;0
1421240311;eth0;17472328.00;52585800.00;70058128.00;52585800;17472328;12398.00;37284.00;49682.00;37284;12398;0.00;0.00;0;0
1421240311;total;17472328.00;52585800.00;70058128.00;52585800;17472328;12398.00;37284.00;49682.00;37284;12398;0.00;0.00;0;0
1421240312;eth0;17573812.00;52742640.00;70316456.00;52742642;17573812;12468.00;37394.00;49862.00;37394;12468;0.00;0.00;0;0
1421240312;total;17573812.00;52742640.00;70316456.00;52742642;17573812;12468.00;37394.00;49862.00;37394;12468;0.00;0.00;0;0
1421240313;eth0;17742056.00;52750328.00;70492384.00;52750328;17742055;12601.00;37432.00;50033.00;37432;12601;0.00;0.00;0;0
1421240313;total;17742056.00;52750328.00;70492384.00;52750328;17742055;12601.00;37432.00;50033.00;37432;12601;0.00;0.00;0;0
1421240314;eth0;17569412.00;52747976.00;70317384.00;52747974;17569411;12477.00;37397.00;49874.00;37397;12477;0.00;0.00;0;0
1421240314;total;17569412.00;52747976.00;70317384.00;52747974;17569411;12477.00;37397.00;49874.00;37397;12477;0.00;0.00;0;0
1421240315;eth0;17427072.00;52333412.00;69760480.00;52333411;17427071;12365.00;37105.00;49470.00;37105;12365;0.00;0.00;0;0
1421240315;total;17427072.00;52333412.00;69760480.00;52333411;17427071;12365.00;37105.00;49470.00;37105;12365;0.00;0.00;0;0
1421240316;eth0;17573812.00;52742576.00;70316392.00;52742578;17573812;12469.00;37394.00;49863.00;37394;12469;0.00;0.00;0;0
1421240316;total;17573812.00;52742576.00;70316392.00;52742578;17573812;12469.00;37394.00;49863.00;37394;12469;0.00;0.00;0;0
1421240317;eth0;17565356.00;52756536.00;70321888.00;52756534;17565355;12463.00;37403.00;49866.00;37403;12463;0.00;0.00;0;0
1421240317;total;17565356.00;52756536.00;70321888.00;52756534;17565355;12463.00;37403.00;49866.00;37403;12463;0.00;0.00;0;0
1421240318;eth0;17740960.00;52750836.00;70491800.00;52750836;17740961;12588.00;37437.00;50025.00;37437;12588;0.00;0.00;0;0
1421240318;total;17740960.00;52750836.00;70491800.00;52750836;17740961;12588.00;37437.00;50025.00;37437;12588;0.00;0.00;0;0
1421240319;eth0;17573812.00;52747196.00;70321008.00;52747196;17573812;12469.00;37397.00;49866.00;37397;12469;0.00;0.00;0;0
1421240319;total;17573812.00;52747196.00;70321008.00;52747196;17573812;12469.00;37397.00;49866.00;37397;12469;0.00;0.00;0;0
1421240320;eth0;17421586.00;52300416.00;69722000.00;52300416;17421586;12361.00;37082.00;49443.00;37082;12361;0.00;0.00;0;0
1421240320;total;17421586.00;52300416.00;69722000.00;52300416;17421586;12361.00;37082.00;49443.00;37082;12361;0.00;0.00;0;0
1421240321;eth0;17565420.00;52739640.00;70305056.00;52739638;17565419;12464.00;37393.00;49857.00;37393;12464;0.00;0.00;0;0
1421240321;total;17565420.00;52739640.00;70305056.00;52739638;17565419;12464.00;37393.00;49857.00;37393;12464;0.00;0.00;0;0
1421240322;eth0;17573812.00;52756504.00;70330312.00;52756502;17573812;12469.00;37404.00;49873.00;37404;12469;0.00;0.00;0;0
1421240322;total;17573812.00;52756504.00;70330312.00;52756502;17573812;12469.00;37404.00;49873.00;37404;12469;0.00;0.00;0;0
1421240323;eth0;17750420.00;52728280.00;70478696.00;52728278;17750421;12606.00;37418.00;50024.00;37418;12606;0.00;0.00;0;0
1421240323;total;17750420.00;52728280.00;70478696.00;52728278;17750421;12606.00;37418.00;50024.00;37418;12606;0.00;0.00;0;0
1421240324;eth0;17565624.00;52739672.00;70305296.00;52739670;17565623;12466.00;37393.00;49859.00;37393;12466;0.00;0.00;0;0
1421240324;total;17565624.00;52739672.00;70305296.00;52739670;17565623;12466.00;37393.00;49859.00;37393;12466;0.00;0.00;0;0
1421240325;eth0;17573812.00;52748008.00;70321816.00;52748006;17573812;12469.00;37397.00;49866.00;37397;12469;0.00;0.00;0;0
1421240325;total;17573812.00;52748008.00;70321816.00;52748006;17573812;12469.00;37397.00;49866.00;37397;12469;0.00;0.00;0;0
1421240326;eth0;17565420.00;52756536.00;70321952.00;52756534;17565419;12464.00;37404.00;49868.00;37404;12464;0.00;0.00;0;0
1421240326;total;17565420.00;52756536.00;70321952.00;52756534;17565419;12464.00;37404.00;49868.00;37404;12464;0.00;0.00;0;0
1421240327;eth0;17565356.00;52741124.00;70306480.00;52741124;17565355;12463.00;37393.00;49856.00;37393;12463;0.00;0.00;0;0
1421240327;total;17565356.00;52741124.00;70306480.00;52741124;17565355;12463.00;37393.00;49856.00;37393;12463;0.00;0.00;0;0
1421240328;eth0;17749558.00;52752352.00;70501912.00;52752354;17749558;12596.00;37438.00;50034.00;37438;12596;0.00;0.00;0;0
1421240328;total;17749558.00;52752352.00;70501912.00;52752354;17749558;12596.00;37438.00;50034.00;37438;12596;0.00;0.00;0;0
1421240329;eth0;17565356.00;52756440.00;70321792.00;52756438;17565355;12463.00;37403.00;49866.00;37403;12463;0.00;0.00;0;0
1421240329;total;17565356.00;52756440.00;70321792.00;52756438;17565355;12463.00;37403.00;49866.00;37403;12463;0.00;0.00;0;0
1421240330;eth0;17565460.00;52744136.00;70309600.00;52744138;17565461;12464.00;37396.00;49860.00;37396;12464;0.00;0.00;0;0
1421240330;total;17565460.00;52744136.00;70309600.00;52744138;17565461;12464.00;37396.00;49860.00;37396;12464;0.00;0.00;0;0
1421240331;eth0;17568392.00;52743580.00;70311968.00;52743580;17568391;12466.00;37396.00;49862.00;37396;12466;0.00;0.00;0;0
1421240331;total;17568392.00;52743580.00;70311968.00;52743580;17568391;12466.00;37396.00;49862.00;37396;12466;0.00;0.00;0;0
1421240332;eth0;17570776.00;52755724.00;70326496.00;52755724;17570776;12466.00;37403.00;49869.00;37403;12466;0.00;0.00;0;0
1421240332;total;17570776.00;52755724.00;70326496.00;52755724;17570776;12466.00;37403.00;49869.00;37403;12466;0.00;0.00;0;0
1421240333;eth0;17741984.00;52753664.00;70495648.00;52753664;17741985;12600.00;37439.00;50039.00;37439;12600;0.00;0.00;0;0
1421240333;total;17741984.00;52753664.00;70495648.00;52753664;17741985;12600.00;37439.00;50039.00;37439;12600;0.00;0.00;0;0
1421240334;eth0;17568696.00;52740480.00;70309176.00;52740480;17568697;12469.00;37393.00;49862.00;37393;12469;0.00;0.00;0;0
1421240334;total;17568696.00;52740480.00;70309176.00;52740480;17568697;12469.00;37393.00;49862.00;37393;12469;0.00;0.00;0;0
1421240335;eth0;17570840.00;52755724.00;70326560.00;52755724;17570840;12467.00;37403.00;49870.00;37403;12467;0.00;0.00;0;0
1421240335;total;17570840.00;52755724.00;70326560.00;52755724;17570840;12467.00;37403.00;49870.00;37403;12467;0.00;0.00;0;0
1421240336;eth0;17565420.00;52748944.00;70314360.00;52748944;17565419;12464.00;37399.00;49863.00;37399;12464;0.00;0.00;0;0
1421240336;total;17565420.00;52748944.00;70314360.00;52748944;17565419;12464.00;37399.00;49863.00;37399;12464;0.00;0.00;0;0
1421240337;eth0;17565356.00;52740964.00;70306320.00;52740964;17565355;12465.00;37391.00;49856.00;37391;12465;0.00;0.00;0;0
1421240337;total;17565356.00;52740964.00;70306320.00;52740964;17565355;12465.00;37391.00;49856.00;37391;12465;0.00;0.00;0;0
1421240338;eth0;17480784.00;52433224.00;69914008.00;52433224;17480785;12401.00;37173.00;49574.00;37173;12401;0.00;0.00;0;0
1421240338;total;17480784.00;52433224.00;69914008.00;52433224;17480785;12401.00;37173.00;49574.00;37173;12401;0.00;0.00;0;0
1421240339;eth0;17565420.00;52748072.00;70313488.00;52748070;17565419;12464.00;37398.00;49862.00;37398;12464;0.00;0.00;0;0
1421240339;total;17565420.00;52748072.00;70313488.00;52748070;17565419;12464.00;37398.00;49862.00;37398;12464;0.00;0.00;0;0
1421240340;eth0;17565356.00;52748008.00;70313360.00;52748006;17565355;12463.00;37397.00;49860.00;37397;12463;0.00;0.00;0;0
1421240340;total;17565356.00;52748008.00;70313360.00;52748006;17565355;12463.00;37397.00;49860.00;37397;12463;0.00;0.00;0;0
1421240341;eth0;17569908.00;52739608.00;70309512.00;52739606;17569909;12467.00;37392.00;49859.00;37392;12467;0.00;0.00;0;0
1421240341;total;17569908.00;52739608.00;70309512.00;52739606;17569909;12467.00;37392.00;49859.00;37392;12467;0.00;0.00;0;0
1421240342;eth0;17569258.00;52756600.00;70325856.00;52756598;17569258;12465.00;37406.00;49871.00;37406;12465;0.00;0.00;0;0
1421240342;total;17569258.00;52756600.00;70325856.00;52756598;17569258;12465.00;37406.00;49871.00;37406;12465;0.00;0.00;0;0
1421240343;eth0;17524300.00;52663496.00;70187792.00;52663494;17524300;12446.00;37338.00;49784.00;37338;12446;0.00;0.00;0;0
1421240343;total;17524300.00;52663496.00;70187792.00;52663494;17524300;12446.00;37338.00;49784.00;37338;12446;0.00;0.00;0;0
1421240344;eth0;17568936.00;52752672.00;70321608.00;52752674;17568935;12490.00;37417.00;49907.00;37417;12490;0.00;0.00;0;0
1421240344;total;17568936.00;52752672.00;70321608.00;52752674;17568935;12490.00;37417.00;49907.00;37417;12490;0.00;0.00;0;0
1421240345;eth0;17572294.00;52749492.00;70321784.00;52749492;17572294;12467.00;37398.00;49865.00;37398;12467;0.00;0.00;0;0
1421240345;total;17572294.00;52749492.00;70321784.00;52749492;17572294;12467.00;37398.00;49865.00;37398;12467;0.00;0.00;0;0
1421240346;eth0;17565356.00;52746532.00;70311888.00;52746533;17565355;12463.00;37397.00;49860.00;37397;12463;0.00;0.00;0;0
1421240346;total;17565356.00;52746532.00;70311888.00;52746533;17565355;12463.00;37397.00;49860.00;37397;12463;0.00;0.00;0;0
1421240347;eth0;17566872.00;52748008.00;70314880.00;52748006;17566873;12465.00;37397.00;49862.00;37397;12465;0.00;0.00;0;0
1421240347;total;17566872.00;52748008.00;70314880.00;52748006;17566873;12465.00;37397.00;49862.00;37397;12465;0.00;0.00;0;0
1421240348;eth0;17530008.00;52518668.00;70048680.00;52518668;17530009;12437.00;37235.00;49672.00;37235;12437;0.00;0.00;0;0
1421240348;total;17530008.00;52518668.00;70048680.00;52518668;17530009;12437.00;37235.00;49672.00;37235;12437;0.00;0.00;0;0
1421240349;eth0;17565356.00;52748944.00;70314296.00;52748944;17565355;12463.00;37399.00;49862.00;37399;12463;0.00;0.00;0;0
1421240349;total;17565356.00;52748944.00;70314296.00;52748944;17565355;12463.00;37399.00;49862.00;37399;12463;0.00;0.00;0;0
1421240350;eth0;17570016.00;52748144.00;70318160.00;52748144;17570015;12468.00;37399.00;49867.00;37399;12468;0.00;0.00;0;0
1421240350;total;17570016.00;52748144.00;70318160.00;52748144;17570015;12468.00;37399.00;49867.00;37399;12468;0.00;0.00;0;0
1421240351;eth0;17569322.00;52748136.00;70317456.00;52748134;17569322;12466.00;37399.00;49865.00;37399;12466;0.00;0.00;0;0
1421240351;total;17569322.00;52748136.00;70317456.00;52748134;17569322;12466.00;37399.00;49865.00;37399;12466;0.00;0.00;0;0
1421240352;eth0;17565356.00;52748072.00;70313424.00;52748070;17565355;12463.00;37398.00;49861.00;37398;12463;0.00;0.00;0;0
1421240352;total;17565356.00;52748072.00;70313424.00;52748070;17565355;12463.00;37398.00;49861.00;37398;12463;0.00;0.00;0;0
1421240353;eth0;17532756.00;52680328.00;70213080.00;52680326;17532757;12452.00;37350.00;49802.00;37350;12452;0.00;0.00;0;0
1421240353;total;17532756.00;52680328.00;70213080.00;52680326;17532757;12452.00;37350.00;49802.00;37350;12452;0.00;0.00;0;0
1421240354;eth0;17575226.00;52748040.00;70323264.00;52748038;17575226;12484.00;37398.00;49882.00;37398;12484;0.00;0.00;0;0
1421240354;total;17575226.00;52748040.00;70323264.00;52748038;17575226;12484.00;37398.00;49882.00;37398;12484;0.00;0.00;0;0
1421240355;eth0;17565356.00;52756600.00;70321952.00;52756598;17565355;12463.00;37405.00;49868.00;37405;12463;0.00;0.00;0;0
1421240355;total;17565356.00;52756600.00;70321952.00;52756598;17565355;12463.00;37405.00;49868.00;37405;12463;0.00;0.00;0;0
1421240356;eth0;17523198.00;52655096.00;70178288.00;52655094;17523198;12435.00;37334.00;49769.00;37334;12435;0.00;0.00;0;0
1421240356;total;17523198.00;52655096.00;70178288.00;52655094;17523198;12435.00;37334.00;49769.00;37334;12435;0.00;0.00;0;0
1421240357;eth0;17573812.00;52741124.00;70314936.00;52741124;17573812;12469.00;37393.00;49862.00;37393;12469;0.00;0.00;0;0
1421240357;total;17573812.00;52741124.00;70314936.00;52741124;17573812;12469.00;37393.00;49862.00;37393;12469;0.00;0.00;0;0
1421240358;eth0;17497700.00;52494088.00;69991784.00;52494086;17497699;12415.00;37217.00;49632.00;37217;12415;0.00;0.00;0;0
1421240358;total;17497700.00;52494088.00;69991784.00;52494086;17497699;12415.00;37217.00;49632.00;37217;12415;0.00;0.00;0;0
1421240359;eth0;17565356.00;52746488.00;70311840.00;52746488;17565355;12463.00;37396.00;49859.00;37396;12463;0.00;0.00;0;0
1421240359;total;17565356.00;52746488.00;70311840.00;52746488;17565355;12463.00;37396.00;49859.00;37396;12463;0.00;0.00;0;0
1421240360;eth0;17565356.00;52748008.00;70313360.00;52748006;17565355;12465.00;37397.00;49862.00;37397;12465;0.00;0.00;0;0
1421240360;total;17565356.00;52748008.00;70313360.00;52748006;17565355;12465.00;37397.00;49862.00;37397;12465;0.00;0.00;0;0
1421240361;eth0;17548440.00;52714056.00;70262496.00;52714054;17548441;12449.00;37372.00;49821.00;37372;12449;0.00;0.00;0;0
1421240361;total;17548440.00;52714056.00;70262496.00;52714054;17548441;12449.00;37372.00;49821.00;37372;12449;0.00;0.00;0;0
1421240362;eth0;17569908.00;52739448.00;70309352.00;52739446;17569909;12467.00;37390.00;49857.00;37390;12467;0.00;0.00;0;0
1421240362;total;17569908.00;52739448.00;70309352.00;52739446;17569909;12467.00;37390.00;49857.00;37390;12467;0.00;0.00;0;0
1421240363;eth0;18647646.00;52771144.00;71418784.00;52771142;18647646;13223.00;37609.00;50832.00;37609;13223;0.00;0.00;0;0
1421240363;total;18647646.00;52771144.00;71418784.00;52771142;18647646;13223.00;37609.00;50832.00;37609;13223;0.00;0.00;0;0
1421240364;eth0;17565968.00;52749072.00;70315040.00;52749072;17565967;12470.00;37400.00;49870.00;37400;12470;0.00;0.00;0;0
1421240364;total;17565968.00;52749072.00;70315040.00;52749072;17565967;12470.00;37400.00;49870.00;37400;12470;0.00;0.00;0;0
1421240365;eth0;17565420.00;52741252.00;70306672.00;52741252;17565419;12465.00;37395.00;49860.00;37395;12465;0.00;0.00;0;0
1421240365;total;17565420.00;52741252.00;70306672.00;52741252;17565419;12465.00;37395.00;49860.00;37395;12465;0.00;0.00;0;0
