1421249209;eth0;24002.00;30265.00;54267.00;30265;24002;165.00;161.00;326.00;161;165;0.00;0.00;0;0
1421249209;total;24002.00;30265.00;54267.00;30265;24002;165.00;161.00;326.00;161;165;0.00;0.00;0;0
1421249210;eth0;669900.00;36728948.00;37398848.00;36728947;669900;9571.00;25235.00;34806.00;25235;9571;0.00;0.00;0;0
1421249210;total;669900.00;36728948.00;37398848.00;36728947;669900;9571.00;25235.00;34806.00;25235;9571;0.00;0.00;0;0
1421249211;eth0;832650.00;52009220.00;52841872.00;52009221;832650;11894.00;35502.00;47396.00;35502;11894;0.00;0.00;0;0
1421249211;total;832650.00;52009220.00;52841872.00;52009221;832650;11894.00;35502.00;47396.00;35502;11894;0.00;0.00;0;0
1421249212;eth0;865830.00;52526464.00;53392292.00;52526463;865830;12370.00;35907.00;48277.00;35907;12370;0.00;0.00;0;0
1421249212;total;865830.00;52526464.00;53392292.00;52526463;865830;12370.00;35907.00;48277.00;35907;12370;0.00;0.00;0;0
1421249213;eth0;877520.00;52744056.00;53621576.00;52744057;877520;12536.00;36171.00;48707.00;36171;12536;0.00;0.00;0;0
1421249213;total;877520.00;52744056.00;53621576.00;52744057;877520;12536.00;36171.00;48707.00;36171;12536;0.00;0.00;0;0
1421249214;eth0;889070.00;52747120.00;53636192.00;52747121;889070;12700.00;36306.00;49006.00;36306;12700;0.00;0.00;0;0
1421249214;total;889070.00;52747120.00;53636192.00;52747121;889070;12700.00;36306.00;49006.00;36306;12700;0.00;0.00;0;0
1421249215;eth0;838566.00;52729816.00;53568380.00;52729815;838566;11980.00;36584.00;48564.00;36584;11980;0.00;0.00;0;0
1421249215;total;838566.00;52729816.00;53568380.00;52729815;838566;11980.00;36584.00;48564.00;36584;11980;0.00;0.00;0;0
1421249216;eth0;918680.00;52740804.00;53659484.00;52740805;918680;13123.00;36602.00;49725.00;36602;13123;0.00;0.00;0;0
1421249216;total;918680.00;52740804.00;53659484.00;52740805;918680;13123.00;36602.00;49725.00;36602;13123;0.00;0.00;0;0
1421249217;eth0;911540.00;52756908.00;53668448.00;52756909;911540;13022.00;36612.00;49634.00;36612;13022;0.00;0.00;0;0
1421249217;total;911540.00;52756908.00;53668448.00;52756909;911540;13022.00;36612.00;49634.00;36612;13022;0.00;0.00;0;0
1421249218;eth0;910140.00;52750772.00;53660912.00;52750773;910140;13003.00;36607.00;49610.00;36607;13003;0.00;0.00;0;0
1421249218;total;910140.00;52750772.00;53660912.00;52750773;910140;13003.00;36607.00;49610.00;36607;13003;0.00;0.00;0;0
1421249219;eth0;1071910.00;52739552.00;53811464.00;52739553;1071910;15313.00;36599.00;51912.00;36599;15313;0.00;0.00;0;0
1421249219;total;1071910.00;52739552.00;53811464.00;52739553;1071910;15313.00;36599.00;51912.00;36599;15313;0.00;0.00;0;0
1421249220;eth0;851130.00;52749256.00;53600384.00;52749255;851130;12158.00;36606.00;48764.00;36606;12158;0.00;0.00;0;0
1421249220;total;851130.00;52749256.00;53600384.00;52749255;851130;12158.00;36606.00;48764.00;36606;12158;0.00;0.00;0;0
1421249221;eth0;890190.00;52748792.00;53638984.00;52748793;890190;12717.00;36607.00;49324.00;36607;12717;0.00;0.00;0;0
1421249221;total;890190.00;52748792.00;53638984.00;52748793;890190;12717.00;36607.00;49324.00;36607;12717;0.00;0.00;0;0
1421249222;eth0;879830.00;52680936.00;53560768.00;52680937;879830;12569.00;36210.00;48779.00;36210;12569;0.00;0.00;0;0
1421249222;total;879830.00;52680936.00;53560768.00;52680937;879830;12569.00;36210.00;48779.00;36210;12569;0.00;0.00;0;0
1421249223;eth0;915600.00;52755300.00;53670900.00;52755300;915600;13080.00;36478.00;49558.00;36478;13080;0.00;0.00;0;0
1421249223;total;915600.00;52755300.00;53670900.00;52755300;915600;13080.00;36478.00;49558.00;36478;13080;0.00;0.00;0;0
1421249224;eth0;866880.00;52748956.00;53615836.00;52748957;866880;12384.00;36491.00;48875.00;36491;12384;0.00;0.00;0;0
1421249224;total;866880.00;52748956.00;53615836.00;52748957;866880;12384.00;36491.00;48875.00;36491;12384;0.00;0.00;0;0
1421249225;eth0;860440.00;52646008.00;53506448.00;52646007;860440;12292.00;36500.00;48792.00;36500;12292;0.00;0.00;0;0
1421249225;total;860440.00;52646008.00;53506448.00;52646007;860440;12292.00;36500.00;48792.00;36500;12292;0.00;0.00;0;0
1421249226;eth0;1079470.00;52747864.00;53827336.00;52747865;1079470;15422.00;36607.00;52029.00;36607;15422;0.00;0.00;0;0
1421249226;total;1079470.00;52747864.00;53827336.00;52747865;1079470;15422.00;36607.00;52029.00;36607;15422;0.00;0.00;0;0
1421249227;eth0;968316.00;52745276.00;53713592.00;52745277;968316;13817.00;36620.00;50437.00;36620;13817;0.00;0.00;0;0
1421249227;total;968316.00;52745276.00;53713592.00;52745277;968316;13817.00;36620.00;50437.00;36620;13817;0.00;0.00;0;0
1421249228;eth0;854350.00;52759084.00;53613436.00;52759085;854350;12205.00;36616.00;48821.00;36616;12205;0.00;0.00;0;0
1421249228;total;854350.00;52759084.00;53613436.00;52759085;854350;12205.00;36616.00;48821.00;36616;12205;0.00;0.00;0;0
1421249229;eth0;865690.00;52755852.00;53621544.00;52755853;865690;12367.00;36610.00;48977.00;36610;12367;0.00;0.00;0;0
1421249229;total;865690.00;52755852.00;53621544.00;52755853;865690;12367.00;36610.00;48977.00;36610;12367;0.00;0.00;0;0
1421249230;eth0;874020.00;52733020.00;53607040.00;52733019;874020;12486.00;36595.00;49081.00;36595;12486;0.00;0.00;0;0
1421249230;total;874020.00;52733020.00;53607040.00;52733019;874020;12486.00;36595.00;49081.00;36595;12486;0.00;0.00;0;0
1421249231;eth0;1001280.00;52757900.00;53759180.00;52757901;1001280;14305.00;36612.00;50917.00;36612;14305;0.00;0.00;0;0
1421249231;total;1001280.00;52757900.00;53759180.00;52757901;1001280;14305.00;36612.00;50917.00;36612;14305;0.00;0.00;0;0
1421249232;eth0;865690.00;52632592.00;53498280.00;52632591;865690;12367.00;36122.00;48489.00;36122;12367;0.00;0.00;0;0
1421249232;total;865690.00;52632592.00;53498280.00;52632591;865690;12367.00;36122.00;48489.00;36122;12367;0.00;0.00;0;0
1421249233;eth0;905030.00;52739308.00;53644340.00;52739309;905030;12928.00;36353.00;49281.00;36353;12928;0.00;0.00;0;0
1421249233;total;905030.00;52739308.00;53644340.00;52739309;905030;12928.00;36353.00;49281.00;36353;12928;0.00;0.00;0;0
1421249234;eth0;1022000.00;52759256.00;53781256.00;52759255;1022000;14601.00;36528.00;51129.00;36528;14601;0.00;0.00;0;0
1421249234;total;1022000.00;52759256.00;53781256.00;52759255;1022000;14601.00;36528.00;51129.00;36528;14601;0.00;0.00;0;0
1421249235;eth0;900306.00;52739412.00;53639716.00;52739411;900306;12860.00;36583.00;49443.00;36583;12860;0.00;0.00;0;0
1421249235;total;900306.00;52739412.00;53639716.00;52739411;900306;12860.00;36583.00;49443.00;36583;12860;0.00;0.00;0;0
1421249236;eth0;913010.00;52732068.00;53645080.00;52732069;913010;13044.00;36575.00;49619.00;36575;13044;0.00;0.00;0;0
1421249236;total;913010.00;52732068.00;53645080.00;52732069;913010;13044.00;36575.00;49619.00;36575;13044;0.00;0.00;0;0
1421249237;eth0;920850.00;52755456.00;53676304.00;52755455;920850;13154.00;36612.00;49766.00;36612;13154;0.00;0.00;0;0
1421249237;total;920850.00;52755456.00;53676304.00;52755455;920850;13154.00;36612.00;49766.00;36612;13154;0.00;0.00;0;0
1421249238;eth0;911470.00;52752488.00;53663956.00;52752487;911470;13021.00;36610.00;49631.00;36610;13021;0.00;0.00;0;0
1421249238;total;911470.00;52752488.00;53663956.00;52752487;911470;13021.00;36610.00;49631.00;36610;13021;0.00;0.00;0;0
1421249239;eth0;904750.00;52749320.00;53654068.00;52749319;904750;12926.00;36607.00;49533.00;36607;12926;0.00;0.00;0;0
1421249239;total;904750.00;52749320.00;53654068.00;52749319;904750;12926.00;36607.00;49533.00;36607;12926;0.00;0.00;0;0
1421249240;eth0;809690.00;52744084.00;53553772.00;52744083;809690;11567.00;36533.00;48100.00;36533;11567;0.00;0.00;0;0
1421249240;total;809690.00;52744084.00;53553772.00;52744083;809690;11567.00;36533.00;48100.00;36533;11567;0.00;0.00;0;0
1421249241;eth0;833000.00;52739108.00;53572108.00;52739107;833000;11900.00;36509.00;48409.00;36509;11900;0.00;0.00;0;0
1421249241;total;833000.00;52739108.00;53572108.00;52739107;833000;11900.00;36509.00;48409.00;36509;11900;0.00;0.00;0;0
1421249242;eth0;908530.00;52556940.00;53465468.00;52556939;908530;12978.00;36035.00;49013.00;36035;12978;0.00;0.00;0;0
1421249242;total;908530.00;52556940.00;53465468.00;52556939;908530;12978.00;36035.00;49013.00;36035;12978;0.00;0.00;0;0
1421249243;eth0;1000300.00;52712908.00;53713208.00;52712907;1000300;14291.00;36423.00;50714.00;36423;14291;0.00;0.00;0;0
1421249243;total;1000300.00;52712908.00;53713208.00;52712907;1000300;14291.00;36423.00;50714.00;36423;14291;0.00;0.00;0;0
1421249244;eth0;904278.00;52659412.00;53563688.00;52659411;904278;12916.00;36365.00;49281.00;36365;12916;0.00;0.00;0;0
1421249244;total;904278.00;52659412.00;53563688.00;52659411;904278;12916.00;36365.00;49281.00;36365;12916;0.00;0.00;0;0
1421249245;eth0;869750.00;52746560.00;53616312.00;52746561;869750;12425.00;36587.00;49012.00;36587;12425;0.00;0.00;0;0
1421249245;total;869750.00;52746560.00;53616312.00;52746561;869750;12425.00;36587.00;49012.00;36587;12425;0.00;0.00;0;0
1421249246;eth0;827960.00;52245352.00;53073312.00;52245351;827960;11829.00;35921.00;47750.00;35921;11829;0.00;0.00;0;0
1421249246;total;827960.00;52245352.00;53073312.00;52245351;827960;11829.00;35921.00;47750.00;35921;11829;0.00;0.00;0;0
1421249247;eth0;872826.00;52744840.00;53617668.00;52744841;872826;12462.00;36160.00;48622.00;36160;12462;0.00;0.00;0;0
1421249247;total;872826.00;52744840.00;53617668.00;52744841;872826;12462.00;36160.00;48622.00;36160;12462;0.00;0.00;0;0
1421249248;eth0;985530.00;52739132.00;53724660.00;52739131;985530;14080.00;36308.00;50388.00;36308;14080;0.00;0.00;0;0
1421249248;total;985530.00;52739132.00;53724660.00;52739131;985530;14080.00;36308.00;50388.00;36308;14080;0.00;0.00;0;0
1421249249;eth0;933380.00;52672312.00;53605692.00;52672313;933380;13333.00;36494.00;49827.00;36494;13333;0.00;0.00;0;0
1421249249;total;933380.00;52672312.00;53605692.00;52672313;933380;13333.00;36494.00;49827.00;36494;13333;0.00;0.00;0;0
1421249250;eth0;931612.00;52737512.00;53669124.00;52737511;931612;13309.00;36396.00;49705.00;36396;13309;0.00;0.00;0;0
1421249250;total;931612.00;52737512.00;53669124.00;52737511;931612;13309.00;36396.00;49705.00;36396;13309;0.00;0.00;0;0
1421249251;eth0;894880.00;52658608.00;53553488.00;52658609;894880;12785.00;36347.00;49132.00;36347;12785;0.00;0.00;0;0
1421249251;total;894880.00;52658608.00;53553488.00;52658609;894880;12785.00;36347.00;49132.00;36347;12785;0.00;0.00;0;0
1421249252;eth0;906500.00;52742276.00;53648776.00;52742277;906500;12949.00;36505.00;49454.00;36505;12949;0.00;0.00;0;0
1421249252;total;906500.00;52742276.00;53648776.00;52742277;906500;12949.00;36505.00;49454.00;36505;12949;0.00;0.00;0;0
1421249253;eth0;930160.00;52746764.00;53676924.00;52746765;930160;13288.00;36492.00;49780.00;36492;13288;0.00;0.00;0;0
1421249253;total;930160.00;52746764.00;53676924.00;52746765;930160;13288.00;36492.00;49780.00;36492;13288;0.00;0.00;0;0
1421249254;eth0;931000.00;52745328.00;53676328.00;52745326;931000;13300.00;36493.00;49793.00;36493;13300;0.00;0.00;0;0
1421249254;total;931000.00;52745328.00;53676328.00;52745326;931000;13300.00;36493.00;49793.00;36493;13300;0.00;0.00;0;0
1421249255;eth0;940206.00;52743556.00;53683764.00;52743557;940206;13433.00;36496.00;49929.00;36496;13433;0.00;0.00;0;0
1421249255;total;940206.00;52743556.00;53683764.00;52743557;940206;13433.00;36496.00;49929.00;36496;13433;0.00;0.00;0;0
1421249256;eth0;920080.00;52736624.00;53656704.00;52736625;920080;13143.00;36493.00;49636.00;36493;13143;0.00;0.00;0;0
1421249256;total;920080.00;52736624.00;53656704.00;52736625;920080;13143.00;36493.00;49636.00;36493;13143;0.00;0.00;0;0
1421249257;eth0;958790.00;52738388.00;53697176.00;52738387;958790;13696.00;36491.00;50187.00;36491;13696;0.00;0.00;0;0
1421249257;total;958790.00;52738388.00;53697176.00;52738387;958790;13696.00;36491.00;50187.00;36491;13696;0.00;0.00;0;0
1421249258;eth0;946680.00;52736620.00;53683300.00;52736619;946680;13524.00;36493.00;50017.00;36493;13524;0.00;0.00;0;0
1421249258;total;946680.00;52736620.00;53683300.00;52736619;946680;13524.00;36493.00;50017.00;36493;13524;0.00;0.00;0;0
1421249259;eth0;924490.00;52737152.00;53661640.00;52737151;924490;13207.00;36495.00;49702.00;36495;13207;0.00;0.00;0;0
1421249259;total;924490.00;52737152.00;53661640.00;52737151;924490;13207.00;36495.00;49702.00;36495;13207;0.00;0.00;0;0
1421249260;eth0;918044.00;52747264.00;53665308.00;52747265;918044;13115.00;36570.00;49685.00;36570;13115;0.00;0.00;0;0
1421249260;total;918044.00;52747264.00;53665308.00;52747265;918044;13115.00;36570.00;49685.00;36570;13115;0.00;0.00;0;0
1421249261;eth0;917210.00;52748384.00;53665592.00;52748383;917210;13104.00;36598.00;49702.00;36598;13104;0.00;0.00;0;0
1421249261;total;917210.00;52748384.00;53665592.00;52748383;917210;13104.00;36598.00;49702.00;36598;13104;0.00;0.00;0;0
1421249262;eth0;845740.00;52743772.00;53589512.00;52743771;845740;12081.00;36596.00;48677.00;36596;12081;0.00;0.00;0;0
1421249262;total;845740.00;52743772.00;53589512.00;52743771;845740;12081.00;36596.00;48677.00;36596;12081;0.00;0.00;0;0
1421249263;eth0;833910.00;52756764.00;53590676.00;52756765;833910;11913.00;36601.00;48514.00;36601;11913;0.00;0.00;0;0
1421249263;total;833910.00;52756764.00;53590676.00;52756765;833910;11913.00;36601.00;48514.00;36601;11913;0.00;0.00;0;0
1421249264;eth0;832370.00;52721312.00;53553684.00;52721313;832370;11891.00;36483.00;48374.00;36483;11891;0.00;0.00;0;0
1421249264;total;832370.00;52721312.00;53553684.00;52721313;832370;11891.00;36483.00;48374.00;36483;11891;0.00;0.00;0;0
1421249265;eth0;822920.00;52755532.00;53578452.00;52755533;822920;11757.00;36479.00;48236.00;36479;11757;0.00;0.00;0;0
1421249265;total;822920.00;52755532.00;53578452.00;52755533;822920;11757.00;36479.00;48236.00;36479;11757;0.00;0.00;0;0
1421249266;eth0;844340.00;52726924.00;53571264.00;52726923;844340;12061.00;36485.00;48546.00;36485;12061;0.00;0.00;0;0
1421249266;total;844340.00;52726924.00;53571264.00;52726923;844340;12061.00;36485.00;48546.00;36485;12061;0.00;0.00;0;0
1421249267;eth0;970490.00;52619856.00;53590348.00;52619857;970490;13857.00;36433.00;50290.00;36433;13857;0.00;0.00;0;0
1421249267;total;970490.00;52619856.00;53590348.00;52619857;970490;13857.00;36433.00;50290.00;36433;13857;0.00;0.00;0;0
1421249268;eth0;874230.00;52710512.00;53584740.00;52710511;874230;12489.00;36104.00;48593.00;36104;12489;0.00;0.00;0;0
1421249268;total;874230.00;52710512.00;53584740.00;52710511;874230;12489.00;36104.00;48593.00;36104;12489;0.00;0.00;0;0
1421249269;eth0;852950.00;52760028.00;53612976.00;52760027;852950;12186.00;36268.00;48454.00;36268;12186;0.00;0.00;0;0
1421249269;total;852950.00;52760028.00;53612976.00;52760027;852950;12186.00;36268.00;48454.00;36268;12186;0.00;0.00;0;0
1421249270;eth0;979160.00;52749300.00;53728460.00;52749301;979160;13987.00;36536.00;50523.00;36536;13987;0.00;0.00;0;0
1421249270;total;979160.00;52749300.00;53728460.00;52749301;979160;13987.00;36536.00;50523.00;36536;13987;0.00;0.00;0;0
1421249271;eth0;912730.00;52735656.00;53648388.00;52735657;912730;13039.00;36562.00;49601.00;36562;13039;0.00;0.00;0;0
1421249271;total;912730.00;52735656.00;53648388.00;52735657;912730;13039.00;36562.00;49601.00;36562;13039;0.00;0.00;0;0
1421249272;eth0;813464.00;52749900.00;53563364.00;52749901;813464;11622.00;36600.00;48222.00;36600;11622;0.00;0.00;0;0
1421249272;total;813464.00;52749900.00;53563364.00;52749901;813464;11622.00;36600.00;48222.00;36600;11622;0.00;0.00;0;0
1421249273;eth0;842450.00;52747656.00;53590108.00;52747657;842450;12034.00;36596.00;48630.00;36596;12034;0.00;0.00;0;0
1421249273;total;842450.00;52747656.00;53590108.00;52747657;842450;12034.00;36596.00;48630.00;36596;12034;0.00;0.00;0;0
1421249274;eth0;866530.00;52738396.00;53604924.00;52738395;866530;12379.00;36553.00;48932.00;36553;12379;0.00;0.00;0;0
1421249274;total;866530.00;52738396.00;53604924.00;52738395;866530;12379.00;36553.00;48932.00;36553;12379;0.00;0.00;0;0
1421249275;eth0;850470.00;52736084.00;53586556.00;52736085;850470;12029.00;36470.00;48499.00;36470;12029;0.00;0.00;0;0
1421249275;total;850470.00;52736084.00;53586556.00;52736085;850470;12029.00;36470.00;48499.00;36470;12029;0.00;0.00;0;0
1421249276;eth0;875350.00;52737300.00;53612652.00;52737301;875350;12505.00;36496.00;49001.00;36496;12505;0.00;0.00;0;0
1421249276;total;875350.00;52737300.00;53612652.00;52737301;875350;12505.00;36496.00;49001.00;36496;12505;0.00;0.00;0;0
1421249277;eth0;893130.00;52442116.00;53335244.00;52442115;893130;12760.00;36157.00;48917.00;36157;12760;0.00;0.00;0;0
1421249277;total;893130.00;52442116.00;53335244.00;52442115;893130;12760.00;36157.00;48917.00;36157;12760;0.00;0.00;0;0
1421249278;eth0;829010.00;52139268.00;52968280.00;52139269;829010;11842.00;35595.00;47437.00;35595;11842;0.00;0.00;0;0
1421249278;total;829010.00;52139268.00;52968280.00;52139269;829010;11842.00;35595.00;47437.00;35595;11842;0.00;0.00;0;0
1421249279;eth0;878780.00;52677996.00;53556776.00;52677995;878780;12555.00;36042.00;48597.00;36042;12555;0.00;0.00;0;0
1421249279;total;878780.00;52677996.00;53556776.00;52677995;878780;12555.00;36042.00;48597.00;36042;12555;0.00;0.00;0;0
1421249280;eth0;896910.00;52734172.00;53631080.00;52734171;896910;12812.00;36174.00;48986.00;36174;12812;0.00;0.00;0;0
1421249280;total;896910.00;52734172.00;53631080.00;52734171;896910;12812.00;36174.00;48986.00;36174;12812;0.00;0.00;0;0
1421249281;eth0;910700.00;52728984.00;53639684.00;52728983;910700;13010.00;36509.00;49519.00;36509;13010;0.00;0.00;0;0
1421249281;total;910700.00;52728984.00;53639684.00;52728983;910700;13010.00;36509.00;49519.00;36509;13010;0.00;0.00;0;0
1421249282;eth0;898100.00;52746800.00;53644900.00;52746801;898100;12830.00;36598.00;49428.00;36598;12830;0.00;0.00;0;0
1421249282;total;898100.00;52746800.00;53644900.00;52746801;898100;12830.00;36598.00;49428.00;36598;12830;0.00;0.00;0;0
1421249283;eth0;868630.00;52750296.00;53618928.00;52750297;868630;12409.00;36598.00;49007.00;36598;12409;0.00;0.00;0;0
1421249283;total;868630.00;52750296.00;53618928.00;52750297;868630;12409.00;36598.00;49007.00;36598;12409;0.00;0.00;0;0
1421249284;eth0;875140.00;52744160.00;53619300.00;52744161;875140;12502.00;36594.00;49096.00;36594;12502;0.00;0.00;0;0
1421249284;total;875140.00;52744160.00;53619300.00;52744161;875140;12502.00;36594.00;49096.00;36594;12502;0.00;0.00;0;0
1421249285;eth0;889434.00;52064692.00;52954128.00;52064693;889434;12702.00;35704.00;48406.00;35704;12702;0.00;0.00;0;0
1421249285;total;889434.00;52064692.00;52954128.00;52064693;889434;12702.00;35704.00;48406.00;35704;12702;0.00;0.00;0;0
1421249286;eth0;960470.00;52743172.00;53703640.00;52743172;960470;13720.00;36150.00;49870.00;36150;13720;0.00;0.00;0;0
1421249286;total;960470.00;52743172.00;53703640.00;52743172;960470;13720.00;36150.00;49870.00;36150;13720;0.00;0.00;0;0
1421249287;eth0;899138.00;52746204.00;53645344.00;52746205;899138;12840.00;36314.00;49154.00;36314;12840;0.00;0.00;0;0
1421249287;total;899138.00;52746204.00;53645344.00;52746205;899138;12840.00;36314.00;49154.00;36314;12840;0.00;0.00;0;0
1421249288;eth0;862190.00;52295072.00;53157260.00;52295071;862190;12317.00;35765.00;48082.00;35765;12317;0.00;0.00;0;0
1421249288;total;862190.00;52295072.00;53157260.00;52295071;862190;12317.00;35765.00;48082.00;35765;12317;0.00;0.00;0;0
1421249289;eth0;860300.00;52744632.00;53604932.00;52744633;860300;12289.00;36173.00;48462.00;36173;12289;0.00;0.00;0;0
1421249289;total;860300.00;52744632.00;53604932.00;52744633;860300;12289.00;36173.00;48462.00;36173;12289;0.00;0.00;0;0
1421249290;eth0;900042.00;52748200.00;53648240.00;52748199;900042;12858.00;36403.00;49261.00;36403;12858;0.00;0.00;0;0
1421249290;total;900042.00;52748200.00;53648240.00;52748199;900042;12858.00;36403.00;49261.00;36403;12858;0.00;0.00;0;0
1421249291;eth0;1012340.00;52690612.00;53702952.00;52690613;1012340;14462.00;36417.00;50879.00;36417;14462;0.00;0.00;0;0
1421249291;total;1012340.00;52690612.00;53702952.00;52690613;1012340;14462.00;36417.00;50879.00;36417;14462;0.00;0.00;0;0
1421249292;eth0;1008630.00;52745140.00;53753772.00;52745141;1008630;14409.00;36187.00;50596.00;36187;14409;0.00;0.00;0;0
1421249292;total;1008630.00;52745140.00;53753772.00;52745141;1008630;14409.00;36187.00;50596.00;36187;14409;0.00;0.00;0;0
1421249293;eth0;871570.00;52150272.00;53021844.00;52150273;871570;12451.00;36053.00;48504.00;36053;12451;0.00;0.00;0;0
1421249293;total;871570.00;52150272.00;53021844.00;52150273;871570;12451.00;36053.00;48504.00;36053;12451;0.00;0.00;0;0
1421249294;eth0;862610.00;52769112.00;53631720.00;52769111;862610;12324.00;36612.00;48936.00;36612;12324;0.00;0.00;0;0
1421249294;total;862610.00;52769112.00;53631720.00;52769111;862610;12324.00;36612.00;48936.00;36612;12324;0.00;0.00;0;0
1421249295;eth0;1012866.00;52686404.00;53699268.00;52686403;1012866;14468.00;36239.00;50707.00;36239;14468;0.00;0.00;0;0
1421249295;total;1012866.00;52686404.00;53699268.00;52686403;1012866;14468.00;36239.00;50707.00;36239;14468;0.00;0.00;0;0
1421249296;eth0;954590.00;52726564.00;53681152.00;52726563;954590;13637.00;36447.00;50084.00;36447;13637;0.00;0.00;0;0
1421249296;total;954590.00;52726564.00;53681152.00;52726563;954590;13637.00;36447.00;50084.00;36447;13637;0.00;0.00;0;0
1421249297;eth0;835660.00;52752348.00;53588008.00;52752349;835660;11938.00;36600.00;48538.00;36600;11938;0.00;0.00;0;0
1421249297;total;835660.00;52752348.00;53588008.00;52752349;835660;11938.00;36600.00;48538.00;36600;11938;0.00;0.00;0;0
1421249298;eth0;825510.00;52752808.00;53578320.00;52752809;825510;11793.00;36600.00;48393.00;36600;11793;0.00;0.00;0;0
1421249298;total;825510.00;52752808.00;53578320.00;52752809;825510;11793.00;36600.00;48393.00;36600;11793;0.00;0.00;0;0
1421249299;eth0;840700.00;52692936.00;53533636.00;52692935;840700;12010.00;36560.00;48570.00;36560;12010;0.00;0.00;0;0
1421249299;total;840700.00;52692936.00;53533636.00;52692935;840700;12010.00;36560.00;48570.00;36560;12010;0.00;0.00;0;0
1421249300;eth0;868070.00;52746800.00;53614872.00;52746801;868070;12401.00;36597.00;48998.00;36597;12401;0.00;0.00;0;0
1421249300;total;868070.00;52746800.00;53614872.00;52746801;868070;12401.00;36597.00;48998.00;36597;12401;0.00;0.00;0;0
1421249301;eth0;883750.00;52752936.00;53636688.00;52752937;883750;12625.00;36603.00;49228.00;36603;12625;0.00;0.00;0;0
1421249301;total;883750.00;52752936.00;53636688.00;52752937;883750;12625.00;36603.00;49228.00;36603;12625;0.00;0.00;0;0
1421249302;eth0;884170.00;52733064.00;53617236.00;52733065;884170;12631.00;36587.00;49218.00;36587;12631;0.00;0.00;0;0
1421249302;total;884170.00;52733064.00;53617236.00;52733065;884170;12631.00;36587.00;49218.00;36587;12631;0.00;0.00;0;0
1421249303;eth0;854280.00;52748384.00;53602664.00;52748383;854280;12205.00;36600.00;48805.00;36600;12205;0.00;0.00;0;0
1421249303;total;854280.00;52748384.00;53602664.00;52748383;854280;12205.00;36600.00;48805.00;36600;12205;0.00;0.00;0;0
1421249304;eth0;873110.00;52703688.00;53576796.00;52703687;873110;12473.00;36313.00;48786.00;36313;12473;0.00;0.00;0;0
1421249304;total;873110.00;52703688.00;53576796.00;52703687;873110;12473.00;36313.00;48786.00;36313;12473;0.00;0.00;0;0
1421249305;eth0;901460.00;52732596.00;53634056.00;52732595;901460;12877.00;36333.00;49210.00;36333;12877;0.00;0.00;0;0
1421249305;total;901460.00;52732596.00;53634056.00;52732595;901460;12877.00;36333.00;49210.00;36333;12877;0.00;0.00;0;0
1421249306;eth0;961120.00;52733568.00;53694688.00;52733569;961120;13726.00;36531.00;50257.00;36531;13726;0.00;0.00;0;0
1421249306;total;961120.00;52733568.00;53694688.00;52733569;961120;13726.00;36531.00;50257.00;36531;13726;0.00;0.00;0;0
1421249307;eth0;838220.00;52760400.00;53598620.00;52760399;838220;11971.00;36606.00;48577.00;36606;11971;0.00;0.00;0;0
1421249307;total;838220.00;52760400.00;53598620.00;52760399;838220;11971.00;36606.00;48577.00;36606;11971;0.00;0.00;0;0
1421249308;eth0;908320.00;52643032.00;53551352.00;52643031;908320;12975.00;36524.00;49499.00;36524;12975;0.00;0.00;0;0
1421249308;total;908320.00;52643032.00;53551352.00;52643031;908320;12975.00;36524.00;49499.00;36524;12975;0.00;0.00;0;0
1421249309;eth0;938280.00;52699772.00;53638052.00;52699771;938280;13405.00;36542.00;49947.00;36542;13405;0.00;0.00;0;0
1421249309;total;938280.00;52699772.00;53638052.00;52699771;938280;13405.00;36542.00;49947.00;36542;13405;0.00;0.00;0;0
1421249310;eth0;899786.00;52743140.00;53642924.00;52743139;899786;12734.00;36363.00;49097.00;36363;12734;0.00;0.00;0;0
1421249310;total;899786.00;52743140.00;53642924.00;52743139;899786;12734.00;36363.00;49097.00;36363;12734;0.00;0.00;0;0
1421249311;eth0;854420.00;52754032.00;53608452.00;52754033;854420;12206.00;36485.00;48691.00;36485;12206;0.00;0.00;0;0
1421249311;total;854420.00;52754032.00;53608452.00;52754033;854420;12206.00;36485.00;48691.00;36485;12206;0.00;0.00;0;0
1421249312;eth0;862750.00;52735884.00;53598632.00;52735883;862750;12325.00;36476.00;48801.00;36476;12325;0.00;0.00;0;0
1421249312;total;862750.00;52735884.00;53598632.00;52735883;862750;12325.00;36476.00;48801.00;36476;12325;0.00;0.00;0;0
1421249313;eth0;829220.00;52747884.00;53577104.00;52747883;829220;11846.00;36544.00;48390.00;36544;11846;0.00;0.00;0;0
1421249313;total;829220.00;52747884.00;53577104.00;52747883;829220;11846.00;36544.00;48390.00;36544;11846;0.00;0.00;0;0
1421249314;eth0;831040.00;52751420.00;53582460.00;52751419;831040;11872.00;36601.00;48473.00;36601;11872;0.00;0.00;0;0
1421249314;total;831040.00;52751420.00;53582460.00;52751419;831040;11872.00;36601.00;48473.00;36601;11872;0.00;0.00;0;0
1421249315;eth0;828486.00;52747336.00;53575820.00;52747335;828486;11836.00;36598.00;48434.00;36598;11836;0.00;0.00;0;0
1421249315;total;828486.00;52747336.00;53575820.00;52747335;828486;11836.00;36598.00;48434.00;36598;11836;0.00;0.00;0;0
1421249316;eth0;846650.00;52741648.00;53588300.00;52741649;846650;12094.00;36593.00;48687.00;36593;12094;0.00;0.00;0;0
1421249316;total;846650.00;52741648.00;53588300.00;52741649;846650;12094.00;36593.00;48687.00;36593;12094;0.00;0.00;0;0
1421249317;eth0;947088.00;52746736.00;53693824.00;52746737;947088;13529.00;36597.00;50126.00;36597;13529;0.00;0.00;0;0
1421249317;total;947088.00;52746736.00;53693824.00;52746737;947088;13529.00;36597.00;50126.00;36597;13529;0.00;0.00;0;0
1421249318;eth0;904540.00;52742784.00;53647324.00;52742784;904540;12922.00;36594.00;49516.00;36594;12922;0.00;0.00;0;0
1421249318;total;904540.00;52742784.00;53647324.00;52742784;904540;12922.00;36594.00;49516.00;36594;12922;0.00;0.00;0;0
1421249319;eth0;911120.00;52744160.00;53655280.00;52744161;911120;13016.00;36594.00;49610.00;36594;13016;0.00;0.00;0;0
1421249319;total;911120.00;52744160.00;53655280.00;52744161;911120;13016.00;36594.00;49610.00;36594;13016;0.00;0.00;0;0
1421249320;eth0;911394.00;52760004.00;53671396.00;52760003;911394;13019.00;36606.00;49625.00;36606;13019;0.00;0.00;0;0
1421249320;total;911394.00;52760004.00;53671396.00;52760003;911394;13019.00;36606.00;49625.00;36606;13019;0.00;0.00;0;0
1421249321;eth0;829640.00;52730864.00;53560504.00;52730863;829640;11852.00;36515.00;48367.00;36515;11852;0.00;0.00;0;0
1421249321;total;829640.00;52730864.00;53560504.00;52730863;829640;11852.00;36515.00;48367.00;36515;11852;0.00;0.00;0;0
1421249322;eth0;843920.00;52751404.00;53595324.00;52751403;843920;12056.00;36580.00;48636.00;36580;12056;0.00;0.00;0;0
1421249322;total;843920.00;52751404.00;53595324.00;52751403;843920;12056.00;36580.00;48636.00;36580;12056;0.00;0.00;0;0
1421249323;eth0;850990.00;52753996.00;53604984.00;52753995;850990;12157.00;36603.00;48760.00;36603;12157;0.00;0.00;0;0
1421249323;total;850990.00;52753996.00;53604984.00;52753995;850990;12157.00;36603.00;48760.00;36603;12157;0.00;0.00;0;0
1421249324;eth0;842170.00;52747924.00;53590092.00;52747923;842170;12031.00;36599.00;48630.00;36599;12031;0.00;0.00;0;0
1421249324;total;842170.00;52747924.00;53590092.00;52747923;842170;12031.00;36599.00;48630.00;36599;12031;0.00;0.00;0;0
1421249325;eth0;820540.00;52757352.00;53577892.00;52757353;820540;11722.00;36604.00;48326.00;36604;11722;0.00;0.00;0;0
1421249325;total;820540.00;52757352.00;53577892.00;52757353;820540;11722.00;36604.00;48326.00;36604;11722;0.00;0.00;0;0
1421249326;eth0;826280.00;52746800.00;53573080.00;52746801;826280;11804.00;36597.00;48401.00;36597;11804;0.00;0.00;0;0
1421249326;total;826280.00;52746800.00;53573080.00;52746801;826280;11804.00;36597.00;48401.00;36597;11804;0.00;0.00;0;0
1421249327;eth0;868626.00;52649140.00;53517768.00;52649141;868626;12405.00;36461.00;48866.00;36461;12405;0.00;0.00;0;0
1421249327;total;868626.00;52649140.00;53517768.00;52649141;868626;12405.00;36461.00;48866.00;36461;12405;0.00;0.00;0;0
1421249328;eth0;890750.00;52691324.00;53582072.00;52691323;890750;12723.00;36097.00;48820.00;36097;12723;0.00;0.00;0;0
1421249328;total;890750.00;52691324.00;53582072.00;52691323;890750;12723.00;36097.00;48820.00;36097;12723;0.00;0.00;0;0
1421249329;eth0;875070.00;52722232.00;53597304.00;52722233;875070;12501.00;36243.00;48744.00;36243;12501;0.00;0.00;0;0
1421249329;total;875070.00;52722232.00;53597304.00;52722233;875070;12501.00;36243.00;48744.00;36243;12501;0.00;0.00;0;0
1421249330;eth0;1066222.00;52737668.00;53803888.00;52737667;1066222;15232.00;36496.00;51728.00;36496;15232;0.00;0.00;0;0
1421249330;total;1066222.00;52737668.00;53803888.00;52737667;1066222;15232.00;36496.00;51728.00;36496;15232;0.00;0.00;0;0
1421249331;eth0;1188810.00;52754188.00;53942996.00;52754187;1188810;16983.00;36599.00;53582.00;36599;16983;0.00;0.00;0;0
1421249331;total;1188810.00;52754188.00;53942996.00;52754187;1188810;16983.00;36599.00;53582.00;36599;16983;0.00;0.00;0;0
1421249332;eth0;1208480.00;52758460.00;53966940.00;52758461;1208480;17265.00;36597.00;53862.00;36597;17265;0.00;0.00;0;0
1421249332;total;1208480.00;52758460.00;53966940.00;52758461;1208480;17265.00;36597.00;53862.00;36597;17265;0.00;0.00;0;0
1421249333;eth0;1114400.00;52744344.00;53858744.00;52744343;1114400;15920.00;36577.00;52497.00;36577;15920;0.00;0.00;0;0
1421249333;total;1114400.00;52744344.00;53858744.00;52744343;1114400;15920.00;36577.00;52497.00;36577;15920;0.00;0.00;0;0
1421249334;eth0;918540.00;52734892.00;53653432.00;52734891;918540;13121.00;36488.00;49609.00;36488;13121;0.00;0.00;0;0
1421249334;total;918540.00;52734892.00;53653432.00;52734891;918540;13121.00;36488.00;49609.00;36488;13121;0.00;0.00;0;0
1421249335;eth0;931176.00;52738880.00;53670056.00;52738881;931176;13302.00;36498.00;49800.00;36498;13302;0.00;0.00;0;0
1421249335;total;931176.00;52738880.00;53670056.00;52738881;931176;13302.00;36498.00;49800.00;36498;13302;0.00;0.00;0;0
1421249336;eth0;931420.00;52744708.00;53676128.00;52744707;931420;13306.00;36491.00;49797.00;36491;13306;0.00;0.00;0;0
1421249336;total;931420.00;52744708.00;53676128.00;52744707;931420;13306.00;36491.00;49797.00;36491;13306;0.00;0.00;0;0
1421249337;eth0;870240.00;52754880.00;53625120.00;52754881;870240;12432.00;36499.00;48931.00;36499;12432;0.00;0.00;0;0
1421249337;total;870240.00;52754880.00;53625120.00;52754881;870240;12432.00;36499.00;48931.00;36499;12432;0.00;0.00;0;0
1421249338;eth0;879900.00;52749004.00;53628904.00;52749005;879900;12570.00;36464.00;49034.00;36464;12570;0.00;0.00;0;0
1421249338;total;879900.00;52749004.00;53628904.00;52749005;879900;12570.00;36464.00;49034.00;36464;12570;0.00;0.00;0;0
1421249339;eth0;865900.00;52722620.00;53588520.00;52722619;865900;12370.00;36478.00;48848.00;36478;12370;0.00;0.00;0;0
1421249339;total;865900.00;52722620.00;53588520.00;52722619;865900;12370.00;36478.00;48848.00;36478;12370;0.00;0.00;0;0
1421249340;eth0;838104.00;52752032.00;53590136.00;52752031;838104;11973.00;36478.00;48451.00;36478;11973;0.00;0.00;0;0
1421249340;total;838104.00;52752032.00;53590136.00;52752031;838104;11973.00;36478.00;48451.00;36478;11973;0.00;0.00;0;0
1421249341;eth0;846440.00;52746572.00;53593012.00;52746571;846440;12092.00;36525.00;48617.00;36525;12092;0.00;0.00;0;0
1421249341;total;846440.00;52746572.00;53593012.00;52746571;846440;12092.00;36525.00;48617.00;36525;12092;0.00;0.00;0;0
1421249342;eth0;939470.00;52734688.00;53674156.00;52734687;939470;13421.00;36501.00;49922.00;36501;13421;0.00;0.00;0;0
1421249342;total;939470.00;52734688.00;53674156.00;52734687;939470;13421.00;36501.00;49922.00;36501;13421;0.00;0.00;0;0
1421249343;eth0;986440.00;52643376.00;53629816.00;52643375;986440;14092.00;36481.00;50573.00;36481;14092;0.00;0.00;0;0
1421249343;total;986440.00;52643376.00;53629816.00;52643375;986440;14092.00;36481.00;50573.00;36481;14092;0.00;0.00;0;0
1421249344;eth0;1083040.00;52752024.00;53835064.00;52752023;1083040;15472.00;36602.00;52074.00;36602;15472;0.00;0.00;0;0
1421249344;total;1083040.00;52752024.00;53835064.00;52752023;1083040;15472.00;36602.00;52074.00;36602;15472;0.00;0.00;0;0
1421249345;eth0;1058056.00;52759888.00;53817944.00;52759889;1058056;14997.00;36610.00;51607.00;36610;14997;0.00;0.00;0;0
1421249345;total;1058056.00;52759888.00;53817944.00;52759889;1058056;14997.00;36610.00;51607.00;36610;14997;0.00;0.00;0;0
1421249346;eth0;871080.00;52743300.00;53614380.00;52743301;871080;12443.00;36596.00;49039.00;36596;12443;0.00;0.00;0;0
1421249346;total;871080.00;52743300.00;53614380.00;52743301;871080;12443.00;36596.00;49039.00;36596;12443;0.00;0.00;0;0
1421249347;eth0;875952.00;52748828.00;53624780.00;52748829;875952;12502.00;36614.00;49116.00;36614;12502;0.00;0.00;0;0
1421249347;total;875952.00;52748828.00;53624780.00;52748829;875952;12502.00;36614.00;49116.00;36614;12502;0.00;0.00;0;0
1421249348;eth0;896350.00;52753548.00;53649896.00;52753548;896350;12805.00;36603.00;49408.00;36603;12805;0.00;0.00;0;0
1421249348;total;896350.00;52753548.00;53649896.00;52753548;896350;12805.00;36603.00;49408.00;36603;12805;0.00;0.00;0;0
1421249349;eth0;895440.00;52753332.00;53648772.00;52753333;895440;12792.00;36602.00;49394.00;36602;12792;0.00;0.00;0;0
1421249349;total;895440.00;52753332.00;53648772.00;52753333;895440;12792.00;36602.00;49394.00;36602;12792;0.00;0.00;0;0
1421249350;eth0;894390.00;52751752.00;53646140.00;52751751;894390;12777.00;36598.00;49375.00;36598;12777;0.00;0.00;0;0
1421249350;total;894390.00;52751752.00;53646140.00;52751751;894390;12777.00;36598.00;49375.00;36598;12777;0.00;0.00;0;0
1421249351;eth0;913920.00;52730500.00;53644420.00;52730499;913920;13056.00;36585.00;49641.00;36585;13056;0.00;0.00;0;0
1421249351;total;913920.00;52730500.00;53644420.00;52730499;913920;13056.00;36585.00;49641.00;36585;13056;0.00;0.00;0;0
1421249352;eth0;887722.00;52753460.00;53641184.00;52753461;887722;12682.00;36603.00;49285.00;36603;12682;0.00;0.00;0;0
1421249352;total;887722.00;52753460.00;53641184.00;52753461;887722;12682.00;36603.00;49285.00;36603;12682;0.00;0.00;0;0
1421249353;eth0;855610.00;52748780.00;53604388.00;52748779;855610;12223.00;36598.00;48821.00;36598;12223;0.00;0.00;0;0
1421249353;total;855610.00;52748780.00;53604388.00;52748779;855610;12223.00;36598.00;48821.00;36598;12223;0.00;0.00;0;0
1421249354;eth0;873390.00;52745284.00;53618672.00;52745283;873390;12477.00;36597.00;49074.00;36597;12477;0.00;0.00;0;0
1421249354;total;873390.00;52745284.00;53618672.00;52745283;873390;12477.00;36597.00;49074.00;36597;12477;0.00;0.00;0;0
1421249355;eth0;868316.00;52743304.00;53611620.00;52743305;868316;12404.00;36596.00;49000.00;36596;12404;0.00;0.00;0;0
1421249355;total;868316.00;52743304.00;53611620.00;52743305;868316;12404.00;36596.00;49000.00;36596;12404;0.00;0.00;0;0
1421249356;eth0;854560.00;52764160.00;53618720.00;52764161;854560;12208.00;36609.00;48817.00;36609;12208;0.00;0.00;0;0
1421249356;total;854560.00;52764160.00;53618720.00;52764161;854560;12208.00;36609.00;48817.00;36609;12208;0.00;0.00;0;0
1421249357;eth0;1145970.00;52721448.00;53867416.00;52721447;1145970;16371.00;36533.00;52904.00;36533;16371;0.00;0.00;0;0
1421249357;total;1145970.00;52721448.00;53867416.00;52721447;1145970;16371.00;36533.00;52904.00;36533;16371;0.00;0.00;0;0
1421249358;eth0;957390.00;52742384.00;53699776.00;52742385;957390;13677.00;36534.00;50211.00;36534;13677;0.00;0.00;0;0
1421249358;total;957390.00;52742384.00;53699776.00;52742385;957390;13677.00;36534.00;50211.00;36534;13677;0.00;0.00;0;0
1421249359;eth0;941150.00;52750440.00;53691588.00;52750439;941150;13445.00;36539.00;49984.00;36539;13445;0.00;0.00;0;0
1421249359;total;941150.00;52750440.00;53691588.00;52750439;941150;13445.00;36539.00;49984.00;36539;13445;0.00;0.00;0;0
1421249360;eth0;933380.00;52752868.00;53686248.00;52752869;933380;13335.00;36552.00;49887.00;36552;13335;0.00;0.00;0;0
1421249360;total;933380.00;52752868.00;53686248.00;52752869;933380;13335.00;36552.00;49887.00;36552;13335;0.00;0.00;0;0
1421249361;eth0;904890.00;52714548.00;53619436.00;52714547;904890;12926.00;36517.00;49443.00;36517;12926;0.00;0.00;0;0
1421249361;total;904890.00;52714548.00;53619436.00;52714547;904890;12926.00;36517.00;49443.00;36517;12926;0.00;0.00;0;0
1421249362;eth0;790370.00;52745056.00;53535424.00;52745055;790370;11292.00;36462.00;47754.00;36462;11292;0.00;0.00;0;0
1421249362;total;790370.00;52745056.00;53535424.00;52745055;790370;11292.00;36462.00;47754.00;36462;11292;0.00;0.00;0;0
1421249363;eth0;823060.00;52741880.00;53564940.00;52741881;823060;11757.00;36458.00;48215.00;36458;11757;0.00;0.00;0;0
1421249363;total;823060.00;52741880.00;53564940.00;52741881;823060;11757.00;36458.00;48215.00;36458;11757;0.00;0.00;0;0
1421249364;eth0;950180.00;52718672.00;53668852.00;52718671;950180;13574.00;36526.00;50100.00;36526;13574;0.00;0.00;0;0
1421249364;total;950180.00;52718672.00;53668852.00;52718671;950180;13574.00;36526.00;50100.00;36526;13574;0.00;0.00;0;0
1421249365;eth0;950566.00;52751292.00;53701856.00;52751291;950566;13578.00;36599.00;50177.00;36599;13578;0.00;0.00;0;0
1421249365;total;950566.00;52751292.00;53701856.00;52751291;950566;13578.00;36599.00;50177.00;36599;13578;0.00;0.00;0;0
1421249366;eth0;934850.00;52750296.00;53685148.00;52750297;934850;13355.00;36599.00;49954.00;36599;13355;0.00;0.00;0;0
1421249366;total;934850.00;52750296.00;53685148.00;52750297;934850;13355.00;36599.00;49954.00;36599;13355;0.00;0.00;0;0
1421249367;eth0;891936.00;52566112.00;53458048.00;52566111;891936;12735.00;36189.00;48924.00;36189;12735;0.00;0.00;0;0
1421249367;total;891936.00;52566112.00;53458048.00;52566111;891936;12735.00;36189.00;48924.00;36189;12735;0.00;0.00;0;0
1421249368;eth0;859110.00;52740248.00;53599356.00;52740247;859110;12273.00;36163.00;48436.00;36163;12273;0.00;0.00;0;0
1421249368;total;859110.00;52740248.00;53599356.00;52740247;859110;12273.00;36163.00;48436.00;36163;12273;0.00;0.00;0;0
1421249369;eth0;922950.00;52742084.00;53665036.00;52742085;922950;13186.00;36336.00;49522.00;36336;13186;0.00;0.00;0;0
1421249369;total;922950.00;52742084.00;53665036.00;52742085;922950;13186.00;36336.00;49522.00;36336;13186;0.00;0.00;0;0
1421249370;eth0;930784.00;52731516.00;53662300.00;52731517;930784;13297.00;36580.00;49877.00;36580;13297;0.00;0.00;0;0
1421249370;total;930784.00;52731516.00;53662300.00;52731517;930784;13297.00;36580.00;49877.00;36580;13297;0.00;0.00;0;0
1421249371;eth0;897540.00;52750896.00;53648436.00;52750895;897540;12821.00;36600.00;49421.00;36600;12821;0.00;0.00;0;0
1421249371;total;897540.00;52750896.00;53648436.00;52750895;897540;12821.00;36600.00;49421.00;36600;12821;0.00;0.00;0;0
1421249372;eth0;899360.00;52736432.00;53635792.00;52736433;899360;12848.00;36589.00;49437.00;36589;12848;0.00;0.00;0;0
1421249372;total;899360.00;52736432.00;53635792.00;52736433;899360;12848.00;36589.00;49437.00;36589;12848;0.00;0.00;0;0
1421249373;eth0;903140.00;52766012.00;53669152.00;52766011;903140;12902.00;36608.00;49510.00;36608;12902;0.00;0.00;0;0
1421249373;total;903140.00;52766012.00;53669152.00;52766011;903140;12902.00;36608.00;49510.00;36608;12902;0.00;0.00;0;0
1421249374;eth0;902842.00;52748052.00;53650892.00;52748051;902842;12898.00;36601.00;49499.00;36601;12898;0.00;0.00;0;0
1421249374;total;902842.00;52748052.00;53650892.00;52748051;902842;12898.00;36601.00;49499.00;36601;12898;0.00;0.00;0;0
1421249375;eth0;883576.00;52749912.00;53633488.00;52749911;883576;12622.00;36600.00;49222.00;36600;12622;0.00;0.00;0;0
1421249375;total;883576.00;52749912.00;53633488.00;52749911;883576;12622.00;36600.00;49222.00;36600;12622;0.00;0.00;0;0
1421249376;eth0;897470.00;52735116.00;53632588.00;52735117;897470;12823.00;36589.00;49412.00;36589;12823;0.00;0.00;0;0
1421249376;total;897470.00;52735116.00;53632588.00;52735117;897470;12823.00;36589.00;49412.00;36589;12823;0.00;0.00;0;0
1421249377;eth0;889700.00;52708576.00;53598276.00;52708575;889700;12708.00;36570.00;49278.00;36570;12708;0.00;0.00;0;0
1421249377;total;889700.00;52708576.00;53598276.00;52708575;889700;12708.00;36570.00;49278.00;36570;12708;0.00;0.00;0;0
1421249378;eth0;1092140.00;52588624.00;53680764.00;52588625;1092140;15602.00;36488.00;52090.00;36488;15602;0.00;0.00;0;0
1421249378;total;1092140.00;52588624.00;53680764.00;52588625;1092140;15602.00;36488.00;52090.00;36488;15602;0.00;0.00;0;0
1421249379;eth0;1230950.00;52771292.00;54002240.00;52771291;1230950;17586.00;36615.00;54201.00;36615;17586;0.00;0.00;0;0
1421249379;total;1230950.00;52771292.00;54002240.00;52771291;1230950;17586.00;36615.00;54201.00;36615;17586;0.00;0.00;0;0
1421249380;eth0;869820.00;52743652.00;53613472.00;52743652;869820;12307.00;36599.00;48906.00;36599;12307;0.00;0.00;0;0
1421249380;total;869820.00;52743652.00;53613472.00;52743652;869820;12307.00;36599.00;48906.00;36599;12307;0.00;0.00;0;0
1421249381;eth0;921480.00;52744224.00;53665704.00;52744225;921480;13163.00;36595.00;49758.00;36595;13163;0.00;0.00;0;0
1421249381;total;921480.00;52744224.00;53665704.00;52744225;921480;13163.00;36595.00;49758.00;36595;13163;0.00;0.00;0;0
1421249382;eth0;899290.00;52745284.00;53644572.00;52745283;899290;12847.00;36596.00;49443.00;36596;12847;0.00;0.00;0;0
1421249382;total;899290.00;52745284.00;53644572.00;52745283;899290;12847.00;36596.00;49443.00;36596;12847;0.00;0.00;0;0
1421249383;eth0;858340.00;52741656.00;53599996.00;52741655;858340;12263.00;36594.00;48857.00;36594;12263;0.00;0.00;0;0
1421249383;total;858340.00;52741656.00;53599996.00;52741655;858340;12263.00;36594.00;48857.00;36594;12263;0.00;0.00;0;0
1421249384;eth0;905100.00;52745680.00;53650780.00;52745679;905100;12929.00;36594.00;49523.00;36594;12929;0.00;0.00;0;0
1421249384;total;905100.00;52745680.00;53650780.00;52745679;905100;12929.00;36594.00;49523.00;36594;12929;0.00;0.00;0;0
1421249385;eth0;869540.00;52745220.00;53614760.00;52745219;869540;12422.00;36595.00;49017.00;36595;12422;0.00;0.00;0;0
1421249385;total;869540.00;52745220.00;53614760.00;52745219;869540;12422.00;36595.00;49017.00;36595;12422;0.00;0.00;0;0
1421249386;eth0;888440.00;52761456.00;53649896.00;52761457;888440;12693.00;36607.00;49300.00;36607;12693;0.00;0.00;0;0
1421249386;total;888440.00;52761456.00;53649896.00;52761457;888440;12693.00;36607.00;49300.00;36607;12693;0.00;0.00;0;0
1421249387;eth0;911760.00;52686396.00;53598156.00;52686395;911760;13017.00;36474.00;49491.00;36474;13017;0.00;0.00;0;0
1421249387;total;911760.00;52686396.00;53598156.00;52686395;911760;13017.00;36474.00;49491.00;36474;13017;0.00;0.00;0;0
1421249388;eth0;990290.00;52727768.00;53718056.00;52727767;990290;14148.00;36200.00;50348.00;36200;14148;0.00;0.00;0;0
1421249388;total;990290.00;52727768.00;53718056.00;52727767;990290;14148.00;36200.00;50348.00;36200;14148;0.00;0.00;0;0
1421249389;eth0;961520.00;52760828.00;53722348.00;52760829;961520;13735.00;36522.00;50257.00;36522;13735;0.00;0.00;0;0
1421249389;total;961520.00;52760828.00;53722348.00;52760829;961520;13735.00;36522.00;50257.00;36522;13735;0.00;0.00;0;0
1421249390;eth0;996380.00;52739948.00;53736328.00;52739947;996380;14234.00;36533.00;50767.00;36533;14234;0.00;0.00;0;0
1421249390;total;996380.00;52739948.00;53736328.00;52739947;996380;14234.00;36533.00;50767.00;36533;14234;0.00;0.00;0;0
1421249391;eth0;994490.00;52738380.00;53732868.00;52738379;994490;14208.00;36505.00;50713.00;36505;14208;0.00;0.00;0;0
1421249391;total;994490.00;52738380.00;53732868.00;52738379;994490;14208.00;36505.00;50713.00;36505;14208;0.00;0.00;0;0
1421249392;eth0;858194.00;52735540.00;53593732.00;52735539;858194;12259.00;36471.00;48730.00;36471;12259;0.00;0.00;0;0
1421249392;total;858194.00;52735540.00;53593732.00;52735539;858194;12259.00;36471.00;48730.00;36471;12259;0.00;0.00;0;0
1421249393;eth0;914200.00;52736944.00;53651144.00;52736945;914200;13060.00;36491.00;49551.00;36491;13060;0.00;0.00;0;0
1421249393;total;914200.00;52736944.00;53651144.00;52736945;914200;13060.00;36491.00;49551.00;36491;13060;0.00;0.00;0;0
1421249394;eth0;916720.00;52749236.00;53665956.00;52749235;916720;13096.00;36502.00;49598.00;36502;13096;0.00;0.00;0;0
1421249394;total;916720.00;52749236.00;53665956.00;52749235;916720;13096.00;36502.00;49598.00;36502;13096;0.00;0.00;0;0
1421249395;eth0;953296.00;52749792.00;53703088.00;52749791;953296;13618.00;36507.00;50125.00;36507;13618;0.00;0.00;0;0
1421249395;total;953296.00;52749792.00;53703088.00;52749791;953296;13618.00;36507.00;50125.00;36507;13618;0.00;0.00;0;0
1421249396;eth0;943232.00;52734632.00;53677864.00;52734631;943232;13476.00;36494.00;49970.00;36494;13476;0.00;0.00;0;0
1421249396;total;943232.00;52734632.00;53677864.00;52734631;943232;13476.00;36494.00;49970.00;36494;13476;0.00;0.00;0;0
1421249397;eth0;912100.00;52512628.00;53424728.00;52512629;912100;13029.00;36052.00;49081.00;36052;13029;0.00;0.00;0;0
1421249397;total;912100.00;52512628.00;53424728.00;52512629;912100;13029.00;36052.00;49081.00;36052;13029;0.00;0.00;0;0
1421249398;eth0;919240.00;52654376.00;53573616.00;52654375;919240;13132.00;36451.00;49583.00;36451;13132;0.00;0.00;0;0
1421249398;total;919240.00;52654376.00;53573616.00;52654375;919240;13132.00;36451.00;49583.00;36451;13132;0.00;0.00;0;0
1421249399;eth0;920080.00;52754392.00;53674472.00;52754391;920080;13145.00;36603.00;49748.00;36603;13145;0.00;0.00;0;0
1421249399;total;920080.00;52754392.00;53674472.00;52754391;920080;13145.00;36603.00;49748.00;36603;13145;0.00;0.00;0;0
1421249400;eth0;914410.00;52748384.00;53662792.00;52748383;914410;13062.00;36598.00;49660.00;36598;13062;0.00;0.00;0;0
1421249400;total;914410.00;52748384.00;53662792.00;52748383;914410;13062.00;36598.00;49660.00;36598;13062;0.00;0.00;0;0
1421249401;eth0;918400.00;52752340.00;53670740.00;52752339;918400;13120.00;36602.00;49722.00;36602;13120;0.00;0.00;0;0
1421249401;total;918400.00;52752340.00;53670740.00;52752339;918400;13120.00;36602.00;49722.00;36602;13120;0.00;0.00;0;0
1421249402;eth0;908896.00;52743064.00;53651960.00;52743063;908896;12982.00;36602.00;49584.00;36602;12982;0.00;0.00;0;0
1421249402;total;908896.00;52743064.00;53651960.00;52743063;908896;12982.00;36602.00;49584.00;36602;12982;0.00;0.00;0;0
1421249403;eth0;913780.00;52751356.00;53665136.00;52751355;913780;13054.00;36600.00;49654.00;36600;13054;0.00;0.00;0;0
1421249403;total;913780.00;52751356.00;53665136.00;52751355;913780;13054.00;36600.00;49654.00;36600;13054;0.00;0.00;0;0
1421249404;eth0;909930.00;52723296.00;53633224.00;52723295;909930;12999.00;36580.00;49579.00;36580;12999;0.00;0.00;0;0
1421249404;total;909930.00;52723296.00;53633224.00;52723295;909930;12999.00;36580.00;49579.00;36580;12999;0.00;0.00;0;0
1421249405;eth0;964530.00;52562164.00;53526692.00;52562163;964530;13780.00;36469.00;50249.00;36469;13780;0.00;0.00;0;0
1421249405;total;964530.00;52562164.00;53526692.00;52562163;964530;13780.00;36469.00;50249.00;36469;13780;0.00;0.00;0;0
1421249406;eth0;881020.00;52745220.00;53626240.00;52745219;881020;12585.00;36595.00;49180.00;36595;12585;0.00;0.00;0;0
1421249406;total;881020.00;52745220.00;53626240.00;52745219;881020;12585.00;36595.00;49180.00;36595;12585;0.00;0.00;0;0
1421249407;eth0;912346.00;52289768.00;53202112.00;52289767;912346;13022.00;36166.00;49188.00;36166;13022;0.00;0.00;0;0
1421249407;total;912346.00;52289768.00;53202112.00;52289767;912346;13022.00;36166.00;49188.00;36166;13022;0.00;0.00;0;0
1421249408;eth0;858996.00;52643220.00;53502216.00;52643219;858996;12269.00;35991.00;48260.00;35991;12269;0.00;0.00;0;0
1421249408;total;858996.00;52643220.00;53502216.00;52643219;858996;12269.00;35991.00;48260.00;35991;12269;0.00;0.00;0;0
1421249409;eth0;869540.00;52748864.00;53618404.00;52748865;869540;12422.00;36192.00;48614.00;36192;12422;0.00;0.00;0;0
1421249409;total;869540.00;52748864.00;53618404.00;52748865;869540;12422.00;36192.00;48614.00;36192;12422;0.00;0.00;0;0
1421249410;eth0;935550.00;52738632.00;53674180.00;52738631;935550;13365.00;36390.00;49755.00;36390;13365;0.00;0.00;0;0
1421249410;total;935550.00;52738632.00;53674180.00;52738631;935550;13365.00;36390.00;49755.00;36390;13365;0.00;0.00;0;0
1421249411;eth0;1136660.00;52744232.00;53880896.00;52744234;1136660;16239.00;36581.00;52820.00;36581;16239;0.00;0.00;0;0
1421249411;total;1136660.00;52744232.00;53880896.00;52744234;1136660;16239.00;36581.00;52820.00;36581;16239;0.00;0.00;0;0
1421249412;eth0;904260.00;52737260.00;53641520.00;52737259;904260;12917.00;36489.00;49406.00;36489;12917;0.00;0.00;0;0
1421249412;total;904260.00;52737260.00;53641520.00;52737259;904260;12917.00;36489.00;49406.00;36489;12917;0.00;0.00;0;0
1421249413;eth0;919520.00;52738160.00;53657680.00;52738159;919520;13136.00;36515.00;49651.00;36515;13136;0.00;0.00;0;0
1421249413;total;919520.00;52738160.00;53657680.00;52738159;919520;13136.00;36515.00;49651.00;36515;13136;0.00;0.00;0;0
1421249414;eth0;912800.00;52747680.00;53660480.00;52747681;912800;13040.00;36494.00;49534.00;36494;13040;0.00;0.00;0;0
1421249414;total;912800.00;52747680.00;53660480.00;52747681;912800;13040.00;36494.00;49534.00;36494;13040;0.00;0.00;0;0
1421249415;eth0;958278.00;52746544.00;53704824.00;52746545;958278;13451.00;36499.00;49950.00;36499;13451;0.00;0.00;0;0
1421249415;total;958278.00;52746544.00;53704824.00;52746545;958278;13451.00;36499.00;49950.00;36499;13451;0.00;0.00;0;0
1421249416;eth0;940800.00;52712944.00;53653744.00;52712943;940800;13440.00;36527.00;49967.00;36527;13440;0.00;0.00;0;0
1421249416;total;940800.00;52712944.00;53653744.00;52712943;940800;13440.00;36527.00;49967.00;36527;13440;0.00;0.00;0;0
1421249417;eth0;937842.00;52761116.00;53698956.00;52761115;937842;13398.00;36609.00;50007.00;36609;13398;0.00;0.00;0;0
1421249417;total;937842.00;52761116.00;53698956.00;52761115;937842;13398.00;36609.00;50007.00;36609;13398;0.00;0.00;0;0
1421249418;eth0;915740.00;52752412.00;53668152.00;52752413;915740;13082.00;36601.00;49683.00;36601;13082;0.00;0.00;0;0
1421249418;total;915740.00;52752412.00;53668152.00;52752413;915740;13082.00;36601.00;49683.00;36601;13082;0.00;0.00;0;0
1421249419;eth0;902370.00;52734984.00;53637352.00;52734983;902370;12891.00;36587.00;49478.00;36587;12891;0.00;0.00;0;0
1421249419;total;902370.00;52734984.00;53637352.00;52734983;902370;12891.00;36587.00;49478.00;36587;12891;0.00;0.00;0;0
1421249420;eth0;838950.00;52755568.00;53594520.00;52755569;838950;11985.00;36536.00;48521.00;36536;11985;0.00;0.00;0;0
1421249420;total;838950.00;52755568.00;53594520.00;52755569;838950;11985.00;36536.00;48521.00;36536;11985;0.00;0.00;0;0
1421249421;eth0;826350.00;52735584.00;53561936.00;52735585;826350;11806.00;36465.00;48271.00;36465;11806;0.00;0.00;0;0
1421249421;total;826350.00;52735584.00;53561936.00;52735585;826350;11806.00;36465.00;48271.00;36465;11806;0.00;0.00;0;0
1421249422;eth0;886200.00;52736700.00;53622900.00;52736699;886200;12659.00;36481.00;49140.00;36481;12659;0.00;0.00;0;0
1421249422;total;886200.00;52736700.00;53622900.00;52736699;886200;12659.00;36481.00;49140.00;36481;12659;0.00;0.00;0;0
1421249423;eth0;804160.00;52745456.00;53549616.00;52745455;804160;11488.00;36481.00;47969.00;36481;11488;0.00;0.00;0;0
1421249423;total;804160.00;52745456.00;53549616.00;52745455;804160;11488.00;36481.00;47969.00;36481;11488;0.00;0.00;0;0
1421249424;eth0;911190.00;52740744.00;53651932.00;52740743;911190;13017.00;36504.00;49521.00;36504;13017;0.00;0.00;0;0
1421249424;total;911190.00;52740744.00;53651932.00;52740743;911190;13017.00;36504.00;49521.00;36504;13017;0.00;0.00;0;0
1421249425;eth0;923370.00;52749192.00;53672564.00;52749193;923370;13192.00;36493.00;49685.00;36493;13192;0.00;0.00;0;0
1421249425;total;923370.00;52749192.00;53672564.00;52749193;923370;13192.00;36493.00;49685.00;36493;13192;0.00;0.00;0;0
1421249426;eth0;859040.00;52686348.00;53545388.00;52686347;859040;12271.00;36480.00;48751.00;36480;12271;0.00;0.00;0;0
1421249426;total;859040.00;52686348.00;53545388.00;52686347;859040;12271.00;36480.00;48751.00;36480;12271;0.00;0.00;0;0
1421249427;eth0;1003568.00;52755984.00;53759552.00;52755983;1003568;14330.00;36603.00;50933.00;36603;14330;0.00;0.00;0;0
1421249427;total;1003568.00;52755984.00;53759552.00;52755983;1003568;14330.00;36603.00;50933.00;36603;14330;0.00;0.00;0;0
1421249428;eth0;1075436.00;52750764.00;53826200.00;52750763;1075436;15362.00;36600.00;51962.00;36600;15362;0.00;0.00;0;0
1421249428;total;1075436.00;52750764.00;53826200.00;52750763;1075436;15362.00;36600.00;51962.00;36600;15362;0.00;0.00;0;0
1421249429;eth0;880530.00;52650312.00;53530840.00;52650311;880530;12579.00;36518.00;49097.00;36518;12579;0.00;0.00;0;0
1421249429;total;880530.00;52650312.00;53530840.00;52650311;880530;12579.00;36518.00;49097.00;36518;12579;0.00;0.00;0;0
1421249430;eth0;894530.00;52763312.00;53657844.00;52763313;894530;12779.00;36184.00;48963.00;36184;12779;0.00;0.00;0;0
1421249430;total;894530.00;52763312.00;53657844.00;52763313;894530;12779.00;36184.00;48963.00;36184;12779;0.00;0.00;0;0
1421249431;eth0;886480.00;52757760.00;53644240.00;52757759;886480;12664.00;36304.00;48968.00;36304;12664;0.00;0.00;0;0
1421249431;total;886480.00;52757760.00;53644240.00;52757759;886480;12664.00;36304.00;48968.00;36304;12664;0.00;0.00;0;0
1421249432;eth0;863934.00;52744436.00;53608372.00;52744437;863934;12342.00;36473.00;48815.00;36473;12342;0.00;0.00;0;0
1421249432;total;863934.00;52744436.00;53608372.00;52744437;863934;12342.00;36473.00;48815.00;36473;12342;0.00;0.00;0;0
1421249433;eth0;919940.00;52662572.00;53582512.00;52662571;919940;13142.00;36431.00;49573.00;36431;13142;0.00;0.00;0;0
1421249433;total;919940.00;52662572.00;53582512.00;52662571;919940;13142.00;36431.00;49573.00;36431;13142;0.00;0.00;0;0
1421249434;eth0;840350.00;52101880.00;52942232.00;52101881;840350;12005.00;36068.00;48073.00;36068;12005;0.00;0.00;0;0
1421249434;total;840350.00;52101880.00;52942232.00;52101881;840350;12005.00;36068.00;48073.00;36068;12005;0.00;0.00;0;0
1421249435;eth0;902616.00;52748916.00;53651532.00;52748917;902616;12895.00;36600.00;49495.00;36600;12895;0.00;0.00;0;0
1421249435;total;902616.00;52748916.00;53651532.00;52748917;902616;12895.00;36600.00;49495.00;36600;12895;0.00;0.00;0;0
1421249436;eth0;939540.00;52755908.00;53695448.00;52755909;939540;13421.00;36603.00;50024.00;36603;13421;0.00;0.00;0;0
1421249436;total;939540.00;52755908.00;53695448.00;52755909;939540;13421.00;36603.00;50024.00;36603;13421;0.00;0.00;0;0
1421249437;eth0;915110.00;52741712.00;53656824.00;52741713;915110;13073.00;36594.00;49667.00;36594;13073;0.00;0.00;0;0
1421249437;total;915110.00;52741712.00;53656824.00;52741713;915110;13073.00;36594.00;49667.00;36594;13073;0.00;0.00;0;0
1421249438;eth0;847840.00;52538320.00;53386160.00;52538321;847840;12112.00;36247.00;48359.00;36247;12112;0.00;0.00;0;0
1421249438;total;847840.00;52538320.00;53386160.00;52538321;847840;12112.00;36247.00;48359.00;36247;12112;0.00;0.00;0;0
1421249439;eth0;965142.00;52753336.00;53718476.00;52753335;965142;13789.00;36227.00;50016.00;36227;13789;0.00;0.00;0;0
1421249439;total;965142.00;52753336.00;53718476.00;52753335;965142;13789.00;36227.00;50016.00;36227;13789;0.00;0.00;0;0
1421249440;eth0;980554.00;52739156.00;53719708.00;52739155;980554;14008.00;36516.00;50524.00;36516;14008;0.00;0.00;0;0
1421249440;total;980554.00;52739156.00;53719708.00;52739155;980554;14008.00;36516.00;50524.00;36516;14008;0.00;0.00;0;0
1421249441;eth0;1028020.00;52743348.00;53771368.00;52743347;1028020;14685.00;36542.00;51227.00;36542;14685;0.00;0.00;0;0
1421249441;total;1028020.00;52743348.00;53771368.00;52743347;1028020;14685.00;36542.00;51227.00;36542;14685;0.00;0.00;0;0
1421249442;eth0;845040.00;52740384.00;53585424.00;52740385;845040;12073.00;36587.00;48660.00;36587;12073;0.00;0.00;0;0
1421249442;total;845040.00;52740384.00;53585424.00;52740385;845040;12073.00;36587.00;48660.00;36587;12073;0.00;0.00;0;0
1421249443;eth0;869890.00;52640528.00;53510416.00;52640526;869890;12427.00;36524.00;48951.00;36524;12427;0.00;0.00;0;0
1421249443;total;869890.00;52640528.00;53510416.00;52640526;869890;12427.00;36524.00;48951.00;36524;12427;0.00;0.00;0;0
1421249444;eth0;910000.00;52744288.00;53654288.00;52744289;910000;12999.00;36596.00;49595.00;36596;12999;0.00;0.00;0;0
1421249444;total;910000.00;52744288.00;53654288.00;52744289;910000;12999.00;36596.00;49595.00;36596;12999;0.00;0.00;0;0
1421249445;eth0;873456.00;52746608.00;53620064.00;52746607;873456;12476.00;36599.00;49075.00;36599;12476;0.00;0.00;0;0
1421249445;total;873456.00;52746608.00;53620064.00;52746607;873456;12476.00;36599.00;49075.00;36599;12476;0.00;0.00;0;0
1421249446;eth0;1075970.00;52723956.00;53799928.00;52723957;1075970;15371.00;36583.00;51954.00;36583;15371;0.00;0.00;0;0
1421249446;total;1075970.00;52723956.00;53799928.00;52723957;1075970;15371.00;36583.00;51954.00;36583;15371;0.00;0.00;0;0
1421249447;eth0;957600.00;52763500.00;53721100.00;52763499;957600;13680.00;36608.00;50288.00;36608;13680;0.00;0.00;0;0
1421249447;total;957600.00;52763500.00;53721100.00;52763499;957600;13680.00;36608.00;50288.00;36608;13680;0.00;0.00;0;0
1421249448;eth0;1006526.00;52675680.00;53682208.00;52675681;1006526;14374.00;36149.00;50523.00;36149;14374;0.00;0.00;0;0
1421249448;total;1006526.00;52675680.00;53682208.00;52675681;1006526;14374.00;36149.00;50523.00;36149;14374;0.00;0.00;0;0
1421249449;eth0;909300.00;52753916.00;53663216.00;52753915;909300;12989.00;36297.00;49286.00;36297;12989;0.00;0.00;0;0
1421249449;total;909300.00;52753916.00;53663216.00;52753915;909300;12989.00;36297.00;49286.00;36297;12989;0.00;0.00;0;0
1421249450;eth0;1014726.00;52738196.00;53752920.00;52738195;1014726;14377.00;36535.00;50912.00;36535;14377;0.00;0.00;0;0
1421249450;total;1014726.00;52738196.00;53752920.00;52738195;1014726;14377.00;36535.00;50912.00;36535;14377;0.00;0.00;0;0
1421249451;eth0;1031520.00;52733096.00;53764616.00;52733097;1031520;14736.00;36498.00;51234.00;36498;14736;0.00;0.00;0;0
1421249451;total;1031520.00;52733096.00;53764616.00;52733097;1031520;14736.00;36498.00;51234.00;36498;14736;0.00;0.00;0;0
1421249452;eth0;937020.00;52750404.00;53687424.00;52750403;937020;13387.00;36497.00;49884.00;36497;13387;0.00;0.00;0;0
1421249452;total;937020.00;52750404.00;53687424.00;52750403;937020;13387.00;36497.00;49884.00;36497;13387;0.00;0.00;0;0
1421249453;eth0;888580.00;52736304.00;53624884.00;52736303;888580;12694.00;36509.00;49203.00;36509;12694;0.00;0.00;0;0
1421249453;total;888580.00;52736304.00;53624884.00;52736303;888580;12694.00;36509.00;49203.00;36509;12694;0.00;0.00;0;0
1421249454;eth0;940520.00;52738672.00;53679192.00;52738673;940520;13436.00;36494.00;49930.00;36494;13436;0.00;0.00;0;0
1421249454;total;940520.00;52738672.00;53679192.00;52738673;940520;13436.00;36494.00;49930.00;36494;13436;0.00;0.00;0;0
1421249455;eth0;888124.00;52673912.00;53562036.00;52673913;888124;12685.00;36483.00;49168.00;36483;12685;0.00;0.00;0;0
1421249455;total;888124.00;52673912.00;53562036.00;52673913;888124;12685.00;36483.00;49168.00;36483;12685;0.00;0.00;0;0
1421249456;eth0;892920.00;52759008.00;53651928.00;52759009;892920;12756.00;36606.00;49362.00;36606;12756;0.00;0.00;0;0
1421249456;total;892920.00;52759008.00;53651928.00;52759009;892920;12756.00;36606.00;49362.00;36606;12756;0.00;0.00;0;0
1421249457;eth0;913360.00;52752476.00;53665836.00;52752477;913360;13048.00;36601.00;49649.00;36601;13048;0.00;0.00;0;0
1421249457;total;913360.00;52752476.00;53665836.00;52752477;913360;13048.00;36601.00;49649.00;36601;13048;0.00;0.00;0;0
1421249458;eth0;899710.00;52686988.00;53586700.00;52686989;899710;12854.00;36463.00;49317.00;36463;12854;0.00;0.00;0;0
1421249458;total;899710.00;52686988.00;53586700.00;52686989;899710;12854.00;36463.00;49317.00;36463;12854;0.00;0.00;0;0
1421249459;eth0;899570.00;52751356.00;53650928.00;52751357;899570;12850.00;36367.00;49217.00;36367;12850;0.00;0.00;0;0
1421249459;total;899570.00;52751356.00;53650928.00;52751357;899570;12850.00;36367.00;49217.00;36367;12850;0.00;0.00;0;0
1421249460;eth0;861484.00;52727600.00;53589084.00;52727599;861484;12307.00;36459.00;48766.00;36459;12307;0.00;0.00;0;0
1421249460;total;861484.00;52727600.00;53589084.00;52727599;861484;12307.00;36459.00;48766.00;36459;12307;0.00;0.00;0;0
1421249461;eth0;872392.00;52752508.00;53624900.00;52752509;872392;12465.00;36486.00;48951.00;36486;12465;0.00;0.00;0;0
1421249461;total;872392.00;52752508.00;53624900.00;52752509;872392;12465.00;36486.00;48951.00;36486;12465;0.00;0.00;0;0
1421249462;eth0;925750.00;52742276.00;53668024.00;52742275;925750;13224.00;36505.00;49729.00;36505;13224;0.00;0.00;0;0
1421249462;total;925750.00;52742276.00;53668024.00;52742275;925750;13224.00;36505.00;49729.00;36505;13224;0.00;0.00;0;0
1421249463;eth0;909020.00;52733448.00;53642468.00;52733447;909020;12986.00;36502.00;49488.00;36502;12986;0.00;0.00;0;0
1421249463;total;909020.00;52733448.00;53642468.00;52733447;909020;12986.00;36502.00;49488.00;36502;12986;0.00;0.00;0;0
1421249464;eth0;876680.00;52744340.00;53621020.00;52744339;876680;12524.00;36480.00;49004.00;36480;12524;0.00;0.00;0;0
1421249464;total;876680.00;52744340.00;53621020.00;52744339;876680;12524.00;36480.00;49004.00;36480;12524;0.00;0.00;0;0
1421249465;eth0;890330.00;52591404.00;53481732.00;52591403;890330;12718.00;36457.00;49175.00;36457;12718;0.00;0.00;0;0
1421249465;total;890330.00;52591404.00;53481732.00;52591403;890330;12718.00;36457.00;49175.00;36457;12718;0.00;0.00;0;0
1421249466;eth0;896140.00;52738676.00;53634816.00;52738677;896140;12802.00;36592.00;49394.00;36592;12802;0.00;0.00;0;0
1421249466;total;896140.00;52738676.00;53634816.00;52738677;896140;12802.00;36592.00;49394.00;36592;12802;0.00;0.00;0;0
1421249467;eth0;937502.00;52773716.00;53711216.00;52773715;937502;13381.00;36631.00;50012.00;36631;13381;0.00;0.00;0;0
1421249467;total;937502.00;52773716.00;53711216.00;52773715;937502;13381.00;36631.00;50012.00;36631;13381;0.00;0.00;0;0
1421249468;eth0;1222156.00;52744288.00;53966444.00;52744289;1222156;17458.00;36596.00;54054.00;36596;17458;0.00;0.00;0;0
1421249468;total;1222156.00;52744288.00;53966444.00;52744289;1222156;17458.00;36596.00;54054.00;36596;17458;0.00;0.00;0;0
1421249469;eth0;958930.00;52751952.00;53710884.00;52751953;958930;13700.00;36601.00;50301.00;36601;13700;0.00;0.00;0;0
1421249469;total;958930.00;52751952.00;53710884.00;52751953;958930;13700.00;36601.00;50301.00;36601;13700;0.00;0.00;0;0
1421249470;eth0;1042930.00;52744224.00;53787156.00;52744225;1042930;14898.00;36595.00;51493.00;36595;14898;0.00;0.00;0;0
1421249470;total;1042930.00;52744224.00;53787156.00;52744225;1042930;14898.00;36595.00;51493.00;36595;14898;0.00;0.00;0;0
1421249471;eth0;1243620.00;52765552.00;54009172.00;52765551;1243620;17766.00;36609.00;54375.00;36609;17766;0.00;0.00;0;0
1421249471;total;1243620.00;52765552.00;54009172.00;52765551;1243620;17766.00;36609.00;54375.00;36609;17766;0.00;0.00;0;0
1421249472;eth0;894040.00;52766932.00;53660972.00;52766931;894040;12772.00;36609.00;49381.00;36609;12772;0.00;0.00;0;0
1421249472;total;894040.00;52766932.00;53660972.00;52766931;894040;12772.00;36609.00;49381.00;36609;12772;0.00;0.00;0;0
1421249473;eth0;1025010.00;52745220.00;53770228.00;52745219;1025010;14643.00;36595.00;51238.00;36595;14643;0.00;0.00;0;0
1421249473;total;1025010.00;52745220.00;53770228.00;52745219;1025010;14643.00;36595.00;51238.00;36595;14643;0.00;0.00;0;0
1421249474;eth0;968450.00;52743180.00;53711632.00;52743180;968450;13835.00;36594.00;50429.00;36594;13835;0.00;0.00;0;0
1421249474;total;968450.00;52743180.00;53711632.00;52743180;968450;13835.00;36594.00;50429.00;36594;13835;0.00;0.00;0;0
1421249475;eth0;864816.00;52755000.00;53619816.00;52754999;864816;12354.00;36603.00;48957.00;36603;12354;0.00;0.00;0;0
1421249475;total;864816.00;52755000.00;53619816.00;52754999;864816;12354.00;36603.00;48957.00;36603;12354;0.00;0.00;0;0
1421249476;eth0;893270.00;52753332.00;53646604.00;52753333;893270;12762.00;36601.00;49363.00;36601;12762;0.00;0.00;0;0
1421249476;total;893270.00;52753332.00;53646604.00;52753333;893270;12762.00;36601.00;49363.00;36601;12762;0.00;0.00;0;0
1421249477;eth0;1145970.00;52710772.00;53856744.00;52710773;1145970;16370.00;36546.00;52916.00;36546;16370;0.00;0.00;0;0
1421249477;total;1145970.00;52710772.00;53856744.00;52710773;1145970;16370.00;36546.00;52916.00;36546;16370;0.00;0.00;0;0
1421249478;eth0;893550.00;52647648.00;53541200.00;52647649;893550;12765.00;36405.00;49170.00;36405;12765;0.00;0.00;0;0
1421249478;total;893550.00;52647648.00;53541200.00;52647649;893550;12765.00;36405.00;49170.00;36405;12765;0.00;0.00;0;0
1421249479;eth0;896000.00;52744352.00;53640352.00;52744353;896000;12801.00;36596.00;49397.00;36596;12801;0.00;0.00;0;0
1421249479;total;896000.00;52744352.00;53640352.00;52744353;896000;12801.00;36596.00;49397.00;36596;12801;0.00;0.00;0;0
1421249480;eth0;1274630.00;52791484.00;54066116.00;52791485;1274630;18209.00;36628.00;54837.00;36628;18209;0.00;0.00;0;0
1421249480;total;1274630.00;52791484.00;54066116.00;52791485;1274630;18209.00;36628.00;54837.00;36628;18209;0.00;0.00;0;0
1421249481;eth0;1218490.00;52758152.00;53976644.00;52758153;1218490;17406.00;36608.00;54014.00;36608;17406;0.00;0.00;0;0
1421249481;total;1218490.00;52758152.00;53976644.00;52758153;1218490;17406.00;36608.00;54014.00;36608;17406;0.00;0.00;0;0
1421249482;eth0;897400.00;52756304.00;53653704.00;52756305;897400;12820.00;36601.00;49421.00;36601;12820;0.00;0.00;0;0
1421249482;total;897400.00;52756304.00;53653704.00;52756305;897400;12820.00;36601.00;49421.00;36601;12820;0.00;0.00;0;0
1421249483;eth0;1060832.00;52674820.00;53735652.00;52674819;1060832;15155.00;36544.00;51699.00;36544;15155;0.00;0.00;0;0
1421249483;total;1060832.00;52674820.00;53735652.00;52674819;1060832;15155.00;36544.00;51699.00;36544;15155;0.00;0.00;0;0
1421249484;eth0;1109290.00;52680636.00;53789928.00;52680637;1109290;15847.00;36531.00;52378.00;36531;15847;0.00;0.00;0;0
1421249484;total;1109290.00;52680636.00;53789928.00;52680637;1109290;15847.00;36531.00;52378.00;36531;15847;0.00;0.00;0;0
1421249485;eth0;896000.00;52746204.00;53642204.00;52746203;896000;12800.00;36595.00;49395.00;36595;12800;0.00;0.00;0;0
1421249485;total;896000.00;52746204.00;53642204.00;52746203;896000;12800.00;36595.00;49395.00;36595;12800;0.00;0.00;0;0
1421249486;eth0;808200.00;52752808.00;53561008.00;52752809;808200;11544.00;36600.00;48144.00;36600;11544;0.00;0.00;0;0
1421249486;total;808200.00;52752808.00;53561008.00;52752809;808200;11544.00;36600.00;48144.00;36600;11544;0.00;0.00;0;0
1421249487;eth0;818790.00;52743764.00;53562556.00;52743765;818790;11697.00;36596.00;48293.00;36596;11697;0.00;0.00;0;0
1421249487;total;818790.00;52743764.00;53562556.00;52743765;818790;11697.00;36596.00;48293.00;36596;11697;0.00;0.00;0;0
1421249488;eth0;826066.00;52753996.00;53580060.00;52753995;826066;11795.00;36602.00;48397.00;36602;11795;0.00;0.00;0;0
1421249488;total;826066.00;52753996.00;53580060.00;52753995;826066;11795.00;36602.00;48397.00;36602;11795;0.00;0.00;0;0
1421249489;eth0;866040.00;52700452.00;53566492.00;52700451;866040;12372.00;36565.00;48937.00;36565;12372;0.00;0.00;0;0
1421249489;total;866040.00;52700452.00;53566492.00;52700451;866040;12372.00;36565.00;48937.00;36565;12372;0.00;0.00;0;0
1421249490;eth0;918750.00;52691824.00;53610576.00;52691825;918750;13125.00;36187.00;49312.00;36187;13125;0.00;0.00;0;0
1421249490;total;918750.00;52691824.00;53610576.00;52691825;918750;13125.00;36187.00;49312.00;36187;13125;0.00;0.00;0;0
1421249491;eth0;873244.00;52755112.00;53628356.00;52755111;873244;12476.00;36396.00;48872.00;36396;12476;0.00;0.00;0;0
1421249491;total;873244.00;52755112.00;53628356.00;52755111;873244;12476.00;36396.00;48872.00;36396;12476;0.00;0.00;0;0
1421249492;eth0;856590.00;52731620.00;53588212.00;52731621;856590;12236.00;36478.00;48714.00;36478;12236;0.00;0.00;0;0
1421249492;total;856590.00;52731620.00;53588212.00;52731621;856590;12236.00;36478.00;48714.00;36478;12236;0.00;0.00;0;0
1421249493;eth0;864220.00;52757472.00;53621692.00;52757471;864220;12346.00;36486.00;48832.00;36486;12346;0.00;0.00;0;0
1421249493;total;864220.00;52757472.00;53621692.00;52757471;864220;12346.00;36486.00;48832.00;36486;12346;0.00;0.00;0;0
1421249494;eth0;816200.00;52737480.00;53553680.00;52737481;816200;11660.00;36492.00;48152.00;36492;11660;0.00;0.00;0;0
1421249494;total;816200.00;52737480.00;53553680.00;52737481;816200;11660.00;36492.00;48152.00;36492;11660;0.00;0.00;0;0
1421249495;eth0;826876.00;52722492.00;53549368.00;52722493;826876;11812.00;36464.00;48276.00;36464;11812;0.00;0.00;0;0
1421249495;total;826876.00;52722492.00;53549368.00;52722493;826876;11812.00;36464.00;48276.00;36464;11812;0.00;0.00;0;0
1421249496;eth0;831950.00;52754652.00;53586604.00;52754653;831950;11885.00;36474.00;48359.00;36474;11885;0.00;0.00;0;0
1421249496;total;831950.00;52754652.00;53586604.00;52754653;831950;11885.00;36474.00;48359.00;36474;11885;0.00;0.00;0;0
1421249497;eth0;815278.00;52730188.00;53545468.00;52730189;815278;11645.00;36465.00;48110.00;36465;11645;0.00;0.00;0;0
1421249497;total;815278.00;52730188.00;53545468.00;52730189;815278;11645.00;36465.00;48110.00;36465;11645;0.00;0.00;0;0
1421249498;eth0;873180.00;52743404.00;53616584.00;52743405;873180;12474.00;36492.00;48966.00;36492;12474;0.00;0.00;0;0
1421249498;total;873180.00;52743404.00;53616584.00;52743405;873180;12474.00;36492.00;48966.00;36492;12474;0.00;0.00;0;0
1421249499;eth0;886410.00;52736092.00;53622500.00;52736091;886410;12663.00;36493.00;49156.00;36493;12663;0.00;0.00;0;0
1421249499;total;886410.00;52736092.00;53622500.00;52736091;886410;12663.00;36493.00;49156.00;36493;12663;0.00;0.00;0;0
1421249500;eth0;832014.00;52744884.00;53576896.00;52744883;832014;11886.00;36473.00;48359.00;36473;11886;0.00;0.00;0;0
1421249500;total;832014.00;52744884.00;53576896.00;52744883;832014;11886.00;36473.00;48359.00;36473;11886;0.00;0.00;0;0
1421249501;eth0;812980.00;52724596.00;53537576.00;52724597;812980;11614.00;36454.00;48068.00;36454;11614;0.00;0.00;0;0
1421249501;total;812980.00;52724596.00;53537576.00;52724597;812980;11614.00;36454.00;48068.00;36454;11614;0.00;0.00;0;0
1421249502;eth0;838390.00;52751268.00;53589660.00;52751269;838390;11977.00;36502.00;48479.00;36502;11977;0.00;0.00;0;0
1421249502;total;838390.00;52751268.00;53589660.00;52751269;838390;11977.00;36502.00;48479.00;36502;11977;0.00;0.00;0;0
1421249503;eth0;822360.00;52741824.00;53564184.00;52741823;822360;11748.00;36539.00;48287.00;36539;11748;0.00;0.00;0;0
1421249503;total;822360.00;52741824.00;53564184.00;52741823;822360;11748.00;36539.00;48287.00;36539;11748;0.00;0.00;0;0
1421249504;eth0;806522.00;52751532.00;53558052.00;52751531;806522;11522.00;36582.00;48104.00;36582;11522;0.00;0.00;0;0
1421249504;total;806522.00;52751532.00;53558052.00;52751531;806522;11522.00;36582.00;48104.00;36582;11522;0.00;0.00;0;0
1421249505;eth0;893410.00;52738816.00;53632224.00;52738815;893410;12764.00;36559.00;49323.00;36559;12764;0.00;0.00;0;0
1421249505;total;893410.00;52738816.00;53632224.00;52738815;893410;12764.00;36559.00;49323.00;36559;12764;0.00;0.00;0;0
1421249506;eth0;832370.00;52744812.00;53577184.00;52744812;832370;11890.00;36528.00;48418.00;36528;11890;0.00;0.00;0;0
1421249506;total;832370.00;52744812.00;53577184.00;52744812;832370;11890.00;36528.00;48418.00;36528;11890;0.00;0.00;0;0
1421249507;eth0;812340.00;52734780.00;53547120.00;52734781;812340;11602.00;36460.00;48062.00;36460;11602;0.00;0.00;0;0
1421249507;total;812340.00;52734780.00;53547120.00;52734781;812340;11602.00;36460.00;48062.00;36460;11602;0.00;0.00;0;0
1421249508;eth0;897116.00;52644816.00;53541932.00;52644817;897116;12811.00;36322.00;49133.00;36322;12811;0.00;0.00;0;0
1421249508;total;897116.00;52644816.00;53541932.00;52644817;897116;12811.00;36322.00;49133.00;36322;12811;0.00;0.00;0;0
