1421240126;eth0;22124.00;2489350.00;2511474.00;2489350;22124;148.00;1885.00;2033.00;1885;148;0.00;0.00;0;0
1421240126;total;22124.00;2489350.00;2511474.00;2489350;22124;148.00;1885.00;2033.00;1885;148;0.00;0.00;0;0
1421240127;eth0;306.00;52561792.00;52562096.00;52561792;306;3.00;37274.00;37277.00;37274;3;0.00;0.00;0;0
1421240127;total;306.00;52561792.00;52562096.00;52561792;306;3.00;37274.00;37277.00;37274;3;0.00;0.00;0;0
1421240128;eth0;0.00;52686728.00;52686728.00;52739412;0;0.00;37362.64;37362.64;37400;0;0.00;0.00;0;0
1421240128;total;0.00;52686728.00;52686728.00;52739412;0;0.00;37362.64;37362.64;37400;0;0.00;0.00;0;0
1421240129;eth0;0.00;52752364.00;52752364.00;52752364;0;0.00;37408.00;37408.00;37408;0;0.00;0.00;0;0
1421240129;total;0.00;52752364.00;52752364.00;52752364;0;0.00;37408.00;37408.00;37408;0;0.00;0.00;0;0
1421240130;eth0;204.00;52701592.00;52701796.00;52701592;204;2.00;37372.00;37374.00;37372;2;0.00;0.00;0;0
1421240130;total;204.00;52701592.00;52701796.00;52701592;204;2.00;37372.00;37374.00;37372;2;0.00;0.00;0;0
1421240131;eth0;298.00;52727180.00;52727480.00;52727180;298;4.00;37393.00;37397.00;37393;4;0.00;0.00;0;0
1421240131;total;298.00;52727180.00;52727480.00;52727180;298;4.00;37393.00;37397.00;37393;4;0.00;0.00;0;0
1421240132;eth0;1228.77;52631972.00;52633200.00;52684604;1230;12.99;37321.68;37334.67;37359;13;0.00;0.00;0;0
1421240132;total;1228.77;52631972.00;52633200.00;52684604;1230;12.99;37321.68;37334.67;37359;13;0.00;0.00;0;0
1421240133;eth0;0.00;52726912.00;52726912.00;52726914;0;0.00;37389.00;37389.00;37389;0;0.00;0.00;0;0
1421240133;total;0.00;52726912.00;52726912.00;52726914;0;0.00;37389.00;37389.00;37389;0;0.00;0.00;0;0
1421240134;eth0;0.00;52708116.00;52708116.00;52760826;0;0.00;37376.62;37376.62;37414;0;0.00;0.00;0;0
1421240134;total;0.00;52708116.00;52708116.00;52760826;0;0.00;37376.62;37376.62;37414;0;0.00;0.00;0;0
1421240135;eth0;0.00;52743904.00;52743904.00;52743902;0;0.00;37402.00;37402.00;37402;0;0.00;0.00;0;0
1421240135;total;0.00;52743904.00;52743904.00;52743902;0;0.00;37402.00;37402.00;37402;0;0.00;0.00;0;0
1421240136;eth0;0.00;52735504.00;52735504.00;52735504;0;0.00;37397.00;37397.00;37397;0;0.00;0.00;0;0
1421240136;total;0.00;52735504.00;52735504.00;52735504;0;0.00;37397.00;37397.00;37397;0;0.00;0.00;0;0
1421240137;eth0;0.00;52756984.00;52756984.00;52756982;0;0.00;37413.00;37413.00;37413;0;0.00;0.00;0;0
1421240137;total;0.00;52756984.00;52756984.00;52756982;0;0.00;37413.00;37413.00;37413;0;0.00;0.00;0;0
1421240138;eth0;0.00;52759372.00;52759372.00;52759372;0;0.00;37413.00;37413.00;37413;0;0.00;0.00;0;0
1421240138;total;0.00;52759372.00;52759372.00;52759372;0;0.00;37413.00;37413.00;37413;0;0.00;0.00;0;0
1421240139;eth0;0.00;52710120.00;52710120.00;52710118;0;0.00;37379.00;37379.00;37379;0;0.00;0.00;0;0
1421240139;total;0.00;52710120.00;52710120.00;52710118;0;0.00;37379.00;37379.00;37379;0;0.00;0.00;0;0
1421240140;eth0;0.00;52740864.00;52740864.00;52740866;0;0.00;37400.00;37400.00;37400;0;0.00;0.00;0;0
1421240140;total;0.00;52740864.00;52740864.00;52740866;0;0.00;37400.00;37400.00;37400;0;0.00;0.00;0;0
1421240141;eth0;0.00;52760824.00;52760824.00;52760826;0;0.00;37414.00;37414.00;37414;0;0.00;0.00;0;0
1421240141;total;0.00;52760824.00;52760824.00;52760826;0;0.00;37414.00;37414.00;37414;0;0.00;0.00;0;0
1421240142;eth0;0.00;52746872.00;52746872.00;52746874;0;0.00;37403.00;37403.00;37403;0;0.00;0.00;0;0
1421240142;total;0.00;52746872.00;52746872.00;52746874;0;0.00;37403.00;37403.00;37403;0;0.00;0.00;0;0
1421240143;eth0;0.00;52732340.00;52732340.00;52732340;0;0.00;37393.00;37393.00;37393;0;0.00;0.00;0;0
1421240143;total;0.00;52732340.00;52732340.00;52732340;0;0.00;37393.00;37393.00;37393;0;0.00;0.00;0;0
1421240144;eth0;0.00;52753816.00;52753816.00;52753818;0;0.00;37408.00;37408.00;37408;0;0.00;0.00;0;0
1421240144;total;0.00;52753816.00;52753816.00;52753818;0;0.00;37408.00;37408.00;37408;0;0.00;0.00;0;0
1421240145;eth0;830.00;52748392.00;52749224.00;52748392;830;9.00;37405.00;37414.00;37405;9;0.00;0.00;0;0
1421240145;total;830.00;52748392.00;52749224.00;52748392;830;9.00;37405.00;37414.00;37405;9;0.00;0.00;0;0
1421240146;eth0;0.00;52733856.00;52733856.00;52733858;0;0.00;37393.00;37393.00;37393;0;0.00;0.00;0;0
1421240146;total;0.00;52733856.00;52733856.00;52733858;0;0.00;37393.00;37393.00;37393;0;0.00;0.00;0;0
1421240147;eth0;854.00;52764736.00;52765588.00;52764734;854;9.00;37417.00;37426.00;37417;9;0.00;0.00;0;0
1421240147;total;854.00;52764736.00;52765588.00;52764734;854;9.00;37417.00;37426.00;37417;9;0.00;0.00;0;0
1421240148;eth0;0.00;52745484.00;52745484.00;52745484;0;0.00;37404.00;37404.00;37404;0;0.00;0.00;0;0
1421240148;total;0.00;52745484.00;52745484.00;52745484;0;0.00;37404.00;37404.00;37404;0;0.00;0.00;0;0
1421240149;eth0;0.00;52742448.00;52742448.00;52742448;0;0.00;37402.00;37402.00;37402;0;0.00;0.00;0;0
1421240149;total;0.00;52742448.00;52742448.00;52742448;0;0.00;37402.00;37402.00;37402;0;0.00;0.00;0;0
1421240150;eth0;0.00;52741576.00;52741576.00;52741576;0;0.00;37401.00;37401.00;37401;0;0.00;0.00;0;0
1421240150;total;0.00;52741576.00;52741576.00;52741576;0;0.00;37401.00;37401.00;37401;0;0.00;0.00;0;0
1421240151;eth0;106.00;52754828.00;52754936.00;52754828;106;1.00;37411.00;37412.00;37411;1;0.00;0.00;0;0
1421240151;total;106.00;52754828.00;52754936.00;52754828;106;1.00;37411.00;37412.00;37411;1;0.00;0.00;0;0
1421240152;eth0;1230.00;52760824.00;52762056.00;52760826;1230;13.00;37414.00;37427.00;37414;13;0.00;0.00;0;0
1421240152;total;1230.00;52760824.00;52762056.00;52760826;1230;13.00;37414.00;37427.00;37414;13;0.00;0.00;0;0
1421240153;eth0;0.00;52735452.00;52735452.00;52735453;0;0.00;37396.00;37396.00;37396;0;0.00;0.00;0;0
1421240153;total;0.00;52735452.00;52735452.00;52735453;0;0.00;37396.00;37396.00;37396;0;0.00;0.00;0;0
1421240154;eth0;0.00;52753816.00;52753816.00;52753818;0;0.00;37409.00;37409.00;37409;0;0.00;0.00;0;0
1421240154;total;0.00;52753816.00;52753816.00;52753818;0;0.00;37409.00;37409.00;37409;0;0.00;0.00;0;0
1421240155;eth0;0.00;52742384.00;52742384.00;52742384;0;0.00;37400.00;37400.00;37400;0;0.00;0.00;0;0
1421240155;total;0.00;52742384.00;52742384.00;52742384;0;0.00;37400.00;37400.00;37400;0;0.00;0.00;0;0
1421240156;eth0;64.00;52738540.00;52738604.00;52738540;64;1.00;37400.00;37401.00;37400;1;0.00;0.00;0;0
1421240156;total;64.00;52738540.00;52738604.00;52738540;64;1.00;37400.00;37401.00;37400;1;0.00;0.00;0;0
1421240157;eth0;0.00;52736960.00;52736960.00;52736958;0;0.00;37396.00;37396.00;37396;0;0.00;0.00;0;0
1421240157;total;0.00;52736960.00;52736960.00;52736958;0;0.00;37396.00;37396.00;37396;0;0.00;0.00;0;0
1421240158;eth0;0.00;52745568.00;52745568.00;52745568;0;0.00;37399.00;37399.00;37399;0;0.00;0.00;0;0
1421240158;total;0.00;52745568.00;52745568.00;52745568;0;0.00;37399.00;37399.00;37399;0;0.00;0.00;0;0
1421240159;eth0;0.00;52741024.00;52741024.00;52741022;0;0.00;37393.00;37393.00;37393;0;0.00;0.00;0;0
1421240159;total;0.00;52741024.00;52741024.00;52741022;0;0.00;37393.00;37393.00;37393;0;0.00;0.00;0;0
1421240160;eth0;0.00;52678736.00;52678736.00;52678738;0;0.00;37347.00;37347.00;37347;0;0.00;0.00;0;0
1421240160;total;0.00;52678736.00;52678736.00;52678738;0;0.00;37347.00;37347.00;37347;0;0.00;0.00;0;0
1421240161;eth0;0.00;52754040.00;52754040.00;52754040;0;0.00;37401.00;37401.00;37401;0;0.00;0.00;0;0
1421240161;total;0.00;52754040.00;52754040.00;52754040;0;0.00;37401.00;37401.00;37401;0;0.00;0.00;0;0
1421240162;eth0;0.00;52733368.00;52733368.00;52733368;0;0.00;37386.00;37386.00;37386;0;0.00;0.00;0;0
1421240162;total;0.00;52733368.00;52733368.00;52733368;0;0.00;37386.00;37386.00;37386;0;0.00;0.00;0;0
1421240163;eth0;0.00;52649372.00;52649372.00;52649372;0;0.00;37326.00;37326.00;37326;0;0.00;0.00;0;0
1421240163;total;0.00;52649372.00;52649372.00;52649372;0;0.00;37326.00;37326.00;37326;0;0.00;0.00;0;0
1421240164;eth0;0.00;52660164.00;52660164.00;52660164;0;0.00;37333.00;37333.00;37333;0;0.00;0.00;0;0
1421240164;total;0.00;52660164.00;52660164.00;52660164;0;0.00;37333.00;37333.00;37333;0;0.00;0.00;0;0
1421240165;eth0;0.00;52743928.00;52743928.00;52743930;0;0.00;37392.00;37392.00;37392;0;0.00;0.00;0;0
1421240165;total;0.00;52743928.00;52743928.00;52743930;0;0.00;37392.00;37392.00;37392;0;0.00;0.00;0;0
1421240166;eth0;0.00;52753268.00;52753268.00;52753268;0;0.00;37399.00;37399.00;37399;0;0.00;0.00;0;0
1421240166;total;0.00;52753268.00;52753268.00;52753268;0;0.00;37399.00;37399.00;37399;0;0.00;0.00;0;0
1421240167;eth0;306.00;52746320.00;52746628.00;52746322;306;3.00;37394.00;37397.00;37394;3;0.00;0.00;0;0
1421240167;total;306.00;52746320.00;52746628.00;52746322;306;3.00;37394.00;37397.00;37394;3;0.00;0.00;0;0
1421240168;eth0;0.00;52608504.00;52608504.00;52608506;0;0.00;37297.00;37297.00;37297;0;0.00;0.00;0;0
1421240168;total;0.00;52608504.00;52608504.00;52608506;0;0.00;37297.00;37297.00;37297;0;0.00;0.00;0;0
1421240169;eth0;0.00;52761796.00;52761796.00;52761796;0;0.00;37406.00;37406.00;37406;0;0.00;0.00;0;0
1421240169;total;0.00;52761796.00;52761796.00;52761796;0;0.00;37406.00;37406.00;37406;0;0.00;0.00;0;0
1421240170;eth0;0.00;52732560.00;52732560.00;52732558;0;0.00;37385.00;37385.00;37385;0;0.00;0.00;0;0
1421240170;total;0.00;52732560.00;52732560.00;52732558;0;0.00;37385.00;37385.00;37385;0;0.00;0.00;0;0
1421240171;eth0;106.00;52745008.00;52745112.00;52745006;106;1.00;37396.00;37397.00;37396;1;0.00;0.00;0;0
1421240171;total;106.00;52745008.00;52745112.00;52745006;106;1.00;37396.00;37397.00;37396;1;0.00;0.00;0;0
1421240172;eth0;1294.00;52739568.00;52740864.00;52739568;1294;14.00;37392.00;37406.00;37392;14;0.00;0.00;0;0
1421240172;total;1294.00;52739568.00;52740864.00;52739568;1294;14.00;37392.00;37406.00;37392;14;0.00;0.00;0;0
1421240173;eth0;0.00;52725548.00;52725548.00;52725548;0;0.00;37380.00;37380.00;37380;0;0.00;0.00;0;0
1421240173;total;0.00;52725548.00;52725548.00;52725548;0;0.00;37380.00;37380.00;37380;0;0.00;0.00;0;0
1421240174;eth0;0.00;52694084.00;52694084.00;52694084;0;0.00;37358.00;37358.00;37358;0;0.00;0.00;0;0
1421240174;total;0.00;52694084.00;52694084.00;52694084;0;0.00;37358.00;37358.00;37358;0;0.00;0.00;0;0
1421240175;eth0;64.00;52690176.00;52690240.00;52690174;64;1.00;37355.00;37356.00;37355;1;0.00;0.00;0;0
1421240175;total;64.00;52690176.00;52690240.00;52690174;64;1.00;37355.00;37356.00;37355;1;0.00;0.00;0;0
1421240176;eth0;1992.00;52753960.00;52755952.00;52753962;1992;24.00;37415.00;37439.00;37415;24;0.00;0.00;0;0
1421240176;total;1992.00;52753960.00;52755952.00;52753962;1992;24.00;37415.00;37439.00;37415;24;0.00;0.00;0;0
1421240177;eth0;0.00;52740960.00;52740960.00;52740958;0;0.00;37391.00;37391.00;37391;0;0.00;0.00;0;0
1421240177;total;0.00;52740960.00;52740960.00;52740958;0;0.00;37391.00;37391.00;37391;0;0.00;0.00;0;0
1421240178;eth0;0.00;52751816.00;52751816.00;52751814;0;0.00;37399.00;37399.00;37399;0;0.00;0.00;0;0
1421240178;total;0.00;52751816.00;52751816.00;52751814;0;0.00;37399.00;37399.00;37399;0;0.00;0.00;0;0
1421240179;eth0;0.00;52739376.00;52739376.00;52739376;0;0.00;37389.00;37389.00;37389;0;0.00;0.00;0;0
1421240179;total;0.00;52739376.00;52739376.00;52739376;0;0.00;37389.00;37389.00;37389;0;0.00;0.00;0;0
1421240180;eth0;268.00;52669400.00;52669668.00;52669400;268;3.00;37342.00;37345.00;37342;3;0.00;0.00;0;0
1421240180;total;268.00;52669400.00;52669668.00;52669400;268;3.00;37342.00;37345.00;37342;3;0.00;0.00;0;0
1421240181;eth0;0.00;52750360.00;52750360.00;52750360;0;0.00;37398.00;37398.00;37398;0;0.00;0.00;0;0
1421240181;total;0.00;52750360.00;52750360.00;52750360;0;0.00;37398.00;37398.00;37398;0;0.00;0.00;0;0
1421240182;eth0;64.00;52741088.00;52741152.00;52741086;64;1.00;37393.00;37394.00;37393;1;0.00;0.00;0;0
1421240182;total;64.00;52741088.00;52741152.00;52741086;64;1.00;37393.00;37394.00;37393;1;0.00;0.00;0;0
1421240183;eth0;0.00;52737984.00;52737984.00;52737986;0;0.00;37390.00;37390.00;37390;0;0.00;0.00;0;0
1421240183;total;0.00;52737984.00;52737984.00;52737986;0;0.00;37390.00;37390.00;37390;0;0.00;0.00;0;0
1421240184;eth0;0.00;52743992.00;52743992.00;52743994;0;0.00;37393.00;37393.00;37393;0;0.00;0.00;0;0
1421240184;total;0.00;52743992.00;52743992.00;52743994;0;0.00;37393.00;37393.00;37393;0;0.00;0.00;0;0
1421240185;eth0;548.00;52760356.00;52760904.00;52760355;548;6.00;37406.00;37412.00;37406;6;0.00;0.00;0;0
1421240185;total;548.00;52760356.00;52760904.00;52760355;548;6.00;37406.00;37412.00;37406;6;0.00;0.00;0;0
1421240186;eth0;278.00;52739376.00;52739656.00;52739376;278;3.00;37389.00;37392.00;37389;3;0.00;0.00;0;0
1421240186;total;278.00;52739376.00;52739656.00;52739376;278;3.00;37389.00;37392.00;37389;3;0.00;0.00;0;0
1421240187;eth0;306.00;52758464.00;52758772.00;52758466;306;3.00;37403.00;37406.00;37403;3;0.00;0.00;0;0
1421240187;total;306.00;52758464.00;52758772.00;52758466;306;3.00;37403.00;37406.00;37403;3;0.00;0.00;0;0
1421240188;eth0;0.00;52728752.00;52728752.00;52728750;0;0.00;37381.00;37381.00;37381;0;0.00;0.00;0;0
1421240188;total;0.00;52728752.00;52728752.00;52728750;0;0.00;37381.00;37381.00;37381;0;0.00;0.00;0;0
1421240189;eth0;0.00;52753912.00;52753912.00;52753912;0;0.00;37399.00;37399.00;37399;0;0.00;0.00;0;0
1421240189;total;0.00;52753912.00;52753912.00;52753912;0;0.00;37399.00;37399.00;37399;0;0.00;0.00;0;0
1421240190;eth0;0.00;52580952.00;52580952.00;52580952;0;0.00;37277.00;37277.00;37277;0;0.00;0.00;0;0
1421240190;total;0.00;52580952.00;52580952.00;52580952;0;0.00;37277.00;37277.00;37277;0;0.00;0.00;0;0
1421240191;eth0;106.00;52739512.00;52739620.00;52739514;106;1.00;37391.00;37392.00;37391;1;0.00;0.00;0;0
1421240191;total;106.00;52739512.00;52739620.00;52739514;106;1.00;37391.00;37392.00;37391;1;0.00;0.00;0;0
1421240192;eth0;2460.00;52731040.00;52733500.00;52731040;2460;26.00;37385.00;37411.00;37385;26;0.00;0.00;0;0
1421240192;total;2460.00;52731040.00;52733500.00;52731040;2460;26.00;37385.00;37411.00;37385;26;0.00;0.00;0;0
1421240193;eth0;0.00;52275556.00;52275556.00;52380106;0;0.00;37061.88;37061.88;37136;0;0.00;0.00;0;0
1421240193;total;0.00;52275556.00;52275556.00;52380106;0;0.00;37061.88;37061.88;37136;0;0.00;0.00;0;0
1421240194;eth0;0.00;52760344.00;52760344.00;52760342;0;0.00;37406.00;37406.00;37406;0;0.00;0.00;0;0
1421240194;total;0.00;52760344.00;52760344.00;52760342;0;0.00;37406.00;37406.00;37406;0;0.00;0.00;0;0
1421240195;eth0;0.00;52659516.00;52659516.00;52764832;0;0.00;37333.33;37333.33;37408;0;0.00;0.00;0;0
1421240195;total;0.00;52659516.00;52659516.00;52764832;0;0.00;37333.33;37333.33;37408;0;0.00;0.00;0;0
1421240196;eth0;0.00;52707104.00;52707104.00;52707102;0;0.00;37368.00;37368.00;37368;0;0.00;0.00;0;0
1421240196;total;0.00;52707104.00;52707104.00;52707102;0;0.00;37368.00;37368.00;37368;0;0.00;0.00;0;0
1421240197;eth0;0.00;52760920.00;52760920.00;52760922;0;0.00;37404.00;37404.00;37404;0;0.00;0.00;0;0
1421240197;total;0.00;52760920.00;52760920.00;52760922;0;0.00;37404.00;37404.00;37404;0;0.00;0.00;0;0
1421240198;eth0;8826.00;52728288.00;52737116.00;52728290;8826;7.00;37386.00;37393.00;37386;7;0.00;0.00;0;0
1421240198;total;8826.00;52728288.00;52737116.00;52728290;8826;7.00;37386.00;37393.00;37386;7;0.00;0.00;0;0
1421240199;eth0;0.00;52753332.00;52753332.00;52753332;0;0.00;37399.00;37399.00;37399;0;0.00;0.00;0;0
1421240199;total;0.00;52753332.00;52753332.00;52753332;0;0.00;37399.00;37399.00;37399;0;0.00;0.00;0;0
1421240200;eth0;0.00;52745448.00;52745448.00;52745448;0;0.00;37393.00;37393.00;37393;0;0.00;0.00;0;0
1421240200;total;0.00;52745448.00;52745448.00;52745448;0;0.00;37393.00;37393.00;37393;0;0.00;0.00;0;0
1421240201;eth0;0.00;52758696.00;52758696.00;52758696;0;0.00;37403.00;37403.00;37403;0;0.00;0.00;0;0
1421240201;total;0.00;52758696.00;52758696.00;52758696;0;0.00;37403.00;37403.00;37403;0;0.00;0.00;0;0
1421240202;eth0;64.00;52739504.00;52739568.00;52739504;64;1.00;37391.00;37392.00;37391;1;0.00;0.00;0;0
1421240202;total;64.00;52739504.00;52739568.00;52739504;64;1.00;37391.00;37392.00;37391;1;0.00;0.00;0;0
1421240203;eth0;0.00;52739504.00;52739504.00;52739504;0;0.00;37391.00;37391.00;37391;0;0.00;0.00;0;0
1421240203;total;0.00;52739504.00;52739504.00;52739504;0;0.00;37391.00;37391.00;37391;0;0.00;0.00;0;0
1421240204;eth0;0.00;52621008.00;52621008.00;52621008;0;0.00;37307.00;37307.00;37307;0;0.00;0.00;0;0
1421240204;total;0.00;52621008.00;52621008.00;52621008;0;0.00;37307.00;37307.00;37307;0;0.00;0.00;0;0
1421240205;eth0;0.00;52764896.00;52764896.00;52764896;0;0.00;37409.00;37409.00;37409;0;0.00;0.00;0;0
1421240205;total;0.00;52764896.00;52764896.00;52764896;0;0.00;37409.00;37409.00;37409;0;0.00;0.00;0;0
1421240206;eth0;0.00;52739440.00;52739440.00;52739440;0;0.00;37390.00;37390.00;37390;0;0.00;0.00;0;0
1421240206;total;0.00;52739440.00;52739440.00;52739440;0;0.00;37390.00;37390.00;37390;0;0.00;0.00;0;0
1421240207;eth0;306.00;52756368.00;52756672.00;52756368;306;3.00;37402.00;37405.00;37402;3;0.00;0.00;0;0
1421240207;total;306.00;52756368.00;52756672.00;52756368;306;3.00;37402.00;37405.00;37402;3;0.00;0.00;0;0
1421240208;eth0;0.00;52620880.00;52620880.00;52620880;0;0.00;37305.00;37305.00;37305;0;0.00;0.00;0;0
1421240208;total;0.00;52620880.00;52620880.00;52620880;0;0.00;37305.00;37305.00;37305;0;0.00;0.00;0;0
1421240209;eth0;0.00;52739376.00;52739376.00;52739376;0;0.00;37389.00;37389.00;37389;0;0.00;0.00;0;0
1421240209;total;0.00;52739376.00;52739376.00;52739376;0;0.00;37389.00;37389.00;37389;0;0.00;0.00;0;0
1421240210;eth0;0.00;52722512.00;52722512.00;52722512;0;0.00;37378.00;37378.00;37378;0;0.00;0.00;0;0
1421240210;total;0.00;52722512.00;52722512.00;52722512;0;0.00;37378.00;37378.00;37378;0;0.00;0.00;0;0
1421240211;eth0;236.00;52550924.00;52551160.00;52550924;236;2.00;37258.00;37260.00;37258;2;0.00;0.00;0;0
1421240211;total;236.00;52550924.00;52551160.00;52550924;236;2.00;37258.00;37260.00;37258;2;0.00;0.00;0;0
1421240212;eth0;1230.00;52755432.00;52756660.00;52755430;1230;13.00;37400.00;37413.00;37400;13;0.00;0.00;0;0
1421240212;total;1230.00;52755432.00;52756660.00;52755430;1230;13.00;37400.00;37413.00;37400;13;0.00;0.00;0;0
1421240213;eth0;0.00;52728816.00;52728816.00;52728814;0;0.00;37382.00;37382.00;37382;0;0.00;0.00;0;0
1421240213;total;0.00;52728816.00;52728816.00;52728814;0;0.00;37382.00;37382.00;37382;0;0.00;0.00;0;0
1421240214;eth0;64.00;52753524.00;52753588.00;52753524;64;1.00;37403.00;37404.00;37403;1;0.00;0.00;0;0
1421240214;total;64.00;52753524.00;52753588.00;52753524;64;1.00;37403.00;37404.00;37403;1;0.00;0.00;0;0
1421240215;eth0;0.00;52754040.00;52754040.00;52754040;0;0.00;37401.00;37401.00;37401;0;0.00;0.00;0;0
1421240215;total;0.00;52754040.00;52754040.00;52754040;0;0.00;37401.00;37401.00;37401;0;0.00;0.00;0;0
1421240216;eth0;128.00;52738112.00;52738240.00;52738114;128;2.00;37392.00;37394.00;37392;2;0.00;0.00;0;0
1421240216;total;128.00;52738112.00;52738240.00;52738114;128;2.00;37392.00;37394.00;37392;2;0.00;0.00;0;0
1421240217;eth0;0.00;52745652.00;52745652.00;52745653;0;0.00;37397.00;37397.00;37397;0;0.00;0.00;0;0
1421240217;total;0.00;52745652.00;52745652.00;52745653;0;0.00;37397.00;37397.00;37397;0;0.00;0.00;0;0
1421240218;eth0;0.00;52755724.00;52755724.00;52755724;0;0.00;37401.00;37401.00;37401;0;0.00;0.00;0;0
1421240218;total;0.00;52755724.00;52755724.00;52755724;0;0.00;37401.00;37401.00;37401;0;0.00;0.00;0;0
1421240219;eth0;0.00;52752392.00;52752392.00;52752394;0;0.00;37399.00;37399.00;37399;0;0.00;0.00;0;0
1421240219;total;0.00;52752392.00;52752392.00;52752394;0;0.00;37399.00;37399.00;37399;0;0.00;0.00;0;0
1421240220;eth0;0.00;52741768.00;52741768.00;52741768;0;0.00;37390.00;37390.00;37390;0;0.00;0.00;0;0
1421240220;total;0.00;52741768.00;52741768.00;52741768;0;0.00;37390.00;37390.00;37390;0;0.00;0.00;0;0
1421240221;eth0;0.00;52739376.00;52739376.00;52739376;0;0.00;37389.00;37389.00;37389;0;0.00;0.00;0;0
1421240221;total;0.00;52739376.00;52739376.00;52739376;0;0.00;37389.00;37389.00;37389;0;0.00;0.00;0;0
1421240222;eth0;0.00;52756948.00;52756948.00;52756948;0;0.00;37401.00;37401.00;37401;0;0.00;0.00;0;0
1421240222;total;0.00;52756948.00;52756948.00;52756948;0;0.00;37401.00;37401.00;37401;0;0.00;0.00;0;0
1421240223;eth0;0.00;52552524.00;52552524.00;52552524;0;0.00;37257.00;37257.00;37257;0;0.00;0.00;0;0
1421240223;total;0.00;52552524.00;52552524.00;52552524;0;0.00;37257.00;37257.00;37257;0;0.00;0.00;0;0
1421240224;eth0;0.00;52753976.00;52753976.00;52753976;0;0.00;37400.00;37400.00;37400;0;0.00;0.00;0;0
1421240224;total;0.00;52753976.00;52753976.00;52753976;0;0.00;37400.00;37400.00;37400;0;0.00;0.00;0;0
1421240225;eth0;364.00;52741896.00;52742260.00;52741896;364;4.00;37393.00;37397.00;37393;4;0.00;0.00;0;0
1421240225;total;364.00;52741896.00;52742260.00;52741896;364;4.00;37393.00;37397.00;37393;4;0.00;0.00;0;0
1421240226;eth0;0.00;52747968.00;52747968.00;52747968;0;0.00;37397.00;37397.00;37397;0;0.00;0.00;0;0
1421240226;total;0.00;52747968.00;52747968.00;52747968;0;0.00;37397.00;37397.00;37397;0;0.00;0.00;0;0
1421240227;eth0;306.00;52741024.00;52741328.00;52741022;306;3.00;37392.00;37395.00;37392;3;0.00;0.00;0;0
1421240227;total;306.00;52741024.00;52741328.00;52741022;306;3.00;37392.00;37395.00;37392;3;0.00;0.00;0;0
1421240228;eth0;0.00;52661744.00;52661744.00;52661746;0;0.00;37335.00;37335.00;37335;0;0.00;0.00;0;0
1421240228;total;0.00;52661744.00;52661744.00;52661746;0;0.00;37335.00;37335.00;37335;0;0.00;0.00;0;0
1421240229;eth0;63.94;52699820.00;52699884.00;52752522;64;1.00;37362.64;37363.64;37400;1;0.00;0.00;0;0
1421240229;total;63.94;52699820.00;52699884.00;52752522;64;1.00;37362.64;37363.64;37400;1;0.00;0.00;0;0
1421240230;eth0;203.80;52685172.00;52685380.00;52737858;204;2.00;37351.65;37353.65;37389;2;0.00;0.00;0;0
1421240230;total;203.80;52685172.00;52685380.00;52737858;204;2.00;37351.65;37353.65;37389;2;0.00;0.00;0;0
1421240231;eth0;105.89;52695220.00;52695328.00;52747914;106;1.00;37358.64;37359.64;37396;1;0.00;0.00;0;0
1421240231;total;105.89;52695220.00;52695328.00;52747914;106;1.00;37358.64;37359.64;37396;1;0.00;0.00;0;0
1421240232;eth0;2521.48;52717544.00;52720064.00;52770260;2524;26.97;37373.63;37400.60;37411;27;0.00;0.00;0;0
1421240232;total;2521.48;52717544.00;52720064.00;52770260;2524;26.97;37373.63;37400.60;37411;27;0.00;0.00;0;0
1421240233;eth0;0.00;52725484.00;52725484.00;52725484;0;0.00;37380.00;37380.00;37380;0;0.00;0.00;0;0
1421240233;total;0.00;52725484.00;52725484.00;52725484;0;0.00;37380.00;37380.00;37380;0;0.00;0.00;0;0
1421240234;eth0;0.00;52685556.00;52685556.00;52685556;0;0.00;37350.00;37350.00;37350;0;0.00;0.00;0;0
1421240234;total;0.00;52685556.00;52685556.00;52685556;0;0.00;37350.00;37350.00;37350;0;0.00;0.00;0;0
1421240235;eth0;0.00;52637872.00;52637872.00;52637872;0;0.00;37318.00;37318.00;37318;0;0.00;0.00;0;0
1421240235;total;0.00;52637872.00;52637872.00;52637872;0;0.00;37318.00;37318.00;37318;0;0.00;0.00;0;0
1421240236;eth0;1992.00;52537000.00;52538992.00;52536998;1992;24.00;37262.00;37286.00;37262;24;0.00;0.00;0;0
1421240236;total;1992.00;52537000.00;52538992.00;52536998;1992;24.00;37262.00;37286.00;37262;24;0.00;0.00;0;0
1421240237;eth0;548.00;52760344.00;52760888.00;52760342;548;6.00;37406.00;37412.00;37406;6;0.00;0.00;0;0
1421240237;total;548.00;52760344.00;52760888.00;52760342;548;6.00;37406.00;37412.00;37406;6;0.00;0.00;0;0
1421240238;eth0;8826.00;52693624.00;52702448.00;52693624;8826;7.00;37361.00;37368.00;37361;7;0.00;0.00;0;0
1421240238;total;8826.00;52693624.00;52702448.00;52693624;8826;7.00;37361.00;37368.00;37361;7;0.00;0.00;0;0
1421240239;eth0;0.00;52751880.00;52751880.00;52751878;0;0.00;37400.00;37400.00;37400;0;0.00;0.00;0;0
1421240239;total;0.00;52751880.00;52751880.00;52751878;0;0.00;37400.00;37400.00;37400;0;0.00;0.00;0;0
1421240240;eth0;0.00;52716272.00;52716272.00;52716274;0;0.00;37375.00;37375.00;37375;0;0.00;0.00;0;0
1421240240;total;0.00;52716272.00;52716272.00;52716274;0;0.00;37375.00;37375.00;37375;0;0.00;0.00;0;0
1421240241;eth0;0.00;52745744.00;52745744.00;52745742;0;0.00;37394.00;37394.00;37394;0;0.00;0.00;0;0
1421240241;total;0.00;52745744.00;52745744.00;52745742;0;0.00;37394.00;37394.00;37394;0;0.00;0.00;0;0
1421240242;eth0;1230.00;52739376.00;52740608.00;52739376;1230;13.00;37389.00;37402.00;37389;13;0.00;0.00;0;0
1421240242;total;1230.00;52739376.00;52740608.00;52739376;1230;13.00;37389.00;37402.00;37389;13;0.00;0.00;0;0
1421240243;eth0;0.00;52739376.00;52739376.00;52739376;0;0.00;37389.00;37389.00;37389;0;0.00;0.00;0;0
1421240243;total;0.00;52739376.00;52739376.00;52739376;0;0.00;37389.00;37389.00;37389;0;0.00;0.00;0;0
1421240244;eth0;0.00;52764768.00;52764768.00;52764768;0;0.00;37407.00;37407.00;37407;0;0.00;0.00;0;0
1421240244;total;0.00;52764768.00;52764768.00;52764768;0;0.00;37407.00;37407.00;37407;0;0.00;0.00;0;0
1421240245;eth0;0.00;52739376.00;52739376.00;52739376;0;0.00;37389.00;37389.00;37389;0;0.00;0.00;0;0
1421240245;total;0.00;52739376.00;52739376.00;52739376;0;0.00;37389.00;37389.00;37389;0;0.00;0.00;0;0
1421240246;eth0;0.00;52743992.00;52743992.00;52743994;0;0.00;37393.00;37393.00;37393;0;0.00;0.00;0;0
1421240246;total;0.00;52743992.00;52743992.00;52743994;0;0.00;37393.00;37393.00;37393;0;0.00;0.00;0;0
1421240247;eth0;306.00;52757952.00;52758256.00;52757950;306;3.00;37404.00;37407.00;37404;3;0.00;0.00;0;0
1421240247;total;306.00;52757952.00;52758256.00;52757950;306;3.00;37404.00;37407.00;37404;3;0.00;0.00;0;0
1421240248;eth0;0.00;52671868.00;52671868.00;52671869;0;0.00;37344.00;37344.00;37344;0;0.00;0.00;0;0
1421240248;total;0.00;52671868.00;52671868.00;52671869;0;0.00;37344.00;37344.00;37344;0;0.00;0.00;0;0
1421240249;eth0;64.00;52751944.00;52752008.00;52751942;64;1.00;37401.00;37402.00;37401;1;0.00;0.00;0;0
1421240249;total;64.00;52751944.00;52752008.00;52751942;64;1.00;37401.00;37402.00;37401;1;0.00;0.00;0;0
1421240250;eth0;0.00;52756368.00;52756368.00;52756368;0;0.00;37402.00;37402.00;37402;0;0.00;0.00;0;0
1421240250;total;0.00;52756368.00;52756368.00;52756368;0;0.00;37402.00;37402.00;37402;0;0.00;0.00;0;0
1421240251;eth0;106.00;52746460.00;52746568.00;52746460;106;1.00;37396.00;37397.00;37396;1;0.00;0.00;0;0
1421240251;total;106.00;52746460.00;52746568.00;52746460;106;1.00;37396.00;37397.00;37396;1;0.00;0.00;0;0
1421240252;eth0;0.00;52739440.00;52739440.00;52739440;0;0.00;37390.00;37390.00;37390;0;0.00;0.00;0;0
1421240252;total;0.00;52739440.00;52739440.00;52739440;0;0.00;37390.00;37390.00;37390;0;0.00;0.00;0;0
1421240253;eth0;0.00;52743992.00;52743992.00;52743994;0;0.00;37394.00;37394.00;37394;0;0.00;0.00;0;0
1421240253;total;0.00;52743992.00;52743992.00;52743994;0;0.00;37394.00;37394.00;37394;0;0.00;0.00;0;0
1421240254;eth0;0.00;52760216.00;52760216.00;52760214;0;0.00;37403.00;37403.00;37403;0;0.00;0.00;0;0
1421240254;total;0.00;52760216.00;52760216.00;52760214;0;0.00;37403.00;37403.00;37403;0;0.00;0.00;0;0
1421240255;eth0;64.00;52739440.00;52739504.00;52739440;64;1.00;37390.00;37391.00;37390;1;0.00;0.00;0;0
1421240255;total;64.00;52739440.00;52739504.00;52739440;64;1.00;37390.00;37391.00;37390;1;0.00;0.00;0;0
1421240256;eth0;0.00;52700092.00;52700092.00;52700092;0;0.00;37362.00;37362.00;37362;0;0.00;0.00;0;0
1421240256;total;0.00;52700092.00;52700092.00;52700092;0;0.00;37362.00;37362.00;37362;0;0.00;0.00;0;0
1421240257;eth0;0.00;52761796.00;52761796.00;52761796;0;0.00;37405.00;37405.00;37405;0;0.00;0.00;0;0
1421240257;total;0.00;52761796.00;52761796.00;52761796;0;0.00;37405.00;37405.00;37405;0;0.00;0.00;0;0
1421240258;eth0;0.00;52754040.00;52754040.00;52754040;0;0.00;37401.00;37401.00;37401;0;0.00;0.00;0;0
1421240258;total;0.00;52754040.00;52754040.00;52754040;0;0.00;37401.00;37401.00;37401;0;0.00;0.00;0;0
1421240259;eth0;0.00;52392480.00;52392480.00;52392480;0;0.00;37145.00;37145.00;37145;0;0.00;0.00;0;0
1421240259;total;0.00;52392480.00;52392480.00;52392480;0;0.00;37145.00;37145.00;37145;0;0.00;0.00;0;0
1421240260;eth0;0.00;52767288.00;52767288.00;52767288;0;0.00;37411.00;37411.00;37411;0;0.00;0.00;0;0
1421240260;total;0.00;52767288.00;52767288.00;52767288;0;0.00;37411.00;37411.00;37411;0;0.00;0.00;0;0
1421240261;eth0;0.00;52730976.00;52730976.00;52730976;0;0.00;37385.00;37385.00;37385;0;0.00;0.00;0;0
1421240261;total;0.00;52730976.00;52730976.00;52730976;0;0.00;37385.00;37385.00;37385;0;0.00;0.00;0;0
1421240262;eth0;1230.00;52722512.00;52723744.00;52722512;1230;13.00;37377.00;37390.00;37377;13;0.00;0.00;0;0
1421240262;total;1230.00;52722512.00;52723744.00;52722512;1230;13.00;37377.00;37390.00;37377;13;0.00;0.00;0;0
1421240263;eth0;0.00;52764768.00;52764768.00;52764768;0;0.00;37407.00;37407.00;37407;0;0.00;0.00;0;0
1421240263;total;0.00;52764768.00;52764768.00;52764768;0;0.00;37407.00;37407.00;37407;0;0.00;0.00;0;0
1421240264;eth0;0.00;52733948.00;52733948.00;52733948;0;0.00;37385.00;37385.00;37385;0;0.00;0.00;0;0
1421240264;total;0.00;52733948.00;52733948.00;52733948;0;0.00;37385.00;37385.00;37385;0;0.00;0.00;0;0
1421240265;eth0;548.00;52754784.00;52755336.00;52754786;548;6.00;37400.00;37406.00;37400;6;0.00;0.00;0;0
1421240265;total;548.00;52754784.00;52755336.00;52754786;548;6.00;37400.00;37406.00;37400;6;0.00;0.00;0;0
1421240266;eth0;0.00;52754784.00;52754784.00;52754786;0;0.00;37400.00;37400.00;37400;0;0.00;0.00;0;0
1421240266;total;0.00;52754784.00;52754784.00;52754786;0;0.00;37400.00;37400.00;37400;0;0.00;0.00;0;0
1421240267;eth0;370.00;52728584.00;52728952.00;52728584;370;4.00;37382.00;37386.00;37382;4;0.00;0.00;0;0
1421240267;total;370.00;52728584.00;52728952.00;52728584;370;4.00;37382.00;37386.00;37382;4;0.00;0.00;0;0
1421240268;eth0;0.00;52750296.00;52750296.00;52750296;0;0.00;37398.00;37398.00;37398;0;0.00;0.00;0;0
1421240268;total;0.00;52750296.00;52750296.00;52750296;0;0.00;37398.00;37398.00;37398;0;0.00;0.00;0;0
1421240269;eth0;0.00;52741024.00;52741024.00;52741022;0;0.00;37392.00;37392.00;37392;0;0.00;0.00;0;0
1421240269;total;0.00;52741024.00;52741024.00;52741022;0;0.00;37392.00;37392.00;37392;0;0.00;0.00;0;0
1421240270;eth0;0.00;52763376.00;52763376.00;52763378;0;0.00;37408.00;37408.00;37408;0;0.00;0.00;0;0
1421240270;total;0.00;52763376.00;52763376.00;52763378;0;0.00;37408.00;37408.00;37408;0;0.00;0.00;0;0
1421240271;eth0;106.00;52570296.00;52570404.00;52570298;106;1.00;37272.00;37273.00;37272;1;0.00;0.00;0;0
1421240271;total;106.00;52570296.00;52570404.00;52570298;106;1.00;37272.00;37273.00;37272;1;0.00;0.00;0;0
1421240272;eth0;0.00;52743992.00;52743992.00;52743994;0;0.00;37393.00;37393.00;37393;0;0.00;0.00;0;0
1421240272;total;0.00;52743992.00;52743992.00;52743994;0;0.00;37393.00;37393.00;37393;0;0.00;0.00;0;0
1421240273;eth0;0.00;52756368.00;52756368.00;52756368;0;0.00;37402.00;37402.00;37402;0;0.00;0.00;0;0
1421240273;total;0.00;52756368.00;52756368.00;52756368;0;0.00;37402.00;37402.00;37402;0;0.00;0.00;0;0
1421240274;eth0;0.00;52743288.00;52743288.00;52743286;0;0.00;37392.00;37392.00;37392;0;0.00;0.00;0;0
1421240274;total;0.00;52743288.00;52743288.00;52743286;0;0.00;37392.00;37392.00;37392;0;0.00;0.00;0;0
1421240275;eth0;0.00;52780824.00;52780824.00;52780822;0;0.00;37419.00;37419.00;37419;0;0.00;0.00;0;0
1421240275;total;0.00;52780824.00;52780824.00;52780822;0;0.00;37419.00;37419.00;37419;0;0.00;0.00;0;0
1421240276;eth0;342.00;52714048.00;52714392.00;52714048;342;4.00;37372.00;37376.00;37372;4;0.00;0.00;0;0
1421240276;total;342.00;52714048.00;52714392.00;52714048;342;4.00;37372.00;37376.00;37372;4;0.00;0.00;0;0
1421240277;eth0;0.00;52748712.00;52748712.00;52748714;0;0.00;37395.00;37395.00;37395;0;0.00;0.00;0;0
1421240277;total;0.00;52748712.00;52748712.00;52748714;0;0.00;37395.00;37395.00;37395;0;0.00;0.00;0;0
1421240278;eth0;8817.18;52686972.00;52695784.00;52739656;8826;6.99;37353.65;37360.64;37391;7;0.00;0.00;0;0
1421240278;total;8817.18;52686972.00;52695784.00;52739656;8826;6.99;37353.65;37360.64;37391;7;0.00;0.00;0;0
1421240279;eth0;0.00;52748548.00;52748548.00;52748548;0;0.00;37397.00;37397.00;37397;0;0.00;0.00;0;0
1421240279;total;0.00;52748548.00;52748548.00;52748548;0;0.00;37397.00;37397.00;37397;0;0.00;0.00;0;0
1421240280;eth0;204.00;52755864.00;52756068.00;52755865;204;2.00;37403.00;37405.00;37403;2;0.00;0.00;0;0
1421240280;total;204.00;52755864.00;52756068.00;52755865;204;2.00;37403.00;37405.00;37403;2;0.00;0.00;0;0
1421240281;eth0;0.00;52739568.00;52739568.00;52739568;0;0.00;37392.00;37392.00;37392;0;0.00;0.00;0;0
1421240281;total;0.00;52739568.00;52739568.00;52739568;0;0.00;37392.00;37392.00;37392;0;0.00;0.00;0;0
1421240282;eth0;1358.00;52745768.00;52747128.00;52745768;1358;15.00;37398.00;37413.00;37398;15;0.00;0.00;0;0
1421240282;total;1358.00;52745768.00;52747128.00;52745768;1358;15.00;37398.00;37413.00;37398;15;0.00;0.00;0;0
1421240283;eth0;64.00;52521024.00;52521088.00;52521022;64;1.00;37237.00;37238.00;37237;1;0.00;0.00;0;0
1421240283;total;64.00;52521024.00;52521088.00;52521022;64;1.00;37237.00;37238.00;37237;1;0.00;0.00;0;0
1421240284;eth0;0.00;52384824.00;52384824.00;52384826;0;0.00;37139.00;37139.00;37139;0;0.00;0.00;0;0
1421240284;total;0.00;52384824.00;52384824.00;52384826;0;0.00;37139.00;37139.00;37139;0;0.00;0.00;0;0
1421240285;eth0;0.00;52735464.00;52735464.00;52735466;0;0.00;37387.00;37387.00;37387;0;0.00;0.00;0;0
1421240285;total;0.00;52735464.00;52735464.00;52735466;0;0.00;37387.00;37387.00;37387;0;0.00;0.00;0;0
1421240286;eth0;0.00;52753268.00;52753268.00;52753268;0;0.00;37398.00;37398.00;37398;0;0.00;0.00;0;0
1421240286;total;0.00;52753268.00;52753268.00;52753268;0;0.00;37398.00;37398.00;37398;0;0.00;0.00;0;0
1421240287;eth0;306.00;52730912.00;52731216.00;52730912;306;3.00;37384.00;37387.00;37384;3;0.00;0.00;0;0
1421240287;total;306.00;52730912.00;52731216.00;52730912;306;3.00;37384.00;37387.00;37384;3;0.00;0.00;0;0
1421240288;eth0;0.00;52763248.00;52763248.00;52763250;0;0.00;37405.00;37405.00;37405;0;0.00;0.00;0;0
1421240288;total;0.00;52763248.00;52763248.00;52763250;0;0.00;37405.00;37405.00;37405;0;0.00;0.00;0;0
1421240289;eth0;0.00;52727000.00;52727000.00;52727002;0;0.00;37381.00;37381.00;37381;0;0.00;0.00;0;0
1421240289;total;0.00;52727000.00;52727000.00;52727002;0;0.00;37381.00;37381.00;37381;0;0.00;0.00;0;0
1421240290;eth0;0.00;52751816.00;52751816.00;52751814;0;0.00;37398.00;37398.00;37398;0;0.00;0.00;0;0
1421240290;total;0.00;52751816.00;52751816.00;52751814;0;0.00;37398.00;37398.00;37398;0;0.00;0.00;0;0
1421240291;eth0;106.00;52755632.00;52755736.00;52755632;106;1.00;37404.00;37405.00;37404;1;0.00;0.00;0;0
1421240291;total;106.00;52755632.00;52755736.00;52755632;106;1.00;37404.00;37405.00;37404;1;0.00;0.00;0;0
1421240292;eth0;64.00;52748904.00;52748968.00;52748906;64;1.00;37398.00;37399.00;37398;1;0.00;0.00;0;0
1421240292;total;64.00;52748904.00;52748968.00;52748906;64;1.00;37398.00;37399.00;37398;1;0.00;0.00;0;0
1421240293;eth0;0.00;52744056.00;52744056.00;52744058;0;0.00;37394.00;37394.00;37394;0;0.00;0.00;0;0
1421240293;total;0.00;52744056.00;52744056.00;52744058;0;0.00;37394.00;37394.00;37394;0;0.00;0.00;0;0
1421240294;eth0;0.00;52313204.00;52313204.00;52313204;0;0.00;37088.00;37088.00;37088;0;0.00;0.00;0;0
1421240294;total;0.00;52313204.00;52313204.00;52313204;0;0.00;37088.00;37088.00;37088;0;0.00;0.00;0;0
1421240295;eth0;0.00;52756368.00;52756368.00;52756368;0;0.00;37402.00;37402.00;37402;0;0.00;0.00;0;0
1421240295;total;0.00;52756368.00;52756368.00;52756368;0;0.00;37402.00;37402.00;37402;0;0.00;0.00;0;0
1421240296;eth0;2057.88;52651636.00;52653692.00;52756934;2062;24.95;37341.32;37366.27;37416;25;0.00;0.00;0;0
1421240296;total;2057.88;52651636.00;52653692.00;52756934;2062;24.95;37341.32;37366.27;37416;25;0.00;0.00;0;0
1421240297;eth0;0.00;52746320.00;52746320.00;52746322;0;0.00;37394.00;37394.00;37394;0;0.00;0.00;0;0
1421240297;total;0.00;52746320.00;52746320.00;52746322;0;0.00;37394.00;37394.00;37394;0;0.00;0.00;0;0
1421240298;eth0;0.00;52743288.00;52743288.00;52743286;0;0.00;37392.00;37392.00;37392;0;0.00;0.00;0;0
1421240298;total;0.00;52743288.00;52743288.00;52743286;0;0.00;37392.00;37392.00;37392;0;0.00;0.00;0;0
1421240299;eth0;0.00;52756304.00;52756304.00;52756304;0;0.00;37401.00;37401.00;37401;0;0.00;0.00;0;0
1421240299;total;0.00;52756304.00;52756304.00;52756304;0;0.00;37401.00;37401.00;37401;0;0.00;0.00;0;0
1421240300;eth0;0.00;52671664.00;52671664.00;52671664;0;0.00;37341.00;37341.00;37341;0;0.00;0.00;0;0
1421240300;total;0.00;52671664.00;52671664.00;52671664;0;0.00;37341.00;37341.00;37341;0;0.00;0.00;0;0
1421240301;eth0;0.00;52756368.00;52756368.00;52756368;0;0.00;37403.00;37403.00;37403;0;0.00;0.00;0;0
1421240301;total;0.00;52756368.00;52756368.00;52756368;0;0.00;37403.00;37403.00;37403;0;0.00;0.00;0;0
1421240302;eth0;1230.00;52748032.00;52749264.00;52748032;1230;13.00;37397.00;37410.00;37397;13;0.00;0.00;0;0
1421240302;total;1230.00;52748032.00;52749264.00;52748032;1230;13.00;37397.00;37410.00;37397;13;0.00;0.00;0;0
1421240303;eth0;0.00;52739568.00;52739568.00;52739568;0;0.00;37392.00;37392.00;37392;0;0.00;0.00;0;0
1421240303;total;0.00;52739568.00;52739568.00;52739568;0;0.00;37392.00;37392.00;37392;0;0.00;0.00;0;0
1421240304;eth0;0.00;52748032.00;52748032.00;52748032;0;0.00;37399.00;37399.00;37399;0;0.00;0.00;0;0
1421240304;total;0.00;52748032.00;52748032.00;52748032;0;0.00;37399.00;37399.00;37399;0;0.00;0.00;0;0
1421240305;eth0;560.00;52728584.00;52729144.00;52728584;560;6.00;37382.00;37388.00;37382;6;0.00;0.00;0;0
1421240305;total;560.00;52728584.00;52729144.00;52728584;560;6.00;37382.00;37388.00;37382;6;0.00;0.00;0;0
1421240306;eth0;0.00;52733368.00;52733368.00;52733368;0;0.00;37385.00;37385.00;37385;0;0.00;0.00;0;0
1421240306;total;0.00;52733368.00;52733368.00;52733368;0;0.00;37385.00;37385.00;37385;0;0.00;0.00;0;0
1421240307;eth0;306.00;52642360.00;52642668.00;52642362;306;3.00;37321.00;37324.00;37321;3;0.00;0.00;0;0
1421240307;total;306.00;52642360.00;52642668.00;52642362;306;3.00;37321.00;37324.00;37321;3;0.00;0.00;0;0
1421240308;eth0;0.00;52497832.00;52497832.00;52497830;0;0.00;37217.00;37217.00;37217;0;0.00;0.00;0;0
1421240308;total;0.00;52497832.00;52497832.00;52497830;0;0.00;37217.00;37217.00;37217;0;0.00;0.00;0;0
1421240309;eth0;64.00;52732496.00;52732560.00;52732494;64;1.00;37385.00;37386.00;37385;1;0.00;0.00;0;0
1421240309;total;64.00;52732496.00;52732560.00;52732494;64;1.00;37385.00;37386.00;37385;1;0.00;0.00;0;0
1421240310;eth0;0.00;52763248.00;52763248.00;52763250;0;0.00;37406.00;37406.00;37406;0;0.00;0.00;0;0
1421240310;total;0.00;52763248.00;52763248.00;52763250;0;0.00;37406.00;37406.00;37406;0;0.00;0.00;0;0
1421240311;eth0;106.00;52735616.00;52735724.00;52735617;106;1.00;37389.00;37390.00;37389;1;0.00;0.00;0;0
1421240311;total;106.00;52735616.00;52735724.00;52735617;106;1.00;37389.00;37390.00;37389;1;0.00;0.00;0;0
1421240312;eth0;0.00;52709496.00;52709496.00;52709494;0;0.00;37368.00;37368.00;37368;0;0.00;0.00;0;0
1421240312;total;0.00;52709496.00;52709496.00;52709494;0;0.00;37368.00;37368.00;37368;0;0.00;0.00;0;0
1421240313;eth0;0.00;52739504.00;52739504.00;52739504;0;0.00;37391.00;37391.00;37391;0;0.00;0.00;0;0
1421240313;total;0.00;52739504.00;52739504.00;52739504;0;0.00;37391.00;37391.00;37391;0;0.00;0.00;0;0
1421240314;eth0;0.00;52752520.00;52752520.00;52752522;0;0.00;37400.00;37400.00;37400;0;0.00;0.00;0;0
1421240314;total;0.00;52752520.00;52752520.00;52752522;0;0.00;37400.00;37400.00;37400;0;0.00;0.00;0;0
1421240315;eth0;0.00;52751880.00;52751880.00;52751878;0;0.00;37400.00;37400.00;37400;0;0.00;0.00;0;0
1421240315;total;0.00;52751880.00;52751880.00;52751878;0;0.00;37400.00;37400.00;37400;0;0.00;0.00;0;0
1421240316;eth0;0.00;52737048.00;52737048.00;52737048;0;0.00;37388.00;37388.00;37388;0;0.00;0.00;0;0
1421240316;total;0.00;52737048.00;52737048.00;52737048;0;0.00;37388.00;37388.00;37388;0;0.00;0.00;0;0
1421240317;eth0;0.00;52741832.00;52741832.00;52741832;0;0.00;37392.00;37392.00;37392;0;0.00;0.00;0;0
1421240317;total;0.00;52741832.00;52741832.00;52741832;0;0.00;37392.00;37392.00;37392;0;0.00;0.00;0;0
1421240318;eth0;8890.00;52762792.00;52771680.00;52762790;8890;8.00;37410.00;37418.00;37410;8;0.00;0.00;0;0
1421240318;total;8890.00;52762792.00;52771680.00;52762790;8890;8.00;37410.00;37418.00;37410;8;0.00;0.00;0;0
1421240319;eth0;0.00;52630864.00;52630864.00;52630862;0;0.00;37311.00;37311.00;37311;0;0.00;0.00;0;0
1421240319;total;0.00;52630864.00;52630864.00;52630862;0;0.00;37311.00;37311.00;37311;0;0.00;0.00;0;0
1421240320;eth0;0.00;52790224.00;52790224.00;52790224;0;0.00;37426.00;37426.00;37426;0;0.00;0.00;0;0
1421240320;total;0.00;52790224.00;52790224.00;52790224;0;0.00;37426.00;37426.00;37426;0;0.00;0.00;0;0
1421240321;eth0;0.00;52708556.00;52708556.00;52708556;0;0.00;37368.00;37368.00;37368;0;0.00;0.00;0;0
1421240321;total;0.00;52708556.00;52708556.00;52708556;0;0.00;37368.00;37368.00;37368;0;0.00;0.00;0;0
1421240322;eth0;1228.77;52701444.00;52702672.00;52754142;1230;12.99;37361.64;37374.63;37399;13;0.00;0.00;0;0
1421240322;total;1228.77;52701444.00;52702672.00;52754142;1230;12.99;37361.64;37374.63;37399;13;0.00;0.00;0;0
1421240323;eth0;0.00;52739504.00;52739504.00;52739504;0;0.00;37391.00;37391.00;37391;0;0.00;0.00;0;0
1421240323;total;0.00;52739504.00;52739504.00;52739504;0;0.00;37391.00;37391.00;37391;0;0.00;0.00;0;0
1421240324;eth0;0.00;52686884.00;52686884.00;52739568;0;0.00;37354.65;37354.65;37392;0;0.00;0.00;0;0
1421240324;total;0.00;52686884.00;52686884.00;52739568;0;0.00;37354.65;37354.65;37392;0;0.00;0.00;0;0
1421240325;eth0;465.07;52657256.00;52657720.00;52762568;466;4.99;37333.33;37338.32;37408;5;0.00;0.00;0;0
1421240325;total;465.07;52657256.00;52657720.00;52762568;466;4.99;37333.33;37338.32;37408;5;0.00;0.00;0;0
1421240326;eth0;0.00;52741896.00;52741896.00;52741896;0;0.00;37393.00;37393.00;37393;0;0.00;0.00;0;0
1421240326;total;0.00;52741896.00;52741896.00;52741896;0;0.00;37393.00;37393.00;37393;0;0.00;0.00;0;0
1421240327;eth0;918.00;52714112.00;52715032.00;52714112;918;10.00;37373.00;37383.00;37373;10;0.00;0.00;0;0
1421240327;total;918.00;52714112.00;52715032.00;52714112;918;10.00;37373.00;37383.00;37373;10;0.00;0.00;0;0
1421240328;eth0;0.00;52764832.00;52764832.00;52764832;0;0.00;37408.00;37408.00;37408;0;0.00;0.00;0;0
1421240328;total;0.00;52764832.00;52764832.00;52764832;0;0.00;37408.00;37408.00;37408;0;0.00;0.00;0;0
1421240329;eth0;0.00;52730912.00;52730912.00;52730912;0;0.00;37384.00;37384.00;37384;0;0.00;0.00;0;0
1421240329;total;0.00;52730912.00;52730912.00;52730912;0;0.00;37384.00;37384.00;37384;0;0.00;0.00;0;0
1421240330;eth0;204.00;52747840.00;52748044.00;52747840;204;2.00;37394.00;37396.00;37394;2;0.00;0.00;0;0
1421240330;total;204.00;52747840.00;52748044.00;52747840;204;2.00;37394.00;37396.00;37394;2;0.00;0.00;0;0
1421240331;eth0;170.00;52747104.00;52747272.00;52747104;170;2.00;37397.00;37399.00;37397;2;0.00;0.00;0;0
1421240331;total;170.00;52747104.00;52747272.00;52747104;170;2.00;37397.00;37399.00;37397;2;0.00;0.00;0;0
1421240332;eth0;0.00;52740248.00;52740248.00;52740250;0;0.00;37389.00;37389.00;37389;0;0.00;0.00;0;0
1421240332;total;0.00;52740248.00;52740248.00;52740250;0;0.00;37389.00;37389.00;37389;0;0.00;0.00;0;0
1421240333;eth0;0.00;52764768.00;52764768.00;52764768;0;0.00;37407.00;37407.00;37407;0;0.00;0.00;0;0
1421240333;total;0.00;52764768.00;52764768.00;52764768;0;0.00;37407.00;37407.00;37407;0;0.00;0.00;0;0
1421240334;eth0;0.00;52732496.00;52732496.00;52732494;0;0.00;37385.00;37385.00;37385;0;0.00;0.00;0;0
1421240334;total;0.00;52732496.00;52732496.00;52732494;0;0.00;37385.00;37385.00;37385;0;0.00;0.00;0;0
1421240335;eth0;64.00;52763440.00;52763504.00;52763442;64;1.00;37409.00;37410.00;37409;1;0.00;0.00;0;0
1421240335;total;64.00;52763440.00;52763504.00;52763442;64;1.00;37409.00;37410.00;37409;1;0.00;0.00;0;0
1421240336;eth0;64.00;52731104.00;52731168.00;52731104;64;1.00;37386.00;37387.00;37386;1;0.00;0.00;0;0
1421240336;total;64.00;52731104.00;52731168.00;52731104;64;1.00;37386.00;37387.00;37386;1;0.00;0.00;0;0
1421240337;eth0;0.00;52756432.00;52756432.00;52756432;0;0.00;37404.00;37404.00;37404;0;0.00;0.00;0;0
1421240337;total;0.00;52756432.00;52756432.00;52756432;0;0.00;37404.00;37404.00;37404;0;0.00;0.00;0;0
1421240338;eth0;0.00;52740960.00;52740960.00;52740958;0;0.00;37391.00;37391.00;37391;0;0.00;0.00;0;0
1421240338;total;0.00;52740960.00;52740960.00;52740958;0;0.00;37391.00;37391.00;37391;0;0.00;0.00;0;0
1421240339;eth0;0.00;52754848.00;52754848.00;52754850;0;0.00;37401.00;37401.00;37401;0;0.00;0.00;0;0
1421240339;total;0.00;52754848.00;52754848.00;52754850;0;0.00;37401.00;37401.00;37401;0;0.00;0.00;0;0
1421240340;eth0;0.00;52739376.00;52739376.00;52739376;0;0.00;37388.00;37388.00;37388;0;0.00;0.00;0;0
1421240340;total;0.00;52739376.00;52739376.00;52739376;0;0.00;37388.00;37388.00;37388;0;0.00;0.00;0;0
1421240341;eth0;0.00;52756304.00;52756304.00;52756304;0;0.00;37401.00;37401.00;37401;0;0.00;0.00;0;0
1421240341;total;0.00;52756304.00;52756304.00;52756304;0;0.00;37401.00;37401.00;37401;0;0.00;0.00;0;0
1421240342;eth0;1230.00;52546300.00;52547528.00;52546299;1230;13.00;37254.00;37267.00;37254;13;0.00;0.00;0;0
1421240342;total;1230.00;52546300.00;52547528.00;52546299;1230;13.00;37254.00;37267.00;37254;13;0.00;0.00;0;0
1421240343;eth0;0.00;52603144.00;52603144.00;52603142;0;0.00;37292.00;37292.00;37292;0;0.00;0.00;0;0
1421240343;total;0.00;52603144.00;52603144.00;52603142;0;0.00;37292.00;37292.00;37292;0;0.00;0.00;0;0
1421240344;eth0;0.00;52582536.00;52582536.00;52582534;0;0.00;37279.00;37279.00;37279;0;0.00;0.00;0;0
1421240344;total;0.00;52582536.00;52582536.00;52582534;0;0.00;37279.00;37279.00;37279;0;0.00;0.00;0;0
1421240345;eth0;364.00;52751880.00;52752240.00;52751878;364;4.00;37400.00;37404.00;37400;4;0.00;0.00;0;0
1421240345;total;364.00;52751880.00;52752240.00;52751878;364;4.00;37400.00;37404.00;37400;4;0.00;0.00;0;0
1421240346;eth0;0.00;52739568.00;52739568.00;52739568;0;0.00;37392.00;37392.00;37392;0;0.00;0.00;0;0
1421240346;total;0.00;52739568.00;52739568.00;52739568;0;0.00;37392.00;37392.00;37392;0;0.00;0.00;0;0
1421240347;eth0;306.00;52747968.00;52748272.00;52747968;306;3.00;37397.00;37400.00;37397;3;0.00;0.00;0;0
1421240347;total;306.00;52747968.00;52748272.00;52747968;306;3.00;37397.00;37400.00;37397;3;0.00;0.00;0;0
1421240348;eth0;0.00;52754040.00;52754040.00;52754040;0;0.00;37401.00;37401.00;37401;0;0.00;0.00;0;0
1421240348;total;0.00;52754040.00;52754040.00;52754040;0;0.00;37401.00;37401.00;37401;0;0.00;0.00;0;0
1421240349;eth0;0.00;52753332.00;52753332.00;52753332;0;0.00;37400.00;37400.00;37400;0;0.00;0.00;0;0
1421240349;total;0.00;52753332.00;52753332.00;52753332;0;0.00;37400.00;37400.00;37400;0;0.00;0.00;0;0
1421240350;eth0;0.00;52734012.00;52734012.00;52734012;0;0.00;37387.00;37387.00;37387;0;0.00;0.00;0;0
1421240350;total;0.00;52734012.00;52734012.00;52734012;0;0.00;37387.00;37387.00;37387;0;0.00;0.00;0;0
1421240351;eth0;106.00;52749432.00;52749536.00;52749432;106;1.00;37397.00;37398.00;37397;1;0.00;0.00;0;0
1421240351;total;106.00;52749432.00;52749536.00;52749432;106;1.00;37397.00;37398.00;37397;1;0.00;0.00;0;0
1421240352;eth0;128.00;52757304.00;52757432.00;52757306;128;2.00;37403.00;37405.00;37403;2;0.00;0.00;0;0
1421240352;total;128.00;52757304.00;52757432.00;52757306;128;2.00;37403.00;37405.00;37403;2;0.00;0.00;0;0
1421240353;eth0;0.00;52697056.00;52697056.00;52697056;0;0.00;37359.00;37359.00;37359;0;0.00;0.00;0;0
1421240353;total;0.00;52697056.00;52697056.00;52697056;0;0.00;37359.00;37359.00;37359;0;0.00;0.00;0;0
1421240354;eth0;0.00;52739376.00;52739376.00;52739376;0;0.00;37389.00;37389.00;37389;0;0.00;0.00;0;0
1421240354;total;0.00;52739376.00;52739376.00;52739376;0;0.00;37389.00;37389.00;37389;0;0.00;0.00;0;0
1421240355;eth0;0.00;52671664.00;52671664.00;52671664;0;0.00;37341.00;37341.00;37341;0;0.00;0.00;0;0
1421240355;total;0.00;52671664.00;52671664.00;52671664;0;0.00;37341.00;37341.00;37341;0;0.00;0.00;0;0
1421240356;eth0;1992.00;52761552.00;52763544.00;52761552;1992;24.00;37421.00;37445.00;37421;24;0.00;0.00;0;0
1421240356;total;1992.00;52761552.00;52763544.00;52761552;1992;24.00;37421.00;37445.00;37421;24;0.00;0.00;0;0
1421240357;eth0;0.00;52510332.00;52510332.00;52510332;0;0.00;37228.00;37228.00;37228;0;0.00;0.00;0;0
1421240357;total;0.00;52510332.00;52510332.00;52510332;0;0.00;37228.00;37228.00;37228;0;0.00;0.00;0;0
1421240358;eth0;8826.00;52735944.00;52744768.00;52735944;8826;7.00;37391.00;37398.00;37391;7;0.00;0.00;0;0
1421240358;total;8826.00;52735944.00;52744768.00;52735944;8826;7.00;37391.00;37398.00;37391;7;0.00;0.00;0;0
1421240359;eth0;0.00;52768808.00;52768808.00;52768806;0;0.00;37412.00;37412.00;37412;0;0.00;0.00;0;0
1421240359;total;0.00;52768808.00;52768808.00;52768806;0;0.00;37412.00;37412.00;37412;0;0.00;0.00;0;0
1421240360;eth0;1160.00;52750940.00;52752100.00;52750940;1160;12.00;37399.00;37411.00;37399;12;0.00;0.00;0;0
1421240360;total;1160.00;52750940.00;52752100.00;52750940;1160;12.00;37399.00;37411.00;37399;12;0.00;0.00;0;0
1421240361;eth0;64.00;52728004.00;52728068.00;52728004;64;1.00;37382.00;37383.00;37382;1;0.00;0.00;0;0
1421240361;total;64.00;52728004.00;52728068.00;52728004;64;1.00;37382.00;37383.00;37382;1;0.00;0.00;0;0
1421240362;eth0;1294.00;52737048.00;52738344.00;52737048;1294;14.00;37388.00;37402.00;37388;14;0.00;0.00;0;0
1421240362;total;1294.00;52737048.00;52738344.00;52737048;1294;14.00;37388.00;37402.00;37388;14;0.00;0.00;0;0
1421240363;eth0;0.00;52741768.00;52741768.00;52741768;0;0.00;37391.00;37391.00;37391;0;0.00;0.00;0;0
1421240363;total;0.00;52741768.00;52741768.00;52741768;0;0.00;37391.00;37391.00;37391;0;0.00;0.00;0;0
1421240364;eth0;94.00;52740896.00;52740988.00;52740894;94;1.00;37390.00;37391.00;37390;1;0.00;0.00;0;0
1421240364;total;94.00;52740896.00;52740988.00;52740894;94;1.00;37390.00;37391.00;37390;1;0.00;0.00;0;0
1421240365;eth0;0.00;52749424.00;52749424.00;52749422;0;0.00;37397.00;37397.00;37397;0;0.00;0.00;0;0
1421240365;total;0.00;52749424.00;52749424.00;52749422;0;0.00;37397.00;37397.00;37397;0;0.00;0.00;0;0
1421240366;eth0;278.00;52753332.00;52753608.00;52753332;278;3.00;37400.00;37403.00;37400;3;0.00;0.00;0;0
1421240366;total;278.00;52753332.00;52753608.00;52753332;278;3.00;37400.00;37403.00;37400;3;0.00;0.00;0;0
1421240367;eth0;306.00;52739504.00;52739808.00;52739504;306;3.00;37391.00;37394.00;37391;3;0.00;0.00;0;0
1421240367;total;306.00;52739504.00;52739808.00;52739504;306;3.00;37391.00;37394.00;37391;3;0.00;0.00;0;0
1421240368;eth0;0.00;52739504.00;52739504.00;52739504;0;0.00;37391.00;37391.00;37391;0;0.00;0.00;0;0
1421240368;total;0.00;52739504.00;52739504.00;52739504;0;0.00;37391.00;37391.00;37391;0;0.00;0.00;0;0
1421240369;eth0;0.00;52687848.00;52687848.00;52687846;0;0.00;37355.00;37355.00;37355;0;0.00;0.00;0;0
1421240369;total;0.00;52687848.00;52687848.00;52687846;0;0.00;37355.00;37355.00;37355;0;0.00;0.00;0;0
1421240370;eth0;0.00;52588024.00;52588024.00;52588026;0;0.00;37283.00;37283.00;37283;0;0.00;0.00;0;0
1421240370;total;0.00;52588024.00;52588024.00;52588026;0;0.00;37283.00;37283.00;37283;0;0.00;0.00;0;0
1421240371;eth0;106.00;52739512.00;52739620.00;52739514;106;1.00;37391.00;37392.00;37391;1;0.00;0.00;0;0
1421240371;total;106.00;52739512.00;52739620.00;52739514;106;1.00;37391.00;37392.00;37391;1;0.00;0.00;0;0
1421240372;eth0;0.00;52747904.00;52747904.00;52747904;0;0.00;37396.00;37396.00;37396;0;0.00;0.00;0;0
1421240372;total;0.00;52747904.00;52747904.00;52747904;0;0.00;37396.00;37396.00;37396;0;0.00;0.00;0;0
1421240373;eth0;0.00;52755432.00;52755432.00;52755430;0;0.00;37401.00;37401.00;37401;0;0.00;0.00;0;0
1421240373;total;0.00;52755432.00;52755432.00;52755430;0;0.00;37401.00;37401.00;37401;0;0.00;0.00;0;0
1421240374;eth0;0.00;52317128.00;52317128.00;52317127;0;0.00;37090.00;37090.00;37090;0;0.00;0.00;0;0
1421240374;total;0.00;52317128.00;52317128.00;52317127;0;0.00;37090.00;37090.00;37090;0;0.00;0.00;0;0
1421240375;eth0;0.00;52747840.00;52747840.00;52747840;0;0.00;37395.00;37395.00;37395;0;0.00;0.00;0;0
1421240375;total;0.00;52747840.00;52747840.00;52747840;0;0.00;37395.00;37395.00;37395;0;0.00;0.00;0;0
1421240376;eth0;414.00;52761224.00;52761636.00;52761223;414;2.00;37405.00;37407.00;37405;2;0.00;0.00;0;0
1421240376;total;414.00;52761224.00;52761636.00;52761223;414;2.00;37405.00;37407.00;37405;2;0.00;0.00;0;0
1421240377;eth0;64.00;52739376.00;52739440.00;52739376;64;1.00;37389.00;37390.00;37389;1;0.00;0.00;0;0
1421240377;total;64.00;52739376.00;52739440.00;52739376;64;1.00;37389.00;37390.00;37389;1;0.00;0.00;0;0
1421240378;eth0;0.00;52768744.00;52768744.00;52768742;0;0.00;37411.00;37411.00;37411;0;0.00;0.00;0;0
1421240378;total;0.00;52768744.00;52768744.00;52768742;0;0.00;37411.00;37411.00;37411;0;0.00;0.00;0;0
1421240379;eth0;0.00;52282448.00;52282448.00;52282448;0;0.00;37067.00;37067.00;37067;0;0.00;0.00;0;0
1421240379;total;0.00;52282448.00;52282448.00;52282448;0;0.00;37067.00;37067.00;37067;0;0.00;0.00;0;0
1421240380;eth0;204.00;52739504.00;52739708.00;52739504;204;2.00;37391.00;37393.00;37391;2;0.00;0.00;0;0
1421240380;total;204.00;52739504.00;52739708.00;52739504;204;2.00;37391.00;37393.00;37391;2;0.00;0.00;0;0
1421240381;eth0;64.00;52739568.00;52739632.00;52739568;64;1.00;37392.00;37393.00;37392;1;0.00;0.00;0;0
1421240381;total;64.00;52739568.00;52739632.00;52739568;64;1.00;37392.00;37393.00;37392;1;0.00;0.00;0;0
1421240382;eth0;1230.00;52717084.00;52718312.00;52717084;1230;13.00;37375.00;37388.00;37375;13;0.00;0.00;0;0
1421240382;total;1230.00;52717084.00;52718312.00;52717084;1230;13.00;37375.00;37388.00;37375;13;0.00;0.00;0;0
1421240383;eth0;0.00;52761796.00;52761796.00;52761796;0;0.00;37405.00;37405.00;37405;0;0.00;0.00;0;0
1421240383;total;0.00;52761796.00;52761796.00;52761796;0;0.00;37405.00;37405.00;37405;0;0.00;0.00;0;0
1421240384;eth0;0.00;52742412.00;52742412.00;52742412;0;0.00;37391.00;37391.00;37391;0;0.00;0.00;0;0
1421240384;total;0.00;52742412.00;52742412.00;52742412;0;0.00;37391.00;37391.00;37391;0;0.00;0.00;0;0
1421240385;eth0;364.00;52746320.00;52746688.00;52746322;364;4.00;37394.00;37398.00;37394;4;0.00;0.00;0;0
1421240385;total;364.00;52746320.00;52746688.00;52746322;364;4.00;37394.00;37398.00;37394;4;0.00;0.00;0;0
1421240386;eth0;0.00;52754848.00;52754848.00;52754850;0;0.00;37401.00;37401.00;37401;0;0.00;0.00;0;0
1421240386;total;0.00;52754848.00;52754848.00;52754850;0;0.00;37401.00;37401.00;37401;0;0.00;0.00;0;0
1421240387;eth0;370.00;52727128.00;52727500.00;52727130;370;4.00;37382.00;37386.00;37382;4;0.00;0.00;0;0
1421240387;total;370.00;52727128.00;52727500.00;52727130;370;4.00;37382.00;37386.00;37382;4;0.00;0.00;0;0
1421240388;eth0;0.00;52760280.00;52760280.00;52760278;0;0.00;37405.00;37405.00;37405;0;0.00;0.00;0;0
1421240388;total;0.00;52760280.00;52760280.00;52760278;0;0.00;37405.00;37405.00;37405;0;0.00;0.00;0;0
1421240389;eth0;64.00;52749488.00;52749552.00;52749486;64;1.00;37398.00;37399.00;37398;1;0.00;0.00;0;0
1421240389;total;64.00;52749488.00;52749552.00;52749486;64;1.00;37398.00;37399.00;37398;1;0.00;0.00;0;0
1421240390;eth0;0.00;52729520.00;52729520.00;52729522;0;0.00;37385.00;37385.00;37385;0;0.00;0.00;0;0
1421240390;total;0.00;52729520.00;52729520.00;52729522;0;0.00;37385.00;37385.00;37385;0;0.00;0.00;0;0
1421240391;eth0;170.00;52765032.00;52765204.00;52765034;170;2.00;37410.00;37412.00;37410;2;0.00;0.00;0;0
1421240391;total;170.00;52765032.00;52765204.00;52765034;170;2.00;37410.00;37412.00;37410;2;0.00;0.00;0;0
1421240392;eth0;0.00;52742540.00;52742540.00;52742540;0;0.00;37394.00;37394.00;37394;0;0.00;0.00;0;0
1421240392;total;0.00;52742540.00;52742540.00;52742540;0;0.00;37394.00;37394.00;37394;0;0.00;0.00;0;0
1421240393;eth0;0.00;52752456.00;52752456.00;52752458;0;0.00;37399.00;37399.00;37399;0;0.00;0.00;0;0
1421240393;total;0.00;52752456.00;52752456.00;52752458;0;0.00;37399.00;37399.00;37399;0;0.00;0.00;0;0
1421240394;eth0;0.00;52740312.00;52740312.00;52740314;0;0.00;37390.00;37390.00;37390;0;0.00;0.00;0;0
1421240394;total;0.00;52740312.00;52740312.00;52740314;0;0.00;37390.00;37390.00;37390;0;0.00;0.00;0;0
1421240395;eth0;0.00;52742412.00;52742412.00;52742412;0;0.00;37391.00;37391.00;37391;0;0.00;0.00;0;0
1421240395;total;0.00;52742412.00;52742412.00;52742412;0;0.00;37391.00;37391.00;37391;0;0.00;0.00;0;0
1421240396;eth0;64.00;52753332.00;52753396.00;52753332;64;1.00;37401.00;37402.00;37401;1;0.00;0.00;0;0
1421240396;total;64.00;52753332.00;52753396.00;52753332;64;1.00;37401.00;37402.00;37401;1;0.00;0.00;0;0
1421240397;eth0;0.00;52434672.00;52434672.00;52434672;0;0.00;37172.00;37172.00;37172;0;0.00;0.00;0;0
1421240397;total;0.00;52434672.00;52434672.00;52434672;0;0.00;37172.00;37172.00;37172;0;0.00;0.00;0;0
1421240398;eth0;8826.00;52747248.00;52756072.00;52747246;8826;7.00;37396.00;37403.00;37396;7;0.00;0.00;0;0
1421240398;total;8826.00;52747248.00;52756072.00;52747246;8826;7.00;37396.00;37403.00;37396;7;0.00;0.00;0;0
1421240399;eth0;0.00;52740248.00;52740248.00;52740250;0;0.00;37390.00;37390.00;37390;0;0.00;0.00;0;0
1421240399;total;0.00;52740248.00;52740248.00;52740250;0;0.00;37390.00;37390.00;37390;0;0.00;0.00;0;0
1421240400;eth0;0.00;52739440.00;52739440.00;52739440;0;0.00;37390.00;37390.00;37390;0;0.00;0.00;0;0
1421240400;total;0.00;52739440.00;52739440.00;52739440;0;0.00;37390.00;37390.00;37390;0;0.00;0.00;0;0
1421240401;eth0;0.00;52739504.00;52739504.00;52739504;0;0.00;37391.00;37391.00;37391;0;0.00;0.00;0;0
1421240401;total;0.00;52739504.00;52739504.00;52739504;0;0.00;37391.00;37391.00;37391;0;0.00;0.00;0;0
1421240402;eth0;1230.00;52681776.00;52683004.00;52681774;1230;13.00;37350.00;37363.00;37350;13;0.00;0.00;0;0
1421240402;total;1230.00;52681776.00;52683004.00;52681774;1230;13.00;37350.00;37363.00;37350;13;0.00;0.00;0;0
1421240403;eth0;996.00;52740256.00;52741252.00;52740256;996;12.00;37399.00;37411.00;37399;12;0.00;0.00;0;0
1421240403;total;996.00;52740256.00;52741252.00;52740256;996;12.00;37399.00;37411.00;37399;12;0.00;0.00;0;0
1421240404;eth0;0.00;52752456.00;52752456.00;52752458;0;0.00;37399.00;37399.00;37399;0;0.00;0.00;0;0
1421240404;total;0.00;52752456.00;52752456.00;52752458;0;0.00;37399.00;37399.00;37399;0;0.00;0.00;0;0
1421240405;eth0;0.00;52734964.00;52734964.00;52734963;0;0.00;37388.00;37388.00;37388;0;0.00;0.00;0;0
1421240405;total;0.00;52734964.00;52734964.00;52734963;0;0.00;37388.00;37388.00;37388;0;0.00;0.00;0;0
1421240406;eth0;0.00;52750000.00;52750000.00;52750002;0;0.00;37397.00;37397.00;37397;0;0.00;0.00;0;0
1421240406;total;0.00;52750000.00;52750000.00;52750002;0;0.00;37397.00;37397.00;37397;0;0.00;0.00;0;0
1421240407;eth0;305.69;52464752.00;52465056.00;52517214;306;3.00;37194.81;37197.80;37232;3;0.00;0.00;0;0
1421240407;total;305.69;52464752.00;52465056.00;52517214;306;3.00;37194.81;37197.80;37232;3;0.00;0.00;0;0
1421240408;eth0;0.00;52759404.00;52759404.00;52759404;0;0.00;37405.00;37405.00;37405;0;0.00;0.00;0;0
1421240408;total;0.00;52759404.00;52759404.00;52759404;0;0.00;37405.00;37405.00;37405;0;0.00;0.00;0;0
1421240409;eth0;0.00;52744868.00;52744868.00;52744868;0;0.00;37394.00;37394.00;37394;0;0.00;0.00;0;0
1421240409;total;0.00;52744868.00;52744868.00;52744868;0;0.00;37394.00;37394.00;37394;0;0.00;0.00;0;0
1421240410;eth0;0.00;52642620.00;52642620.00;52747904;0;0.00;37320.36;37320.36;37395;0;0.00;0.00;0;0
1421240410;total;0.00;52642620.00;52642620.00;52747904;0;0.00;37320.36;37320.36;37395;0;0.00;0.00;0;0
1421240411;eth0;106.00;52739512.00;52739620.00;52739514;106;1.00;37391.00;37392.00;37391;1;0.00;0.00;0;0
1421240411;total;106.00;52739512.00;52739620.00;52739514;106;1.00;37391.00;37392.00;37391;1;0.00;0.00;0;0
1421240412;eth0;1230.00;52694792.00;52696024.00;52694792;1230;13.00;37359.00;37372.00;37359;13;0.00;0.00;0;0
1421240412;total;1230.00;52694792.00;52696024.00;52694792;1230;13.00;37359.00;37372.00;37359;13;0.00;0.00;0;0
1421240413;eth0;0.00;52731040.00;52731040.00;52731040;0;0.00;37385.00;37385.00;37385;0;0.00;0.00;0;0
1421240413;total;0.00;52731040.00;52731040.00;52731040;0;0.00;37385.00;37385.00;37385;0;0.00;0.00;0;0
1421240414;eth0;0.00;52751880.00;52751880.00;52751878;0;0.00;37400.00;37400.00;37400;0;0.00;0.00;0;0
1421240414;total;0.00;52751880.00;52751880.00;52751878;0;0.00;37400.00;37400.00;37400;0;0.00;0.00;0;0
1421240415;eth0;0.00;52653280.00;52653280.00;52653282;0;0.00;37329.00;37329.00;37329;0;0.00;0.00;0;0
1421240415;total;0.00;52653280.00;52653280.00;52653282;0;0.00;37329.00;37329.00;37329;0;0.00;0.00;0;0
1421240416;eth0;2056.00;52745560.00;52747616.00;52745562;2056;25.00;37411.00;37436.00;37411;25;0.00;0.00;0;0
1421240416;total;2056.00;52745560.00;52747616.00;52745562;2056;25.00;37411.00;37436.00;37411;25;0.00;0.00;0;0
1421240417;eth0;548.00;52492400.00;52492952.00;52492402;548;6.00;37213.00;37219.00;37213;6;0.00;0.00;0;0
1421240417;total;548.00;52492400.00;52492952.00;52492402;548;6.00;37213.00;37219.00;37213;6;0.00;0.00;0;0
1421240418;eth0;0.00;52759340.00;52759340.00;52759340;0;0.00;37403.00;37403.00;37403;0;0.00;0.00;0;0
1421240418;total;0.00;52759340.00;52759340.00;52759340;0;0.00;37403.00;37403.00;37403;0;0.00;0.00;0;0
1421240419;eth0;0.00;52753268.00;52753268.00;52753268;0;0.00;37399.00;37399.00;37399;0;0.00;0.00;0;0
1421240419;total;0.00;52753268.00;52753268.00;52753268;0;0.00;37399.00;37399.00;37399;0;0.00;0.00;0;0
1421240420;eth0;0.00;52697056.00;52697056.00;52697056;0;0.00;37359.00;37359.00;37359;0;0.00;0.00;0;0
1421240420;total;0.00;52697056.00;52697056.00;52697056;0;0.00;37359.00;37359.00;37359;0;0.00;0.00;0;0
1421240421;eth0;128.00;52744056.00;52744184.00;52744058;128;2.00;37395.00;37397.00;37395;2;0.00;0.00;0;0
1421240421;total;128.00;52744056.00;52744184.00;52744058;128;2.00;37395.00;37397.00;37395;2;0.00;0.00;0;0
1421240422;eth0;0.00;52743352.00;52743352.00;52743350;0;0.00;37392.00;37392.00;37392;0;0.00;0.00;0;0
1421240422;total;0.00;52743352.00;52743352.00;52743350;0;0.00;37392.00;37392.00;37392;0;0.00;0.00;0;0
1421240423;eth0;0.00;52739504.00;52739504.00;52739504;0;0.00;37391.00;37391.00;37391;0;0.00;0.00;0;0
1421240423;total;0.00;52739504.00;52739504.00;52739504;0;0.00;37391.00;37391.00;37391;0;0.00;0.00;0;0
1421240424;eth0;0.00;52739504.00;52739504.00;52739504;0;0.00;37391.00;37391.00;37391;0;0.00;0.00;0;0
1421240424;total;0.00;52739504.00;52739504.00;52739504;0;0.00;37391.00;37391.00;37391;0;0.00;0.00;0;0
1421240425;eth0;364.00;52739504.00;52739868.00;52739504;364;4.00;37391.00;37395.00;37391;4;0.00;0.00;0;0
1421240425;total;364.00;52739504.00;52739868.00;52739504;364;4.00;37391.00;37395.00;37391;4;0.00;0.00;0;0
