1421249148;eth0;9068.00;12011.00;21079.00;12011;9068;62.00;74.00;136.00;74;62;0.00;0.00;0;0
1421249148;total;9068.00;12011.00;21079.00;12011;9068;62.00;74.00;136.00;74;62;0.00;0.00;0;0
1421249149;eth0;44247860.00;58372728.00;102620592.00;58372728;44247861;39699.00;45710.00;85409.00;45710;39699;0.00;0.00;0;0
1421249149;total;44247860.00;58372728.00;102620592.00;58372728;44247861;39699.00;45710.00;85409.00;45710;39699;0.00;0.00;0;0
1421249150;eth0;52792168.00;69260312.00;122052480.00;69260309;52792170;45905.00;53688.00;99593.00;53688;45905;0.00;0.00;0;0
1421249150;total;52792168.00;69260312.00;122052480.00;69260309;52792170;45905.00;53688.00;99593.00;53688;45905;0.00;0.00;0;0
1421249151;eth0;53306696.00;71206936.00;124513632.00;71206936;53306694;46589.00;55070.00;101659.00;55070;46589;0.00;0.00;0;0
1421249151;total;53306696.00;71206936.00;124513632.00;71206936;53306694;46589.00;55070.00;101659.00;55070;46589;0.00;0.00;0;0
1421249152;eth0;53527064.00;70849952.00;124377016.00;70849953;53527064;47186.00;55242.00;102428.00;55242;47186;0.00;0.00;0;0
1421249152;total;53527064.00;70849952.00;124377016.00;70849953;53527064;47186.00;55242.00;102428.00;55242;47186;0.00;0.00;0;0
1421249153;eth0;53506964.00;70837328.00;124344288.00;70837324;53506965;47193.00;55334.00;102527.00;55334;47193;0.00;0.00;0;0
1421249153;total;53506964.00;70837328.00;124344288.00;70837324;53506965;47193.00;55334.00;102527.00;55334;47193;0.00;0.00;0;0
1421249154;eth0;53500388.00;70800392.00;124300776.00;70800389;53500387;46806.00;54898.00;101704.00;54898;46806;0.00;0.00;0;0
1421249154;total;53500388.00;70800392.00;124300776.00;70800389;53500387;46806.00;54898.00;101704.00;54898;46806;0.00;0.00;0;0
1421249155;eth0;53484392.00;70770128.00;124254520.00;70770125;53484392;46963.00;54927.00;101890.00;54927;46963;0.00;0.00;0;0
1421249155;total;53484392.00;70770128.00;124254520.00;70770125;53484392;46963.00;54927.00;101890.00;54927;46963;0.00;0.00;0;0
1421249156;eth0;53474240.00;70803904.00;124278136.00;70803901;53474238;46563.00;54898.00;101461.00;54898;46563;0.00;0.00;0;0
1421249156;total;53474240.00;70803904.00;124278136.00;70803901;53474238;46563.00;54898.00;101461.00;54898;46563;0.00;0.00;0;0
1421249157;eth0;53487660.00;70804696.00;124292360.00;70804697;53487661;46717.00;54916.00;101633.00;54916;46717;0.00;0.00;0;0
1421249157;total;53487660.00;70804696.00;124292360.00;70804697;53487661;46717.00;54916.00;101633.00;54916;46717;0.00;0.00;0;0
1421249158;eth0;53592724.00;70804976.00;124397704.00;70804979;53592724;48123.00;54934.00;103057.00;54934;48123;0.00;0.00;0;0
1421249158;total;53592724.00;70804976.00;124397704.00;70804979;53592724;48123.00;54934.00;103057.00;54934;48123;0.00;0.00;0;0
1421249159;eth0;53558600.00;70792968.00;124351568.00;70792969;53558601;47629.00;54818.00;102447.00;54818;47629;0.00;0.00;0;0
1421249159;total;53558600.00;70792968.00;124351568.00;70792969;53558601;47629.00;54818.00;102447.00;54818;47629;0.00;0.00;0;0
1421249160;eth0;53523004.00;70723440.00;124246440.00;70723437;53523005;47777.00;54870.00;102647.00;54870;47777;0.00;0.00;0;0
1421249160;total;53523004.00;70723440.00;124246440.00;70723437;53523005;47777.00;54870.00;102647.00;54870;47777;0.00;0.00;0;0
1421249161;eth0;53550308.00;70854688.00;124405000.00;70854691;53550308;47505.00;55387.00;102892.00;55387;47505;0.00;0.00;0;0
1421249161;total;53550308.00;70854688.00;124405000.00;70854691;53550308;47505.00;55387.00;102892.00;55387;47505;0.00;0.00;0;0
1421249162;eth0;53587900.00;70801616.00;124389520.00;70801617;53587901;48103.00;54888.00;102991.00;54888;48103;0.00;0.00;0;0
1421249162;total;53587900.00;70801616.00;124389520.00;70801617;53587901;48103.00;54888.00;102991.00;54888;48103;0.00;0.00;0;0
1421249163;eth0;53567120.00;70787312.00;124354432.00;70787313;53567118;47951.00;54697.00;102648.00;54697;47951;0.00;0.00;0;0
1421249163;total;53567120.00;70787312.00;124354432.00;70787313;53567118;47951.00;54697.00;102648.00;54697;47951;0.00;0.00;0;0
1421249164;eth0;53437152.00;70688424.00;124125576.00;70688421;53437153;47195.00;54948.00;102143.00;54948;47195;0.00;0.00;0;0
1421249164;total;53437152.00;70688424.00;124125576.00;70688421;53437153;47195.00;54948.00;102143.00;54948;47195;0.00;0.00;0;0
1421249165;eth0;53531408.00;70785264.00;124316672.00;70785266;53531410;47563.00;54929.00;102492.00;54929;47563;0.00;0.00;0;0
1421249165;total;53531408.00;70785264.00;124316672.00;70785266;53531410;47563.00;54929.00;102492.00;54929;47563;0.00;0.00;0;0
1421249166;eth0;53500584.00;70815176.00;124315760.00;70815173;53500584;46950.00;54997.00;101947.00;54997;46950;0.00;0.00;0;0
1421249166;total;53500584.00;70815176.00;124315760.00;70815173;53500584;46950.00;54997.00;101947.00;54997;46950;0.00;0.00;0;0
1421249167;eth0;53504272.00;70805200.00;124309472.00;70805199;53504270;46868.00;54958.00;101826.00;54958;46868;0.00;0.00;0;0
1421249167;total;53504272.00;70805200.00;124309472.00;70805199;53504270;46868.00;54958.00;101826.00;54958;46868;0.00;0.00;0;0
1421249168;eth0;53514944.00;70803120.00;124318064.00;70803117;53514943;47026.00;55060.00;102086.00;55060;47026;0.00;0.00;0;0
1421249168;total;53514944.00;70803120.00;124318064.00;70803117;53514943;47026.00;55060.00;102086.00;55060;47026;0.00;0.00;0;0
1421249169;eth0;53510344.00;70801528.00;124311872.00;70801530;53510345;46981.00;54975.00;101956.00;54975;46981;0.00;0.00;0;0
1421249169;total;53510344.00;70801528.00;124311872.00;70801530;53510345;46981.00;54975.00;101956.00;54975;46981;0.00;0.00;0;0
1421249170;eth0;53509404.00;70638784.00;124148184.00;70638784;53509403;47512.00;54536.00;102048.00;54536;47512;0.00;0.00;0;0
1421249170;total;53509404.00;70638784.00;124148184.00;70638784;53509403;47512.00;54536.00;102048.00;54536;47512;0.00;0.00;0;0
1421249171;eth0;53521524.00;70877200.00;124398720.00;70877196;53521523;47438.00;55305.00;102743.00;55305;47438;0.00;0.00;0;0
1421249171;total;53521524.00;70877200.00;124398720.00;70877196;53521523;47438.00;55305.00;102743.00;55305;47438;0.00;0.00;0;0
1421249172;eth0;53578508.00;70846704.00;124425208.00;70846703;53578507;47922.00;55469.00;103391.00;55469;47922;0.00;0.00;0;0
1421249172;total;53578508.00;70846704.00;124425208.00;70846703;53578507;47922.00;55469.00;103391.00;55469;47922;0.00;0.00;0;0
1421249173;eth0;53587664.00;70849024.00;124436688.00;70849022;53587666;48237.00;55694.00;103931.00;55694;48237;0.00;0.00;0;0
1421249173;total;53587664.00;70849024.00;124436688.00;70849022;53587666;48237.00;55694.00;103931.00;55694;48237;0.00;0.00;0;0
1421249174;eth0;53539084.00;70802440.00;124341528.00;70802440;53539085;47544.00;55120.00;102664.00;55120;47544;0.00;0.00;0;0
1421249174;total;53539084.00;70802440.00;124341528.00;70802440;53539085;47544.00;55120.00;102664.00;55120;47544;0.00;0.00;0;0
1421249175;eth0;53574288.00;70808032.00;124382320.00;70808035;53574287;48121.00;55164.00;103285.00;55164;48121;0.00;0.00;0;0
1421249175;total;53574288.00;70808032.00;124382320.00;70808035;53574287;48121.00;55164.00;103285.00;55164;48121;0.00;0.00;0;0
1421249176;eth0;53568912.00;70799384.00;124368296.00;70799386;53568912;47762.00;54876.00;102638.00;54876;47762;0.00;0.00;0;0
1421249176;total;53568912.00;70799384.00;124368296.00;70799386;53568912;47762.00;54876.00;102638.00;54876;47762;0.00;0.00;0;0
1421249177;eth0;53558620.00;70798848.00;124357464.00;70798845;53558619;47714.00;54916.00;102630.00;54916;47714;0.00;0.00;0;0
1421249177;total;53558620.00;70798848.00;124357464.00;70798845;53558619;47714.00;54916.00;102630.00;54916;47714;0.00;0.00;0;0
1421249178;eth0;53536188.00;70784808.00;124321000.00;70784810;53536189;47543.00;54964.00;102507.00;54964;47543;0.00;0.00;0;0
1421249178;total;53536188.00;70784808.00;124321000.00;70784810;53536189;47543.00;54964.00;102507.00;54964;47543;0.00;0.00;0;0
1421249179;eth0;53579216.00;70881920.00;124461128.00;70881916;53579214;47880.00;55652.00;103532.00;55652;47880;0.00;0.00;0;0
1421249179;total;53579216.00;70881920.00;124461128.00;70881916;53579214;47880.00;55652.00;103532.00;55652;47880;0.00;0.00;0;0
1421249180;eth0;53581092.00;70749552.00;124330648.00;70749553;53581093;48120.00;55596.00;103716.00;55596;48120;0.00;0.00;0;0
1421249180;total;53581092.00;70749552.00;124330648.00;70749553;53581093;48120.00;55596.00;103716.00;55596;48120;0.00;0.00;0;0
1421249181;eth0;53421580.00;70722640.00;124144224.00;70722641;53421580;47392.00;54993.00;102385.00;54993;47392;0.00;0.00;0;0
1421249181;total;53421580.00;70722640.00;124144224.00;70722641;53421580;47392.00;54993.00;102385.00;54993;47392;0.00;0.00;0;0
1421249182;eth0;53558696.00;70751696.00;124310392.00;70751697;53558694;48325.00;55040.00;103365.00;55040;48325;0.00;0.00;0;0
1421249182;total;53558696.00;70751696.00;124310392.00;70751697;53558694;48325.00;55040.00;103365.00;55040;48325;0.00;0.00;0;0
1421249183;eth0;53487340.00;70764192.00;124251536.00;70764191;53487341;47294.00;55276.00;102570.00;55276;47294;0.00;0.00;0;0
1421249183;total;53487340.00;70764192.00;124251536.00;70764191;53487341;47294.00;55276.00;102570.00;55276;47294;0.00;0.00;0;0
1421249184;eth0;53531968.00;70801216.00;124333184.00;70801218;53531969;47281.00;55010.00;102291.00;55010;47281;0.00;0.00;0;0
1421249184;total;53531968.00;70801216.00;124333184.00;70801218;53531969;47281.00;55010.00;102291.00;55010;47281;0.00;0.00;0;0
1421249185;eth0;53061392.00;70156392.00;123217784.00;70156393;53061392;46489.00;54234.00;100723.00;54234;46489;0.00;0.00;0;0
1421249185;total;53061392.00;70156392.00;123217784.00;70156393;53061392;46489.00;54234.00;100723.00;54234;46489;0.00;0.00;0;0
1421249186;eth0;53529544.00;70856672.00;124386216.00;70856670;53529545;47188.00;55268.00;102456.00;55268;47188;0.00;0.00;0;0
1421249186;total;53529544.00;70856672.00;124386216.00;70856670;53529545;47188.00;55268.00;102456.00;55268;47188;0.00;0.00;0;0
1421249187;eth0;53618708.00;70861880.00;124480592.00;70861880;53618708;48314.00;55448.00;103762.00;55448;48314;0.00;0.00;0;0
1421249187;total;53618708.00;70861880.00;124480592.00;70861880;53618708;48314.00;55448.00;103762.00;55448;48314;0.00;0.00;0;0
1421249188;eth0;53511708.00;70719776.00;124231480.00;70719776;53511707;47833.00;55021.00;102854.00;55021;47833;0.00;0.00;0;0
1421249188;total;53511708.00;70719776.00;124231480.00;70719776;53511707;47833.00;55021.00;102854.00;55021;47833;0.00;0.00;0;0
1421249189;eth0;53544948.00;70843008.00;124387960.00;70843012;53544949;47437.00;55329.00;102766.00;55329;47437;0.00;0.00;0;0
1421249189;total;53544948.00;70843008.00;124387960.00;70843012;53544949;47437.00;55329.00;102766.00;55329;47437;0.00;0.00;0;0
1421249190;eth0;53487416.00;70718768.00;124206176.00;70718765;53487414;47469.00;55021.00;102490.00;55021;47469;0.00;0.00;0;0
1421249190;total;53487416.00;70718768.00;124206176.00;70718765;53487414;47469.00;55021.00;102490.00;55021;47469;0.00;0.00;0;0
1421249191;eth0;53563916.00;70855360.00;124419280.00;70855361;53563916;47534.00;55534.00;103068.00;55534;47534;0.00;0.00;0;0
1421249191;total;53563916.00;70855360.00;124419280.00;70855361;53563916;47534.00;55534.00;103068.00;55534;47534;0.00;0.00;0;0
1421249192;eth0;53557208.00;70863472.00;124420680.00;70863472;53557210;47586.00;55594.00;103180.00;55594;47586;0.00;0.00;0;0
1421249192;total;53557208.00;70863472.00;124420680.00;70863472;53557210;47586.00;55594.00;103180.00;55594;47586;0.00;0.00;0;0
1421249193;eth0;53552256.00;70853032.00;124405288.00;70853031;53552258;47521.00;55653.00;103174.00;55653;47521;0.00;0.00;0;0
1421249193;total;53552256.00;70853032.00;124405288.00;70853031;53552258;47521.00;55653.00;103174.00;55653;47521;0.00;0.00;0;0
1421249194;eth0;53564396.00;70849112.00;124413512.00;70849114;53564395;47571.00;55610.00;103181.00;55610;47571;0.00;0.00;0;0
1421249194;total;53564396.00;70849112.00;124413512.00;70849114;53564395;47571.00;55610.00;103181.00;55610;47571;0.00;0.00;0;0
1421249195;eth0;53574604.00;70858024.00;124432624.00;70858022;53574603;47753.00;55656.00;103409.00;55656;47753;0.00;0.00;0;0
1421249195;total;53574604.00;70858024.00;124432624.00;70858022;53574603;47753.00;55656.00;103409.00;55656;47753;0.00;0.00;0;0
1421249196;eth0;53551556.00;70861264.00;124412824.00;70861268;53551556;47601.00;55605.00;103206.00;55605;47601;0.00;0.00;0;0
1421249196;total;53551556.00;70861264.00;124412824.00;70861268;53551556;47601.00;55605.00;103206.00;55605;47601;0.00;0.00;0;0
1421249197;eth0;53585672.00;70860048.00;124445712.00;70860045;53585671;47792.00;55580.00;103372.00;55580;47792;0.00;0.00;0;0
1421249197;total;53585672.00;70860048.00;124445712.00;70860045;53585671;47792.00;55580.00;103372.00;55580;47792;0.00;0.00;0;0
1421249198;eth0;53566012.00;70854864.00;124420872.00;70854860;53566013;47738.00;55610.00;103348.00;55610;47738;0.00;0.00;0;0
1421249198;total;53566012.00;70854864.00;124420872.00;70854860;53566013;47738.00;55610.00;103348.00;55610;47738;0.00;0.00;0;0
1421249199;eth0;53556284.00;70805536.00;124361824.00;70805540;53556285;47586.00;55064.00;102650.00;55064;47586;0.00;0.00;0;0
1421249199;total;53556284.00;70805536.00;124361824.00;70805540;53556285;47586.00;55064.00;102650.00;55064;47586;0.00;0.00;0;0
1421249200;eth0;53581992.00;70811784.00;124393776.00;70811782;53581990;47939.00;54967.00;102906.00;54967;47939;0.00;0.00;0;0
1421249200;total;53581992.00;70811784.00;124393776.00;70811782;53581990;47939.00;54967.00;102906.00;54967;47939;0.00;0.00;0;0
1421249201;eth0;53538940.00;70808008.00;124346944.00;70808006;53538940;47324.00;54940.00;102264.00;54940;47324;0.00;0.00;0;0
1421249201;total;53538940.00;70808008.00;124346944.00;70808006;53538940;47324.00;54940.00;102264.00;54940;47324;0.00;0.00;0;0
1421249202;eth0;53497740.00;70806224.00;124303960.00;70806220;53497740;46559.00;54943.00;101502.00;54943;46559;0.00;0.00;0;0
1421249202;total;53497740.00;70806224.00;124303960.00;70806220;53497740;46559.00;54943.00;101502.00;54943;46559;0.00;0.00;0;0
1421249203;eth0;53585352.00;70871280.00;124456624.00;70871277;53585350;47912.00;55818.00;103730.00;55818;47912;0.00;0.00;0;0
1421249203;total;53585352.00;70871280.00;124456624.00;70871277;53585350;47912.00;55818.00;103730.00;55818;47912;0.00;0.00;0;0
1421249204;eth0;53605280.00;70872656.00;124477936.00;70872660;53605278;48249.00;55808.00;104057.00;55808;48249;0.00;0.00;0;0
1421249204;total;53605280.00;70872656.00;124477936.00;70872660;53605278;48249.00;55808.00;104057.00;55808;48249;0.00;0.00;0;0
1421249205;eth0;53598560.00;70869992.00;124468552.00;70869992;53598562;48168.00;55796.00;103964.00;55796;48168;0.00;0.00;0;0
1421249205;total;53598560.00;70869992.00;124468552.00;70869992;53598562;48168.00;55796.00;103964.00;55796;48168;0.00;0.00;0;0
1421249206;eth0;53471304.00;70643200.00;124114504.00;70643202;53471302;47682.00;55223.00;102905.00;55223;47682;0.00;0.00;0;0
1421249206;total;53471304.00;70643200.00;124114504.00;70643202;53471302;47682.00;55223.00;102905.00;55223;47682;0.00;0.00;0;0
1421249207;eth0;53538312.00;70872520.00;124410832.00;70872523;53538311;47080.00;55213.00;102293.00;55213;47080;0.00;0.00;0;0
1421249207;total;53538312.00;70872520.00;124410832.00;70872523;53538311;47080.00;55213.00;102293.00;55213;47080;0.00;0.00;0;0
1421249208;eth0;53519888.00;70864120.00;124384008.00;70864120;53519886;47058.00;55381.00;102439.00;55381;47058;0.00;0.00;0;0
1421249208;total;53519888.00;70864120.00;124384008.00;70864120;53519886;47058.00;55381.00;102439.00;55381;47058;0.00;0.00;0;0
1421249209;eth0;53581240.00;70853128.00;124434368.00;70853126;53581242;47948.00;55674.00;103622.00;55674;47948;0.00;0.00;0;0
1421249209;total;53581240.00;70853128.00;124434368.00;70853126;53581242;47948.00;55674.00;103622.00;55674;47948;0.00;0.00;0;0
1421249210;eth0;53570652.00;70806832.00;124377488.00;70806834;53570653;47800.00;55111.00;102911.00;55111;47800;0.00;0.00;0;0
1421249210;total;53570652.00;70806832.00;124377488.00;70806834;53570653;47800.00;55111.00;102911.00;55111;47800;0.00;0.00;0;0
1421249211;eth0;53564036.00;70807048.00;124371080.00;70807046;53564037;47688.00;54885.00;102573.00;54885;47688;0.00;0.00;0;0
1421249211;total;53564036.00;70807048.00;124371080.00;70807046;53564037;47688.00;54885.00;102573.00;54885;47688;0.00;0.00;0;0
1421249212;eth0;53486564.00;70808192.00;124294760.00;70808194;53486565;46590.00;54922.00;101512.00;54922;46590;0.00;0.00;0;0
1421249212;total;53486564.00;70808192.00;124294760.00;70808194;53486565;46590.00;54922.00;101512.00;54922;46590;0.00;0.00;0;0
1421249213;eth0;53534752.00;70823544.00;124358288.00;70823542;53534750;47084.00;55319.00;102403.00;55319;47084;0.00;0.00;0;0
1421249213;total;53534752.00;70823544.00;124358288.00;70823542;53534750;47084.00;55319.00;102403.00;55319;47084;0.00;0.00;0;0
1421249214;eth0;53584240.00;70867480.00;124451720.00;70867479;53584238;47772.00;55681.00;103453.00;55681;47772;0.00;0.00;0;0
1421249214;total;53584240.00;70867480.00;124451720.00;70867479;53584238;47772.00;55681.00;103453.00;55681;47772;0.00;0.00;0;0
1421249215;eth0;53566988.00;70856488.00;124423472.00;70856486;53566988;47704.00;55541.00;103245.00;55541;47704;0.00;0.00;0;0
1421249215;total;53566988.00;70856488.00;124423472.00;70856486;53566988;47704.00;55541.00;103245.00;55541;47704;0.00;0.00;0;0
1421249216;eth0;53414412.00;70017536.00;123431944.00;70017532;53414411;47302.00;54040.00;101342.00;54040;47302;0.00;0.00;0;0
1421249216;total;53414412.00;70017536.00;123431944.00;70017532;53414411;47302.00;54040.00;101342.00;54040;47302;0.00;0.00;0;0
1421249217;eth0;52770268.00;70308312.00;123078576.00;70308310;52770267;45902.00;54437.00;100339.00;54437;45902;0.00;0.00;0;0
1421249217;total;52770268.00;70308312.00;123078576.00;70308310;52770267;45902.00;54437.00;100339.00;54437;45902;0.00;0.00;0;0
1421249218;eth0;53507652.00;70872520.00;124380168.00;70872517;53507652;47208.00;54958.00;102166.00;54958;47208;0.00;0.00;0;0
1421249218;total;53507652.00;70872520.00;124380168.00;70872517;53507652;47208.00;54958.00;102166.00;54958;47208;0.00;0.00;0;0
1421249219;eth0;53509496.00;70802840.00;124312336.00;70802842;53509496;46938.00;54477.00;101415.00;54477;46938;0.00;0.00;0;0
1421249219;total;53509496.00;70802840.00;124312336.00;70802842;53509496;46938.00;54477.00;101415.00;54477;46938;0.00;0.00;0;0
1421249220;eth0;53557616.00;70721472.00;124279088.00;70721474;53557615;48180.00;54354.00;102534.00;54354;48180;0.00;0.00;0;0
1421249220;total;53557616.00;70721472.00;124279088.00;70721474;53557615;48180.00;54354.00;102534.00;54354;48180;0.00;0.00;0;0
1421249221;eth0;53530280.00;70800112.00;124330392.00;70800114;53530279;47316.00;54918.00;102234.00;54918;47316;0.00;0.00;0;0
1421249221;total;53530280.00;70800112.00;124330392.00;70800114;53530279;47316.00;54918.00;102234.00;54918;47316;0.00;0.00;0;0
1421249222;eth0;53528080.00;70811712.00;124339792.00;70811714;53528079;47123.00;55028.00;102151.00;55028;47123;0.00;0.00;0;0
1421249222;total;53528080.00;70811712.00;124339792.00;70811714;53528079;47123.00;55028.00;102151.00;55028;47123;0.00;0.00;0;0
1421249223;eth0;53527680.00;70726944.00;124254624.00;70726947;53527679;46922.00;55007.00;101929.00;55007;46922;0.00;0.00;0;0
1421249223;total;53527680.00;70726944.00;124254624.00;70726947;53527679;46922.00;55007.00;101929.00;55007;46922;0.00;0.00;0;0
1421249224;eth0;52907060.00;69990720.00;122897776.00;69990717;52907061;46081.00;54132.00;100213.00;54132;46081;0.00;0.00;0;0
1421249224;total;52907060.00;69990720.00;122897776.00;69990717;52907061;46081.00;54132.00;100213.00;54132;46081;0.00;0.00;0;0
1421249225;eth0;53557936.00;70899696.00;124457632.00;70899697;53557935;47715.00;55208.00;102923.00;55208;47715;0.00;0.00;0;0
1421249225;total;53557936.00;70899696.00;124457632.00;70899697;53557935;47715.00;55208.00;102923.00;55208;47715;0.00;0.00;0;0
1421249226;eth0;53326384.00;70277944.00;123604328.00;70277945;53326382;46992.00;54818.00;101810.00;54818;46992;0.00;0.00;0;0
1421249226;total;53326384.00;70277944.00;123604328.00;70277945;53326382;46992.00;54818.00;101810.00;54818;46992;0.00;0.00;0;0
1421249227;eth0;53335412.00;70837336.00;124172744.00;70837335;53335412;46641.00;54977.00;101618.00;54977;46641;0.00;0.00;0;0
1421249227;total;53335412.00;70837336.00;124172744.00;70837335;53335412;46641.00;54977.00;101618.00;54977;46641;0.00;0.00;0;0
1421249228;eth0;53520712.00;70864864.00;124385576.00;70864863;53520712;46998.00;55319.00;102317.00;55319;46998;0.00;0.00;0;0
1421249228;total;53520712.00;70864864.00;124385576.00;70864863;53520712;46998.00;55319.00;102317.00;55319;46998;0.00;0.00;0;0
1421249229;eth0;53583876.00;70862192.00;124446064.00;70862192;53583876;47953.00;55537.00;103490.00;55537;47953;0.00;0.00;0;0
1421249229;total;53583876.00;70862192.00;124446064.00;70862192;53583876;47953.00;55537.00;103490.00;55537;47953;0.00;0.00;0;0
1421249230;eth0;53569884.00;70805808.00;124375688.00;70805804;53569884;47779.00;55345.00;103124.00;55345;47779;0.00;0.00;0;0
1421249230;total;53569884.00;70805808.00;124375688.00;70805804;53569884;47779.00;55345.00;103124.00;55345;47779;0.00;0.00;0;0
1421249231;eth0;53589304.00;70848176.00;124437472.00;70848172;53589304;48072.00;55236.00;103308.00;55236;48072;0.00;0.00;0;0
1421249231;total;53589304.00;70848176.00;124437472.00;70848172;53589304;48072.00;55236.00;103308.00;55236;48072;0.00;0.00;0;0
1421249232;eth0;52888584.00;70037824.00;122926408.00;70037821;52888585;46180.00;54531.00;100711.00;54531;46180;0.00;0.00;0;0
1421249232;total;52888584.00;70037824.00;122926408.00;70037821;52888585;46180.00;54531.00;100711.00;54531;46180;0.00;0.00;0;0
1421249233;eth0;53531044.00;70814144.00;124345192.00;70814146;53531045;47196.00;54979.00;102175.00;54979;47196;0.00;0.00;0;0
1421249233;total;53531044.00;70814144.00;124345192.00;70814146;53531045;47196.00;54979.00;102175.00;54979;47196;0.00;0.00;0;0
1421249234;eth0;53600596.00;70799392.00;124399992.00;70799396;53600595;48219.00;55205.00;103424.00;55205;48219;0.00;0.00;0;0
1421249234;total;53600596.00;70799392.00;124399992.00;70799396;53600595;48219.00;55205.00;103424.00;55205;48219;0.00;0.00;0;0
1421249235;eth0;53526544.00;70824744.00;124351288.00;70824743;53526544;47378.00;55555.00;102933.00;55555;47378;0.00;0.00;0;0
1421249235;total;53526544.00;70824744.00;124351288.00;70824743;53526544;47378.00;55555.00;102933.00;55555;47378;0.00;0.00;0;0
1421249236;eth0;53485144.00;70821608.00;124306752.00;70821605;53485143;46367.00;55008.00;101375.00;55008;46367;0.00;0.00;0;0
1421249236;total;53485144.00;70821608.00;124306752.00;70821605;53485143;46367.00;55008.00;101375.00;55008;46367;0.00;0.00;0;0
1421249237;eth0;53471304.00;70810432.00;124281736.00;70810434;53471302;46350.00;54954.00;101304.00;54954;46350;0.00;0.00;0;0
1421249237;total;53471304.00;70810432.00;124281736.00;70810434;53471302;46350.00;54954.00;101304.00;54954;46350;0.00;0.00;0;0
1421249238;eth0;53432780.00;70726864.00;124159648.00;70726865;53432780;46778.00;54897.00;101675.00;54897;46778;0.00;0.00;0;0
1421249238;total;53432780.00;70726864.00;124159648.00;70726865;53432780;46778.00;54897.00;101675.00;54897;46778;0.00;0.00;0;0
1421249239;eth0;53541084.00;70823360.00;124364440.00;70823357;53541085;47162.00;55005.00;102167.00;55005;47162;0.00;0.00;0;0
1421249239;total;53541084.00;70823360.00;124364440.00;70823357;53541085;47162.00;55005.00;102167.00;55005;47162;0.00;0.00;0;0
1421249240;eth0;53553304.00;70817048.00;124370352.00;70817050;53553305;47514.00;55028.00;102542.00;55028;47514;0.00;0.00;0;0
1421249240;total;53553304.00;70817048.00;124370352.00;70817050;53553305;47514.00;55028.00;102542.00;55028;47514;0.00;0.00;0;0
1421249241;eth0;53473488.00;70800856.00;124274352.00;70800858;53473490;46389.00;54874.00;101263.00;54874;46389;0.00;0.00;0;0
1421249241;total;53473488.00;70800856.00;124274352.00;70800858;53473490;46389.00;54874.00;101263.00;54874;46389;0.00;0.00;0;0
1421249242;eth0;53482180.00;70805664.00;124287848.00;70805666;53482181;46487.00;54920.00;101407.00;54920;46487;0.00;0.00;0;0
1421249242;total;53482180.00;70805664.00;124287848.00;70805666;53482181;46487.00;54920.00;101407.00;54920;46487;0.00;0.00;0;0
1421249243;eth0;53530712.00;70796472.00;124327184.00;70796472;53530713;47201.00;55281.00;102482.00;55281;47201;0.00;0.00;0;0
1421249243;total;53530712.00;70796472.00;124327184.00;70796472;53530713;47201.00;55281.00;102482.00;55281;47201;0.00;0.00;0;0
1421249244;eth0;53532480.00;70855160.00;124387648.00;70855163;53532482;47074.00;55420.00;102494.00;55420;47074;0.00;0.00;0;0
1421249244;total;53532480.00;70855160.00;124387648.00;70855163;53532482;47074.00;55420.00;102494.00;55420;47074;0.00;0.00;0;0
1421249245;eth0;53522568.00;70819432.00;124341992.00;70819429;53522566;47283.00;55359.00;102642.00;55359;47283;0.00;0.00;0;0
1421249245;total;53522568.00;70819432.00;124341992.00;70819429;53522566;47283.00;55359.00;102642.00;55359;47283;0.00;0.00;0;0
1421249246;eth0;53529004.00;70810216.00;124339216.00;70810214;53529005;47050.00;54903.00;101953.00;54903;47050;0.00;0.00;0;0
1421249246;total;53529004.00;70810216.00;124339216.00;70810214;53529005;47050.00;54903.00;101953.00;54903;47050;0.00;0.00;0;0
1421249247;eth0;53448676.00;70672344.00;124121016.00;70672342;53448677;47687.00;54946.00;102633.00;54946;47687;0.00;0.00;0;0
1421249247;total;53448676.00;70672344.00;124121016.00;70672342;53448677;47687.00;54946.00;102633.00;54946;47687;0.00;0.00;0;0
1421249248;eth0;53549148.00;70762968.00;124312112.00;70762968;53549147;47233.00;54757.00;101990.00;54757;47233;0.00;0.00;0;0
1421249248;total;53549148.00;70762968.00;124312112.00;70762968;53549147;47233.00;54757.00;101990.00;54757;47233;0.00;0.00;0;0
1421249249;eth0;53553732.00;70804952.00;124358688.00;70804952;53553733;47474.00;54758.00;102232.00;54758;47474;0.00;0.00;0;0
1421249249;total;53553732.00;70804952.00;124358688.00;70804952;53553733;47474.00;54758.00;102232.00;54758;47474;0.00;0.00;0;0
1421249250;eth0;53594592.00;70798832.00;124393424.00;70798828;53594594;47981.00;54748.00;102729.00;54748;47981;0.00;0.00;0;0
1421249250;total;53594592.00;70798832.00;124393424.00;70798828;53594594;47981.00;54748.00;102729.00;54748;47981;0.00;0.00;0;0
1421249251;eth0;53591008.00;70805440.00;124396448.00;70805437;53591007;47957.00;54736.00;102693.00;54736;47957;0.00;0.00;0;0
1421249251;total;53591008.00;70805440.00;124396448.00;70805437;53591007;47957.00;54736.00;102693.00;54736;47957;0.00;0.00;0;0
1421249252;eth0;53521080.00;70802912.00;124323984.00;70802908;53521079;47097.00;54958.00;102055.00;54958;47097;0.00;0.00;0;0
1421249252;total;53521080.00;70802912.00;124323984.00;70802908;53521079;47097.00;54958.00;102055.00;54958;47097;0.00;0.00;0;0
1421249253;eth0;53470932.00;70808128.00;124279064.00;70808132;53470933;46345.00;54902.00;101247.00;54902;46345;0.00;0.00;0;0
1421249253;total;53470932.00;70808128.00;124279064.00;70808132;53470933;46345.00;54902.00;101247.00;54902;46345;0.00;0.00;0;0
1421249254;eth0;53478708.00;70807328.00;124286032.00;70807326;53478707;46397.00;54889.00;101286.00;54889;46397;0.00;0.00;0;0
1421249254;total;53478708.00;70807328.00;124286032.00;70807326;53478707;46397.00;54889.00;101286.00;54889;46397;0.00;0.00;0;0
1421249255;eth0;53461404.00;70801160.00;124262560.00;70801158;53461405;46332.00;54925.00;101257.00;54925;46332;0.00;0.00;0;0
1421249255;total;53461404.00;70801160.00;124262560.00;70801158;53461405;46332.00;54925.00;101257.00;54925;46332;0.00;0.00;0;0
1421249256;eth0;53545252.00;70796456.00;124341712.00;70796456;53545252;47647.00;55144.00;102791.00;55144;47647;0.00;0.00;0;0
1421249256;total;53545252.00;70796456.00;124341712.00;70796456;53545252;47647.00;55144.00;102791.00;55144;47647;0.00;0.00;0;0
1421249257;eth0;53605576.00;70830072.00;124435648.00;70830073;53605578;47952.00;54992.00;102944.00;54992;47952;0.00;0.00;0;0
1421249257;total;53605576.00;70830072.00;124435648.00;70830073;53605578;47952.00;54992.00;102944.00;54992;47952;0.00;0.00;0;0
1421249258;eth0;53575828.00;70802992.00;124378816.00;70802988;53575827;47678.00;54889.00;102567.00;54889;47678;0.00;0.00;0;0
1421249258;total;53575828.00;70802992.00;124378816.00;70802988;53575827;47678.00;54889.00;102567.00;54889;47678;0.00;0.00;0;0
1421249259;eth0;53569080.00;70820032.00;124389112.00;70820029;53569081;47699.00;54919.00;102618.00;54919;47699;0.00;0.00;0;0
1421249259;total;53569080.00;70820032.00;124389112.00;70820029;53569081;47699.00;54919.00;102618.00;54919;47699;0.00;0.00;0;0
1421249260;eth0;53583656.00;70856152.00;124439808.00;70856152;53583655;47976.00;55676.00;103652.00;55676;47976;0.00;0.00;0;0
1421249260;total;53583656.00;70856152.00;124439808.00;70856152;53583655;47976.00;55676.00;103652.00;55676;47976;0.00;0.00;0;0
1421249261;eth0;53475608.00;70803776.00;124279384.00;70803778;53475608;46427.00;54956.00;101383.00;54956;46427;0.00;0.00;0;0
1421249261;total;53475608.00;70803776.00;124279384.00;70803778;53475608;46427.00;54956.00;101383.00;54956;46427;0.00;0.00;0;0
1421249262;eth0;53499440.00;70807392.00;124306832.00;70807390;53499439;46581.00;54890.00;101471.00;54890;46581;0.00;0.00;0;0
1421249262;total;53499440.00;70807392.00;124306832.00;70807390;53499439;46581.00;54890.00;101471.00;54890;46581;0.00;0.00;0;0
1421249263;eth0;53486376.00;70810136.00;124296512.00;70810135;53486378;46448.00;54866.00;101314.00;54866;46448;0.00;0.00;0;0
1421249263;total;53486376.00;70810136.00;124296512.00;70810135;53486378;46448.00;54866.00;101314.00;54866;46448;0.00;0.00;0;0
1421249264;eth0;53465332.00;70810728.00;124276056.00;70810726;53465333;46266.00;54877.00;101143.00;54877;46266;0.00;0.00;0;0
1421249264;total;53465332.00;70810728.00;124276056.00;70810726;53465333;46266.00;54877.00;101143.00;54877;46266;0.00;0.00;0;0
1421249265;eth0;53476712.00;70807256.00;124283968.00;70807256;53476714;46375.00;54888.00;101263.00;54888;46375;0.00;0.00;0;0
1421249265;total;53476712.00;70807256.00;124283968.00;70807256;53476714;46375.00;54888.00;101263.00;54888;46375;0.00;0.00;0;0
1421249266;eth0;53446416.00;70597288.00;124043696.00;70597285;53446414;46979.00;54909.00;101888.00;54909;46979;0.00;0.00;0;0
1421249266;total;53446416.00;70597288.00;124043696.00;70597285;53446414;46979.00;54909.00;101888.00;54909;46979;0.00;0.00;0;0
1421249267;eth0;53489596.00;70892064.00;124381664.00;70892064;53489597;46807.00;55168.00;101975.00;55168;46807;0.00;0.00;0;0
1421249267;total;53489596.00;70892064.00;124381664.00;70892064;53489597;46807.00;55168.00;101975.00;55168;46807;0.00;0.00;0;0
1421249268;eth0;53525696.00;70861816.00;124387512.00;70861816;53525695;47149.00;55467.00;102616.00;55467;47149;0.00;0.00;0;0
1421249268;total;53525696.00;70861816.00;124387512.00;70861816;53525695;47149.00;55467.00;102616.00;55467;47149;0.00;0.00;0;0
1421249269;eth0;53598144.00;70838224.00;124436368.00;70838224;53598145;48184.00;55448.00;103632.00;55448;48184;0.00;0.00;0;0
1421249269;total;53598144.00;70838224.00;124436368.00;70838224;53598145;48184.00;55448.00;103632.00;55448;48184;0.00;0.00;0;0
1421249270;eth0;53709720.00;70812024.00;124521744.00;70812026;53709718;49669.00;54991.00;104660.00;54991;49669;0.00;0.00;0;0
1421249270;total;53709720.00;70812024.00;124521744.00;70812026;53709718;49669.00;54991.00;104660.00;54991;49669;0.00;0.00;0;0
1421249271;eth0;53737532.00;70820504.00;124558032.00;70820503;53737531;50002.00;55076.00;105078.00;55076;50002;0.00;0.00;0;0
1421249271;total;53737532.00;70820504.00;124558032.00;70820503;53737531;50002.00;55076.00;105078.00;55076;50002;0.00;0.00;0;0
1421249272;eth0;53663772.00;70852240.00;124516008.00;70852238;53663772;49052.00;55435.00;104487.00;55435;49052;0.00;0.00;0;0
1421249272;total;53663772.00;70852240.00;124516008.00;70852238;53663772;49052.00;55435.00;104487.00;55435;49052;0.00;0.00;0;0
1421249273;eth0;53558140.00;70852088.00;124410224.00;70852086;53558139;47597.00;55597.00;103194.00;55597;47597;0.00;0.00;0;0
1421249273;total;53558140.00;70852088.00;124410224.00;70852086;53558139;47597.00;55597.00;103194.00;55597;47597;0.00;0.00;0;0
1421249274;eth0;53555316.00;70848816.00;124404128.00;70848812;53555316;47546.00;55593.00;103139.00;55593;47546;0.00;0.00;0;0
1421249274;total;53555316.00;70848816.00;124404128.00;70848812;53555316;47546.00;55593.00;103139.00;55593;47546;0.00;0.00;0;0
1421249275;eth0;53587144.00;70828496.00;124415648.00;70828500;53587145;47820.00;55198.00;103018.00;55198;47820;0.00;0.00;0;0
1421249275;total;53587144.00;70828496.00;124415648.00;70828500;53587145;47820.00;55198.00;103018.00;55198;47820;0.00;0.00;0;0
1421249276;eth0;53609840.00;70777304.00;124387144.00;70777305;53609842;48246.00;54322.00;102568.00;54322;48246;0.00;0.00;0;0
1421249276;total;53609840.00;70777304.00;124387144.00;70777305;53609842;48246.00;54322.00;102568.00;54322;48246;0.00;0.00;0;0
1421249277;eth0;53593136.00;70739120.00;124332248.00;70739116;53593135;48086.00;53921.00;102007.00;53921;48086;0.00;0.00;0;0
1421249277;total;53593136.00;70739120.00;124332248.00;70739116;53593135;48086.00;53921.00;102007.00;53921;48086;0.00;0.00;0;0
1421249278;eth0;53621556.00;70768816.00;124390376.00;70768818;53621555;48275.00;54359.00;102634.00;54359;48275;0.00;0.00;0;0
1421249278;total;53621556.00;70768816.00;124390376.00;70768818;53621555;48275.00;54359.00;102634.00;54359;48275;0.00;0.00;0;0
1421249279;eth0;53593200.00;70767152.00;124360352.00;70767153;53593198;48049.00;54204.00;102253.00;54204;48049;0.00;0.00;0;0
1421249279;total;53593200.00;70767152.00;124360352.00;70767153;53593198;48049.00;54204.00;102253.00;54204;48049;0.00;0.00;0;0
1421249280;eth0;53595516.00;70861184.00;124456696.00;70861180;53595515;48118.00;55644.00;103762.00;55644;48118;0.00;0.00;0;0
1421249280;total;53595516.00;70861184.00;124456696.00;70861180;53595515;48118.00;55644.00;103762.00;55644;48118;0.00;0.00;0;0
1421249281;eth0;53573436.00;70847840.00;124421280.00;70847844;53573435;47831.00;55579.00;103410.00;55579;47831;0.00;0.00;0;0
1421249281;total;53573436.00;70847840.00;124421280.00;70847844;53573435;47831.00;55579.00;103410.00;55579;47831;0.00;0.00;0;0
1421249282;eth0;53423452.00;70640808.00;124064264.00;70640811;53423451;47296.00;54516.00;101812.00;54516;47296;0.00;0.00;0;0
1421249282;total;53423452.00;70640808.00;124064264.00;70640811;53423451;47296.00;54516.00;101812.00;54516;47296;0.00;0.00;0;0
1421249283;eth0;53559332.00;70707560.00;124266888.00;70707559;53559331;47407.00;53462.00;100869.00;53462;47407;0.00;0.00;0;0
1421249283;total;53559332.00;70707560.00;124266888.00;70707559;53559331;47407.00;53462.00;100869.00;53462;47407;0.00;0.00;0;0
1421249284;eth0;53549824.00;70715272.00;124265096.00;70715270;53549824;47387.00;53477.00;100864.00;53477;47387;0.00;0.00;0;0
1421249284;total;53549824.00;70715272.00;124265096.00;70715270;53549824;47387.00;53477.00;100864.00;53477;47387;0.00;0.00;0;0
1421249285;eth0;53542004.00;70784152.00;124326152.00;70784150;53542005;47382.00;54655.00;102037.00;54655;47382;0.00;0.00;0;0
1421249285;total;53542004.00;70784152.00;124326152.00;70784150;53542005;47382.00;54655.00;102037.00;54655;47382;0.00;0.00;0;0
1421249286;eth0;53544520.00;70809544.00;124354064.00;70809542;53544521;47315.00;54997.00;102312.00;54997;47315;0.00;0.00;0;0
1421249286;total;53544520.00;70809544.00;124354064.00;70809542;53544521;47315.00;54997.00;102312.00;54997;47315;0.00;0.00;0;0
1421249287;eth0;53583408.00;70822336.00;124405752.00;70822340;53583409;47809.00;55049.00;102858.00;55049;47809;0.00;0.00;0;0
1421249287;total;53583408.00;70822336.00;124405752.00;70822340;53583409;47809.00;55049.00;102858.00;55049;47809;0.00;0.00;0;0
1421249288;eth0;53576852.00;70819312.00;124396168.00;70819314;53576851;47808.00;55045.00;102853.00;55045;47808;0.00;0.00;0;0
1421249288;total;53576852.00;70819312.00;124396168.00;70819314;53576851;47808.00;55045.00;102853.00;55045;47808;0.00;0.00;0;0
1421249289;eth0;53570136.00;70795616.00;124365752.00;70795616;53570137;47834.00;55054.00;102888.00;55054;47834;0.00;0.00;0;0
1421249289;total;53570136.00;70795616.00;124365752.00;70795616;53570137;47834.00;55054.00;102888.00;55054;47834;0.00;0.00;0;0
1421249290;eth0;53486136.00;70817672.00;124303808.00;70817670;53486138;46549.00;54919.00;101468.00;54919;46549;0.00;0.00;0;0
1421249290;total;53486136.00;70817672.00;124303808.00;70817670;53486138;46549.00;54919.00;101468.00;54919;46549;0.00;0.00;0;0
1421249291;eth0;53490088.00;70809056.00;124299144.00;70809058;53490089;46611.00;54928.00;101539.00;54928;46611;0.00;0.00;0;0
1421249291;total;53490088.00;70809056.00;124299144.00;70809058;53490089;46611.00;54928.00;101539.00;54928;46611;0.00;0.00;0;0
1421249292;eth0;53494176.00;70801608.00;124295784.00;70801608;53494177;46617.00;54925.00;101542.00;54925;46617;0.00;0.00;0;0
1421249292;total;53494176.00;70801608.00;124295784.00;70801608;53494177;46617.00;54925.00;101542.00;54925;46617;0.00;0.00;0;0
1421249293;eth0;53503124.00;70814864.00;124317984.00;70814861;53503123;46598.00;54927.00;101525.00;54927;46598;0.00;0.00;0;0
1421249293;total;53503124.00;70814864.00;124317984.00;70814861;53503123;46598.00;54927.00;101525.00;54927;46598;0.00;0.00;0;0
1421249294;eth0;53492120.00;70819008.00;124311128.00;70819012;53492119;46642.00;54932.00;101574.00;54932;46642;0.00;0.00;0;0
1421249294;total;53492120.00;70819008.00;124311128.00;70819012;53492119;46642.00;54932.00;101574.00;54932;46642;0.00;0.00;0;0
1421249295;eth0;53497696.00;70797408.00;124295104.00;70797410;53497695;46748.00;54935.00;101683.00;54935;46748;0.00;0.00;0;0
1421249295;total;53497696.00;70797408.00;124295104.00;70797410;53497695;46748.00;54935.00;101683.00;54935;46748;0.00;0.00;0;0
1421249296;eth0;53690520.00;70776544.00;124467064.00;70776547;53690520;49245.00;54588.00;103833.00;54588;49245;0.00;0.00;0;0
1421249296;total;53690520.00;70776544.00;124467064.00;70776547;53690520;49245.00;54588.00;103833.00;54588;49245;0.00;0.00;0;0
1421249297;eth0;53597600.00;70849248.00;124446848.00;70849246;53597601;48076.00;55453.00;103529.00;55453;48076;0.00;0.00;0;0
1421249297;total;53597600.00;70849248.00;124446848.00;70849246;53597601;48076.00;55453.00;103529.00;55453;48076;0.00;0.00;0;0
1421249298;eth0;53593908.00;70846192.00;124440096.00;70846188;53593908;48117.00;55452.00;103569.00;55452;48117;0.00;0.00;0;0
1421249298;total;53593908.00;70846192.00;124440096.00;70846188;53593908;48117.00;55452.00;103569.00;55452;48117;0.00;0.00;0;0
1421249299;eth0;53571836.00;70845888.00;124417720.00;70845884;53571837;47698.00;55529.00;103227.00;55529;47698;0.00;0.00;0;0
1421249299;total;53571836.00;70845888.00;124417720.00;70845884;53571837;47698.00;55529.00;103227.00;55529;47698;0.00;0.00;0;0
1421249300;eth0;53557028.00;70852176.00;124409208.00;70852180;53557028;47722.00;55703.00;103425.00;55703;47722;0.00;0.00;0;0
1421249300;total;53557028.00;70852176.00;124409208.00;70852180;53557028;47722.00;55703.00;103425.00;55703;47722;0.00;0.00;0;0
1421249301;eth0;53585052.00;70869904.00;124454952.00;70869900;53585052;47974.00;55872.00;103846.00;55872;47974;0.00;0.00;0;0
1421249301;total;53585052.00;70869904.00;124454952.00;70869900;53585052;47974.00;55872.00;103846.00;55872;47974;0.00;0.00;0;0
1421249302;eth0;53619184.00;70866136.00;124485320.00;70866136;53619182;48418.00;55861.00;104279.00;55861;48418;0.00;0.00;0;0
1421249302;total;53619184.00;70866136.00;124485320.00;70866136;53619182;48418.00;55861.00;104279.00;55861;48418;0.00;0.00;0;0
1421249303;eth0;53553192.00;70802696.00;124355888.00;70802699;53553191;47969.00;55217.00;103186.00;55217;47969;0.00;0.00;0;0
1421249303;total;53553192.00;70802696.00;124355888.00;70802699;53553191;47969.00;55217.00;103186.00;55217;47969;0.00;0.00;0;0
1421249304;eth0;53564504.00;70807808.00;124372312.00;70807804;53564506;47442.00;54910.00;102352.00;54910;47442;0.00;0.00;0;0
1421249304;total;53564504.00;70807808.00;124372312.00;70807804;53564506;47442.00;54910.00;102352.00;54910;47442;0.00;0.00;0;0
1421249305;eth0;53556704.00;70815048.00;124371752.00;70815049;53556706;47507.00;54910.00;102417.00;54910;47507;0.00;0.00;0;0
1421249305;total;53556704.00;70815048.00;124371752.00;70815049;53556706;47507.00;54910.00;102417.00;54910;47507;0.00;0.00;0;0
1421249306;eth0;53429220.00;70618888.00;124048104.00;70618886;53429220;47191.00;54849.00;102040.00;54849;47191;0.00;0.00;0;0
1421249306;total;53429220.00;70618888.00;124048104.00;70618886;53429220;47191.00;54849.00;102040.00;54849;47191;0.00;0.00;0;0
1421249307;eth0;53553152.00;70861664.00;124414816.00;70861664;53553151;47518.00;55338.00;102856.00;55338;47518;0.00;0.00;0;0
1421249307;total;53553152.00;70861664.00;124414816.00;70861664;53553151;47518.00;55338.00;102856.00;55338;47518;0.00;0.00;0;0
1421249308;eth0;53521764.00;70817976.00;124339744.00;70817977;53521765;47460.00;55332.00;102792.00;55332;47460;0.00;0.00;0;0
1421249308;total;53521764.00;70817976.00;124339744.00;70817977;53521765;47460.00;55332.00;102792.00;55332;47460;0.00;0.00;0;0
1421249309;eth0;53539576.00;70823016.00;124362592.00;70823016;53539574;47198.00;55223.00;102421.00;55223;47198;0.00;0.00;0;0
1421249309;total;53539576.00;70823016.00;124362592.00;70823016;53539574;47198.00;55223.00;102421.00;55223;47198;0.00;0.00;0;0
1421249310;eth0;53580220.00;70809848.00;124390064.00;70809849;53580219;47733.00;54809.00;102542.00;54809;47733;0.00;0.00;0;0
1421249310;total;53580220.00;70809848.00;124390064.00;70809849;53580219;47733.00;54809.00;102542.00;54809;47733;0.00;0.00;0;0
1421249311;eth0;53553112.00;70805264.00;124358376.00;70805266;53553111;47532.00;54866.00;102398.00;54866;47532;0.00;0.00;0;0
1421249311;total;53553112.00;70805264.00;124358376.00;70805266;53553111;47532.00;54866.00;102398.00;54866;47532;0.00;0.00;0;0
1421249312;eth0;53556144.00;70806352.00;124362496.00;70806352;53556142;47489.00;54875.00;102364.00;54875;47489;0.00;0.00;0;0
1421249312;total;53556144.00;70806352.00;124362496.00;70806352;53556142;47489.00;54875.00;102364.00;54875;47489;0.00;0.00;0;0
1421249313;eth0;53566628.00;70807088.00;124373712.00;70807087;53566628;47490.00;54878.00;102368.00;54878;47490;0.00;0.00;0;0
1421249313;total;53566628.00;70807088.00;124373712.00;70807087;53566628;47490.00;54878.00;102368.00;54878;47490;0.00;0.00;0;0
1421249314;eth0;53547480.00;70813840.00;124361312.00;70813836;53547480;47446.00;54982.00;102428.00;54982;47446;0.00;0.00;0;0
1421249314;total;53547480.00;70813840.00;124361312.00;70813836;53547480;47446.00;54982.00;102428.00;54982;47446;0.00;0.00;0;0
1421249315;eth0;53562408.00;70807928.00;124370336.00;70807928;53562408;47667.00;54899.00;102566.00;54899;47667;0.00;0.00;0;0
1421249315;total;53562408.00;70807928.00;124370336.00;70807928;53562408;47667.00;54899.00;102566.00;54899;47667;0.00;0.00;0;0
1421249316;eth0;53476980.00;70720784.00;124197768.00;70720785;53476980;47482.00;54841.00;102323.00;54841;47482;0.00;0.00;0;0
1421249316;total;53476980.00;70720784.00;124197768.00;70720785;53476980;47482.00;54841.00;102323.00;54841;47482;0.00;0.00;0;0
1421249317;eth0;53502504.00;70553560.00;124056064.00;70553560;53502505;48803.00;54118.00;102921.00;54118;48803;0.00;0.00;0;0
1421249317;total;53502504.00;70553560.00;124056064.00;70553560;53502505;48803.00;54118.00;102921.00;54118;48803;0.00;0.00;0;0
1421249318;eth0;53681804.00;70762768.00;124444576.00;70762768;53681804;49169.00;53940.00;103109.00;53940;49169;0.00;0.00;0;0
1421249318;total;53681804.00;70762768.00;124444576.00;70762768;53681804;49169.00;53940.00;103109.00;53940;49169;0.00;0.00;0;0
1421249319;eth0;53340256.00;70592304.00;123932552.00;70804078;53500275;46440.68;54754.74;101195.41;54919;46580;0.00;0.00;0;0
1421249319;total;53340256.00;70592304.00;123932552.00;70804078;53500275;46440.68;54754.74;101195.41;54919;46580;0.00;0.00;0;0
1421249320;eth0;53527700.00;70818504.00;124346200.00;70818501;53527700;47060.00;54979.00;102039.00;54979;47060;0.00;0.00;0;0
1421249320;total;53527700.00;70818504.00;124346200.00;70818501;53527700;47060.00;54979.00;102039.00;54979;47060;0.00;0.00;0;0
1421249321;eth0;53511440.00;70759960.00;124271400.00;70759957;53511440;47063.00;54441.00;101504.00;54441;47063;0.00;0.00;0;0
1421249321;total;53511440.00;70759960.00;124271400.00;70759957;53511440;47063.00;54441.00;101504.00;54441;47063;0.00;0.00;0;0
1421249322;eth0;53504396.00;70739592.00;124243992.00;70739595;53504397;46762.00;53928.00;100690.00;53928;46762;0.00;0.00;0;0
1421249322;total;53504396.00;70739592.00;124243992.00;70739595;53504397;46762.00;53928.00;100690.00;53928;46762;0.00;0.00;0;0
1421249323;eth0;53580216.00;70820424.00;124400640.00;70820422;53580218;47893.00;55076.00;102969.00;55076;47893;0.00;0.00;0;0
1421249323;total;53580216.00;70820424.00;124400640.00;70820422;53580218;47893.00;55076.00;102969.00;55076;47893;0.00;0.00;0;0
1421249324;eth0;53571784.00;70817512.00;124389296.00;70817512;53571785;47778.00;55028.00;102806.00;55028;47778;0.00;0.00;0;0
1421249324;total;53571784.00;70817512.00;124389296.00;70817512;53571785;47778.00;55028.00;102806.00;55028;47778;0.00;0.00;0;0
1421249325;eth0;53554116.00;70808472.00;124362592.00;70808474;53554115;47555.00;55023.00;102578.00;55023;47555;0.00;0.00;0;0
1421249325;total;53554116.00;70808472.00;124362592.00;70808474;53554115;47555.00;55023.00;102578.00;55023;47555;0.00;0.00;0;0
1421249326;eth0;53545332.00;70753936.00;124299272.00;70753940;53545331;47429.00;54950.00;102379.00;54950;47429;0.00;0.00;0;0
1421249326;total;53545332.00;70753936.00;124299272.00;70753940;53545331;47429.00;54950.00;102379.00;54950;47429;0.00;0.00;0;0
1421249327;eth0;53599736.00;70870560.00;124470304.00;70870563;53599738;47891.00;55349.00;103240.00;55349;47891;0.00;0.00;0;0
1421249327;total;53599736.00;70870560.00;124470304.00;70870563;53599738;47891.00;55349.00;103240.00;55349;47891;0.00;0.00;0;0
1421249328;eth0;53558968.00;70861528.00;124420496.00;70861530;53558967;47612.00;55657.00;103269.00;55657;47612;0.00;0.00;0;0
1421249328;total;53558968.00;70861528.00;124420496.00;70861530;53558967;47612.00;55657.00;103269.00;55657;47612;0.00;0.00;0;0
1421249329;eth0;53605192.00;70859016.00;124464208.00;70859014;53605193;48263.00;55656.00;103919.00;55656;48263;0.00;0.00;0;0
1421249329;total;53605192.00;70859016.00;124464208.00;70859014;53605193;48263.00;55656.00;103919.00;55656;48263;0.00;0.00;0;0
1421249330;eth0;53563844.00;70840496.00;124404344.00;70840496;53563845;47694.00;55425.00;103119.00;55425;47694;0.00;0.00;0;0
1421249330;total;53563844.00;70840496.00;124404344.00;70840496;53563845;47694.00;55425.00;103119.00;55425;47694;0.00;0.00;0;0
1421249331;eth0;53601320.00;70782000.00;124383320.00;70782004;53601318;48093.00;54610.00;102703.00;54610;48093;0.00;0.00;0;0
1421249331;total;53601320.00;70782000.00;124383320.00;70782004;53601318;48093.00;54610.00;102703.00;54610;48093;0.00;0.00;0;0
1421249332;eth0;53562624.00;70862136.00;124424760.00;70862133;53562626;47545.00;55624.00;103169.00;55624;47545;0.00;0.00;0;0
1421249332;total;53562624.00;70862136.00;124424760.00;70862133;53562626;47545.00;55624.00;103169.00;55624;47545;0.00;0.00;0;0
1421249333;eth0;53561032.00;70862384.00;124423416.00;70862386;53561031;47583.00;55606.00;103189.00;55606;47583;0.00;0.00;0;0
1421249333;total;53561032.00;70862384.00;124423416.00;70862386;53561031;47583.00;55606.00;103189.00;55606;47583;0.00;0.00;0;0
1421249334;eth0;53556112.00;70853064.00;124409176.00;70853062;53556112;47590.00;55599.00;103189.00;55599;47590;0.00;0.00;0;0
1421249334;total;53556112.00;70853064.00;124409176.00;70853062;53556112;47590.00;55599.00;103189.00;55599;47590;0.00;0.00;0;0
1421249335;eth0;53557384.00;70852432.00;124409816.00;70852436;53557383;47581.00;55623.00;103204.00;55623;47581;0.00;0.00;0;0
1421249335;total;53557384.00;70852432.00;124409816.00;70852436;53557383;47581.00;55623.00;103204.00;55623;47581;0.00;0.00;0;0
1421249336;eth0;53373828.00;70566408.00;123940240.00;70566409;53373827;46742.00;54762.00;101504.00;54762;46742;0.00;0.00;0;0
1421249336;total;53373828.00;70566408.00;123940240.00;70566409;53373827;46742.00;54762.00;101504.00;54762;46742;0.00;0.00;0;0
1421249337;eth0;53397792.00;70649072.00;124046864.00;70649071;53397790;47484.00;54896.00;102380.00;54896;47484;0.00;0.00;0;0
1421249337;total;53397792.00;70649072.00;124046864.00;70649071;53397790;47484.00;54896.00;102380.00;54896;47484;0.00;0.00;0;0
1421249338;eth0;53567584.00;70816536.00;124384120.00;70816535;53567585;47718.00;54877.00;102595.00;54877;47718;0.00;0.00;0;0
1421249338;total;53567584.00;70816536.00;124384120.00;70816535;53567585;47718.00;54877.00;102595.00;54877;47718;0.00;0.00;0;0
1421249339;eth0;53561208.00;70802968.00;124364176.00;70802970;53561209;47627.00;54888.00;102515.00;54888;47627;0.00;0.00;0;0
1421249339;total;53561208.00;70802968.00;124364176.00;70802970;53561209;47627.00;54888.00;102515.00;54888;47627;0.00;0.00;0;0
1421249340;eth0;53572780.00;70805264.00;124378048.00;70805264;53572780;47630.00;54901.00;102531.00;54901;47630;0.00;0.00;0;0
1421249340;total;53572780.00;70805264.00;124378048.00;70805264;53572780;47630.00;54901.00;102531.00;54901;47630;0.00;0.00;0;0
1421249341;eth0;53529064.00;70811296.00;124340352.00;70811293;53529063;47072.00;54849.00;101921.00;54849;47072;0.00;0.00;0;0
1421249341;total;53529064.00;70811296.00;124340352.00;70811293;53529063;47072.00;54849.00;101921.00;54849;47072;0.00;0.00;0;0
1421249342;eth0;53544172.00;70813960.00;124358128.00;70813958;53544171;47476.00;55192.00;102668.00;55192;47476;0.00;0.00;0;0
1421249342;total;53544172.00;70813960.00;124358128.00;70813958;53544171;47476.00;55192.00;102668.00;55192;47476;0.00;0.00;0;0
1421249343;eth0;53583820.00;70813928.00;124397744.00;70813928;53583820;47785.00;55100.00;102885.00;55100;47785;0.00;0.00;0;0
1421249343;total;53583820.00;70813928.00;124397744.00;70813928;53583820;47785.00;55100.00;102885.00;55100;47785;0.00;0.00;0;0
1421249344;eth0;53326752.00;70528672.00;123855424.00;70528671;53326753;47419.00;54795.00;102214.00;54795;47419;0.00;0.00;0;0
1421249344;total;53326752.00;70528672.00;123855424.00;70528671;53326753;47419.00;54795.00;102214.00;54795;47419;0.00;0.00;0;0
1421249345;eth0;53555524.00;70818256.00;124373776.00;70818253;53555523;47452.00;55031.00;102483.00;55031;47452;0.00;0.00;0;0
1421249345;total;53555524.00;70818256.00;124373776.00;70818253;53555523;47452.00;55031.00;102483.00;55031;47452;0.00;0.00;0;0
1421249346;eth0;53314392.00;69934328.00;123248720.00;69934330;53314392;47131.00;54299.00;101430.00;54299;47131;0.00;0.00;0;0
1421249346;total;53314392.00;69934328.00;123248720.00;69934330;53314392;47131.00;54299.00;101430.00;54299;47131;0.00;0.00;0;0
1421249347;eth0;53270024.00;71002680.00;124272704.00;71002678;53270026;46660.00;54989.00;101649.00;54989;46660;0.00;0.00;0;0
1421249347;total;53270024.00;71002680.00;124272704.00;71002678;53270026;46660.00;54989.00;101649.00;54989;46660;0.00;0.00;0;0
1421249348;eth0;53545076.00;70862208.00;124407280.00;70862205;53545076;47136.00;55203.00;102339.00;55203;47136;0.00;0.00;0;0
1421249348;total;53545076.00;70862208.00;124407280.00;70862205;53545076;47136.00;55203.00;102339.00;55203;47136;0.00;0.00;0;0
1421249349;eth0;53541264.00;70850888.00;124392152.00;70850888;53541264;47427.00;55531.00;102958.00;55531;47427;0.00;0.00;0;0
1421249349;total;53541264.00;70850888.00;124392152.00;70850888;53541264;47427.00;55531.00;102958.00;55531;47427;0.00;0.00;0;0
1421249350;eth0;53673464.00;70833824.00;124507288.00;70833825;53673462;49162.00;55233.00;104395.00;55233;49162;0.00;0.00;0;0
1421249350;total;53673464.00;70833824.00;124507288.00;70833825;53673462;49162.00;55233.00;104395.00;55233;49162;0.00;0.00;0;0
1421249351;eth0;53551044.00;70859296.00;124410336.00;70859294;53551044;47497.00;55638.00;103135.00;55638;47497;0.00;0.00;0;0
1421249351;total;53551044.00;70859296.00;124410336.00;70859294;53551044;47497.00;55638.00;103135.00;55638;47497;0.00;0.00;0;0
1421249352;eth0;53567732.00;70848400.00;124416136.00;70848402;53567732;47757.00;55600.00;103357.00;55600;47757;0.00;0.00;0;0
1421249352;total;53567732.00;70848400.00;124416136.00;70848402;53567732;47757.00;55600.00;103357.00;55600;47757;0.00;0.00;0;0
1421249353;eth0;53552856.00;70851408.00;124404264.00;70851408;53552855;47536.00;55630.00;103166.00;55630;47536;0.00;0.00;0;0
1421249353;total;53552856.00;70851408.00;124404264.00;70851408;53552855;47536.00;55630.00;103166.00;55630;47536;0.00;0.00;0;0
1421249354;eth0;53573396.00;70852848.00;124426240.00;70852844;53573396;47569.00;55623.00;103192.00;55623;47569;0.00;0.00;0;0
1421249354;total;53573396.00;70852848.00;124426240.00;70852844;53573396;47569.00;55623.00;103192.00;55623;47569;0.00;0.00;0;0
1421249355;eth0;53521692.00;70815120.00;124336816.00;70815122;53521692;47361.00;55249.00;102610.00;55249;47361;0.00;0.00;0;0
1421249355;total;53521692.00;70815120.00;124336816.00;70815122;53521692;47361.00;55249.00;102610.00;55249;47361;0.00;0.00;0;0
1421249356;eth0;53589488.00;70807584.00;124397080.00;70807588;53589490;48040.00;54907.00;102947.00;54907;48040;0.00;0.00;0;0
1421249356;total;53589488.00;70807584.00;124397080.00;70807588;53589490;48040.00;54907.00;102947.00;54907;48040;0.00;0.00;0;0
1421249357;eth0;53567712.00;70809216.00;124376928.00;70809216;53567710;47547.00;54916.00;102463.00;54916;47547;0.00;0.00;0;0
1421249357;total;53567712.00;70809216.00;124376928.00;70809216;53567710;47547.00;54916.00;102463.00;54916;47547;0.00;0.00;0;0
1421249358;eth0;53575244.00;70814616.00;124389856.00;70814613;53575245;47725.00;54882.00;102607.00;54882;47725;0.00;0.00;0;0
1421249358;total;53575244.00;70814616.00;124389856.00;70814613;53575245;47725.00;54882.00;102607.00;54882;47725;0.00;0.00;0;0
1421249359;eth0;53585364.00;70860288.00;124445656.00;70860292;53585365;47972.00;55652.00;103624.00;55652;47972;0.00;0.00;0;0
1421249359;total;53585364.00;70860288.00;124445656.00;70860292;53585365;47972.00;55652.00;103624.00;55652;47972;0.00;0.00;0;0
1421249360;eth0;53574556.00;70864960.00;124439512.00;70864958;53574555;47847.00;55830.00;103677.00;55830;47847;0.00;0.00;0;0
1421249360;total;53574556.00;70864960.00;124439512.00;70864958;53574555;47847.00;55830.00;103677.00;55830;47847;0.00;0.00;0;0
1421249361;eth0;53562392.00;70861760.00;124424152.00;70861762;53562390;47586.00;55778.00;103364.00;55778;47586;0.00;0.00;0;0
1421249361;total;53562392.00;70861760.00;124424152.00;70861762;53562390;47586.00;55778.00;103364.00;55778;47586;0.00;0.00;0;0
1421249362;eth0;53587224.00;70869216.00;124456440.00;70869218;53587222;47931.00;55760.00;103691.00;55760;47931;0.00;0.00;0;0
1421249362;total;53587224.00;70869216.00;124456440.00;70869218;53587222;47931.00;55760.00;103691.00;55760;47931;0.00;0.00;0;0
1421249363;eth0;53558528.00;70861136.00;124419664.00;70861137;53558529;47480.00;55692.00;103172.00;55692;47480;0.00;0.00;0;0
1421249363;total;53558528.00;70861136.00;124419664.00;70861137;53558529;47480.00;55692.00;103172.00;55692;47480;0.00;0.00;0;0
1421249364;eth0;53558404.00;70871648.00;124430056.00;70871650;53558404;47614.00;55711.00;103325.00;55711;47614;0.00;0.00;0;0
1421249364;total;53558404.00;70871648.00;124430056.00;70871650;53558404;47614.00;55711.00;103325.00;55711;47614;0.00;0.00;0;0
1421249365;eth0;53539060.00;70772592.00;124311656.00;70772594;53539060;48060.00;55326.00;103386.00;55326;48060;0.00;0.00;0;0
1421249365;total;53539060.00;70772592.00;124311656.00;70772594;53539060;48060.00;55326.00;103386.00;55326;48060;0.00;0.00;0;0
1421249366;eth0;53570196.00;70782904.00;124353096.00;70782902;53570196;47770.00;54602.00;102372.00;54602;47770;0.00;0.00;0;0
1421249366;total;53570196.00;70782904.00;124353096.00;70782902;53570196;47770.00;54602.00;102372.00;54602;47770;0.00;0.00;0;0
1421249367;eth0;53573728.00;70782072.00;124355808.00;70782074;53573730;47822.00;54439.00;102261.00;54439;47822;0.00;0.00;0;0
1421249367;total;53573728.00;70782072.00;124355808.00;70782074;53573730;47822.00;54439.00;102261.00;54439;47822;0.00;0.00;0;0
1421249368;eth0;53552032.00;70734312.00;124286336.00;70734310;53552030;47510.00;54905.00;102415.00;54905;47510;0.00;0.00;0;0
1421249368;total;53552032.00;70734312.00;124286336.00;70734310;53552030;47510.00;54905.00;102415.00;54905;47510;0.00;0.00;0;0
1421249369;eth0;53579836.00;70848728.00;124428560.00;70848726;53579836;47585.00;55011.00;102596.00;55011;47585;0.00;0.00;0;0
1421249369;total;53579836.00;70848728.00;124428560.00;70848726;53579836;47585.00;55011.00;102596.00;55011;47585;0.00;0.00;0;0
1421249370;eth0;53536200.00;70801160.00;124337360.00;70801157;53536199;47312.00;54550.00;101862.00;54550;47312;0.00;0.00;0;0
1421249370;total;53536200.00;70801160.00;124337360.00;70801157;53536199;47312.00;54550.00;101862.00;54550;47312;0.00;0.00;0;0
1421249371;eth0;53577944.00;70804424.00;124382368.00;70804422;53577942;47890.00;54849.00;102739.00;54849;47890;0.00;0.00;0;0
1421249371;total;53577944.00;70804424.00;124382368.00;70804422;53577942;47890.00;54849.00;102739.00;54849;47890;0.00;0.00;0;0
1421249372;eth0;53515992.00;70692848.00;124208840.00;70692845;53515992;47959.00;54678.00;102637.00;54678;47959;0.00;0.00;0;0
1421249372;total;53515992.00;70692848.00;124208840.00;70692845;53515992;47959.00;54678.00;102637.00;54678;47959;0.00;0.00;0;0
1421249373;eth0;52873120.00;69928584.00;122801704.00;69928583;52873119;46469.00;53877.00;100346.00;53877;46469;0.00;0.00;0;0
1421249373;total;52873120.00;69928584.00;122801704.00;69928583;52873119;46469.00;53877.00;100346.00;53877;46469;0.00;0.00;0;0
1421249374;eth0;53514676.00;70814064.00;124328736.00;70814063;53514676;46935.00;54992.00;101927.00;54992;46935;0.00;0.00;0;0
1421249374;total;53514676.00;70814064.00;124328736.00;70814063;53514676;46935.00;54992.00;101927.00;54992;46935;0.00;0.00;0;0
1421249375;eth0;53533488.00;70791264.00;124324752.00;70791265;53533490;47379.00;54973.00;102352.00;54973;47379;0.00;0.00;0;0
1421249375;total;53533488.00;70791264.00;124324752.00;70791265;53533490;47379.00;54973.00;102352.00;54973;47379;0.00;0.00;0;0
1421249376;eth0;53534528.00;70804640.00;124339168.00;70804638;53534526;47493.00;55102.00;102595.00;55102;47493;0.00;0.00;0;0
1421249376;total;53534528.00;70804640.00;124339168.00;70804638;53534526;47493.00;55102.00;102595.00;55102;47493;0.00;0.00;0;0
1421249377;eth0;53442024.00;70618744.00;124060768.00;70618746;53442025;47366.00;54934.00;102300.00;54934;47366;0.00;0.00;0;0
1421249377;total;53442024.00;70618744.00;124060768.00;70618746;53442025;47366.00;54934.00;102300.00;54934;47366;0.00;0.00;0;0
1421249378;eth0;53573080.00;70865944.00;124439024.00;70865942;53573079;47579.00;55292.00;102871.00;55292;47579;0.00;0.00;0;0
1421249378;total;53573080.00;70865944.00;124439024.00;70865942;53573079;47579.00;55292.00;102871.00;55292;47579;0.00;0.00;0;0
1421249379;eth0;53573784.00;70852536.00;124426320.00;70852534;53573785;47836.00;55646.00;103482.00;55646;47836;0.00;0.00;0;0
1421249379;total;53573784.00;70852536.00;124426320.00;70852534;53573785;47836.00;55646.00;103482.00;55646;47836;0.00;0.00;0;0
1421249380;eth0;53595836.00;70852080.00;124447920.00;70852084;53595835;48151.00;55646.00;103797.00;55646;48151;0.00;0.00;0;0
1421249380;total;53595836.00;70852080.00;124447920.00;70852084;53595835;48151.00;55646.00;103797.00;55646;48151;0.00;0.00;0;0
1421249381;eth0;53472324.00;70800272.00;124272600.00;70800276;53472325;46415.00;55127.00;101542.00;55127;46415;0.00;0.00;0;0
1421249381;total;53472324.00;70800272.00;124272600.00;70800276;53472325;46415.00;55127.00;101542.00;55127;46415;0.00;0.00;0;0
1421249382;eth0;53410376.00;70659568.00;124069944.00;70659572;53410375;47252.00;54882.00;102134.00;54882;47252;0.00;0.00;0;0
1421249382;total;53410376.00;70659568.00;124069944.00;70659572;53410375;47252.00;54882.00;102134.00;54882;47252;0.00;0.00;0;0
1421249383;eth0;53562040.00;70818080.00;124380120.00;70818078;53562040;47654.00;55021.00;102675.00;55021;47654;0.00;0.00;0;0
1421249383;total;53562040.00;70818080.00;124380120.00;70818078;53562040;47654.00;55021.00;102675.00;55021;47654;0.00;0.00;0;0
1421249384;eth0;53572376.00;70810776.00;124383152.00;70810776;53572378;47782.00;54994.00;102776.00;54994;47782;0.00;0.00;0;0
1421249384;total;53572376.00;70810776.00;124383152.00;70810776;53572378;47782.00;54994.00;102776.00;54994;47782;0.00;0.00;0;0
1421249385;eth0;53614596.00;70757960.00;124372560.00;70757960;53614596;48454.00;54343.00;102797.00;54343;48454;0.00;0.00;0;0
1421249385;total;53614596.00;70757960.00;124372560.00;70757960;53614596;48454.00;54343.00;102797.00;54343;48454;0.00;0.00;0;0
1421249386;eth0;53604608.00;70716792.00;124321392.00;70716790;53604606;48140.00;54721.00;102861.00;54721;48140;0.00;0.00;0;0
1421249386;total;53604608.00;70716792.00;124321392.00;70716790;53604606;48140.00;54721.00;102861.00;54721;48140;0.00;0.00;0;0
1421249387;eth0;53596480.00;70856208.00;124452688.00;70856210;53596481;47987.00;55163.00;103150.00;55163;47987;0.00;0.00;0;0
1421249387;total;53596480.00;70856208.00;124452688.00;70856210;53596481;47987.00;55163.00;103150.00;55163;47987;0.00;0.00;0;0
1421249388;eth0;53542384.00;70867408.00;124409792.00;70867407;53542385;47360.00;55393.00;102753.00;55393;47360;0.00;0.00;0;0
1421249388;total;53542384.00;70867408.00;124409792.00;70867407;53542385;47360.00;55393.00;102753.00;55393;47360;0.00;0.00;0;0
1421249389;eth0;53615712.00;70858880.00;124474592.00;70858882;53615712;48411.00;55619.00;104030.00;55619;48411;0.00;0.00;0;0
1421249389;total;53615712.00;70858880.00;124474592.00;70858882;53615712;48411.00;55619.00;104030.00;55619;48411;0.00;0.00;0;0
1421249390;eth0;53568256.00;70855296.00;124423552.00;70855300;53568255;47757.00;55657.00;103414.00;55657;47757;0.00;0.00;0;0
1421249390;total;53568256.00;70855296.00;124423552.00;70855300;53568255;47757.00;55657.00;103414.00;55657;47757;0.00;0.00;0;0
1421249391;eth0;53567520.00;70845016.00;124412536.00;70845014;53567522;47753.00;55545.00;103298.00;55545;47753;0.00;0.00;0;0
1421249391;total;53567520.00;70845016.00;124412536.00;70845014;53567522;47753.00;55545.00;103298.00;55545;47753;0.00;0.00;0;0
1421249392;eth0;53584076.00;70832768.00;124416840.00;70832764;53584075;47983.00;55370.00;103353.00;55370;47983;0.00;0.00;0;0
1421249392;total;53584076.00;70832768.00;124416840.00;70832764;53584075;47983.00;55370.00;103353.00;55370;47983;0.00;0.00;0;0
1421249393;eth0;53574804.00;70859016.00;124433824.00;70859017;53574804;47574.00;55607.00;103181.00;55607;47574;0.00;0.00;0;0
1421249393;total;53574804.00;70859016.00;124433824.00;70859017;53574804;47574.00;55607.00;103181.00;55607;47574;0.00;0.00;0;0
1421249394;eth0;53437060.00;70763624.00;124200688.00;70763627;53437061;46886.00;55406.00;102292.00;55406;46886;0.00;0.00;0;0
1421249394;total;53437060.00;70763624.00;124200688.00;70763627;53437061;46886.00;55406.00;102292.00;55406;46886;0.00;0.00;0;0
1421249395;eth0;53483076.00;70804376.00;124287456.00;70804376;53483077;46503.00;54909.00;101412.00;54909;46503;0.00;0.00;0;0
1421249395;total;53483076.00;70804376.00;124287456.00;70804376;53483077;46503.00;54909.00;101412.00;54909;46503;0.00;0.00;0;0
1421249396;eth0;53494712.00;70807424.00;124302128.00;70807420;53494711;46555.00;54884.00;101439.00;54884;46555;0.00;0.00;0;0
1421249396;total;53494712.00;70807424.00;124302128.00;70807420;53494711;46555.00;54884.00;101439.00;54884;46555;0.00;0.00;0;0
1421249397;eth0;53483068.00;70744096.00;124227160.00;70744093;53483069;47050.00;54927.00;101977.00;54927;47050;0.00;0.00;0;0
1421249397;total;53483068.00;70744096.00;124227160.00;70744093;53483069;47050.00;54927.00;101977.00;54927;47050;0.00;0.00;0;0
1421249398;eth0;53593032.00;70769592.00;124362624.00;70769590;53593030;47758.00;54059.00;101817.00;54059;47758;0.00;0.00;0;0
1421249398;total;53593032.00;70769592.00;124362624.00;70769590;53593030;47758.00;54059.00;101817.00;54059;47758;0.00;0.00;0;0
1421249399;eth0;53578352.00;70760784.00;124339136.00;70760785;53578353;47910.00;54183.00;102093.00;54183;47910;0.00;0.00;0;0
1421249399;total;53578352.00;70760784.00;124339136.00;70760785;53578353;47910.00;54183.00;102093.00;54183;47910;0.00;0.00;0;0
1421249400;eth0;53592488.00;70763616.00;124356104.00;70763612;53592490;48088.00;54355.00;102443.00;54355;48088;0.00;0.00;0;0
1421249400;total;53592488.00;70763616.00;124356104.00;70763612;53592490;48088.00;54355.00;102443.00;54355;48088;0.00;0.00;0;0
1421249401;eth0;53561924.00;70836088.00;124398016.00;70836089;53561923;47685.00;55581.00;103266.00;55581;47685;0.00;0.00;0;0
1421249401;total;53561924.00;70836088.00;124398016.00;70836089;53561923;47685.00;55581.00;103266.00;55581;47685;0.00;0.00;0;0
1421249402;eth0;53581776.00;70778320.00;124360096.00;70778321;53581777;47766.00;54233.00;101999.00;54233;47766;0.00;0.00;0;0
1421249402;total;53581776.00;70778320.00;124360096.00;70778321;53581777;47766.00;54233.00;101999.00;54233;47766;0.00;0.00;0;0
1421249403;eth0;53582376.00;70759144.00;124341520.00;70759142;53582378;47790.00;54206.00;101996.00;54206;47790;0.00;0.00;0;0
1421249403;total;53582376.00;70759144.00;124341520.00;70759142;53582378;47790.00;54206.00;101996.00;54206;47790;0.00;0.00;0;0
1421249404;eth0;53371552.00;70591024.00;123962576.00;70591022;53371550;47390.00;54684.00;102074.00;54684;47390;0.00;0.00;0;0
1421249404;total;53371552.00;70591024.00;123962576.00;70591022;53371550;47390.00;54684.00;102074.00;54684;47390;0.00;0.00;0;0
1421249405;eth0;53555496.00;70807344.00;124362840.00;70807342;53555497;47492.00;55007.00;102499.00;55007;47492;0.00;0.00;0;0
1421249405;total;53555496.00;70807344.00;124362840.00;70807342;53555497;47492.00;55007.00;102499.00;55007;47492;0.00;0.00;0;0
1421249406;eth0;53581056.00;70813104.00;124394168.00;70813108;53581057;47898.00;55015.00;102913.00;55015;47898;0.00;0.00;0;0
1421249406;total;53581056.00;70813104.00;124394168.00;70813108;53581057;47898.00;55015.00;102913.00;55015;47898;0.00;0.00;0;0
1421249407;eth0;53720568.00;70746104.00;124466672.00;70746105;53720566;49643.00;53736.00;103379.00;53736;49643;0.00;0.00;0;0
1421249407;total;53720568.00;70746104.00;124466672.00;70746105;53720566;49643.00;53736.00;103379.00;53736;49643;0.00;0.00;0;0
1421249408;eth0;53551056.00;70812560.00;124363624.00;70812564;53551057;47467.00;55024.00;102491.00;55024;47467;0.00;0.00;0;0
1421249408;total;53551056.00;70812560.00;124363624.00;70812564;53551057;47467.00;55024.00;102491.00;55024;47467;0.00;0.00;0;0
1421249409;eth0;53672312.00;70797768.00;124470080.00;70797771;53672310;48993.00;54476.00;103469.00;54476;48993;0.00;0.00;0;0
1421249409;total;53672312.00;70797768.00;124470080.00;70797771;53672310;48993.00;54476.00;103469.00;54476;48993;0.00;0.00;0;0
1421249410;eth0;53718588.00;70757376.00;124475960.00;70757375;53718587;49616.00;54085.00;103701.00;54085;49616;0.00;0.00;0;0
1421249410;total;53718588.00;70757376.00;124475960.00;70757375;53718587;49616.00;54085.00;103701.00;54085;49616;0.00;0.00;0;0
1421249411;eth0;53582456.00;70818624.00;124401088.00;70818628;53582458;47924.00;55107.00;103031.00;55107;47924;0.00;0.00;0;0
1421249411;total;53582456.00;70818624.00;124401088.00;70818628;53582458;47924.00;55107.00;103031.00;55107;47924;0.00;0.00;0;0
1421249412;eth0;53619944.00;70785872.00;124405816.00;70785872;53619945;48467.00;54478.00;102945.00;54478;48467;0.00;0.00;0;0
1421249412;total;53619944.00;70785872.00;124405816.00;70785872;53619945;48467.00;54478.00;102945.00;54478;48467;0.00;0.00;0;0
1421249413;eth0;53513624.00;70807688.00;124321312.00;70807689;53513625;46695.00;54990.00;101685.00;54990;46695;0.00;0.00;0;0
1421249413;total;53513624.00;70807688.00;124321312.00;70807689;53513625;46695.00;54990.00;101685.00;54990;46695;0.00;0.00;0;0
1421249414;eth0;53538744.00;70822240.00;124360984.00;70822239;53538745;47231.00;55053.00;102284.00;55053;47231;0.00;0.00;0;0
1421249414;total;53538744.00;70822240.00;124360984.00;70822239;53538745;47231.00;55053.00;102284.00;55053;47231;0.00;0.00;0;0
1421249415;eth0;53584184.00;70815288.00;124399472.00;70815288;53584186;47927.00;55017.00;102944.00;55017;47927;0.00;0.00;0;0
1421249415;total;53584184.00;70815288.00;124399472.00;70815288;53584186;47927.00;55017.00;102944.00;55017;47927;0.00;0.00;0;0
1421249416;eth0;53686256.00;70730384.00;124416648.00;70730388;53686257;49294.00;54040.00;103334.00;54040;49294;0.00;0.00;0;0
1421249416;total;53686256.00;70730384.00;124416648.00;70730388;53686257;49294.00;54040.00;103334.00;54040;49294;0.00;0.00;0;0
1421249417;eth0;53452608.00;70701792.00;124154400.00;70701788;53452609;47631.00;55068.00;102699.00;55068;47631;0.00;0.00;0;0
1421249417;total;53452608.00;70701792.00;124154400.00;70701788;53452609;47631.00;55068.00;102699.00;55068;47631;0.00;0.00;0;0
1421249418;eth0;53597376.00;70787600.00;124384968.00;70787596;53597375;48173.00;54725.00;102898.00;54725;48173;0.00;0.00;0;0
1421249418;total;53597376.00;70787600.00;124384968.00;70787596;53597375;48173.00;54725.00;102898.00;54725;48173;0.00;0.00;0;0
1421249419;eth0;53749688.00;70735416.00;124485104.00;70735417;53749690;49996.00;53509.00;103505.00;53509;49996;0.00;0.00;0;0
1421249419;total;53749688.00;70735416.00;124485104.00;70735417;53749690;49996.00;53509.00;103505.00;53509;49996;0.00;0.00;0;0
1421249420;eth0;53719784.00;70763360.00;124483144.00;70763359;53719785;49583.00;53991.00;103574.00;53991;49583;0.00;0.00;0;0
1421249420;total;53719784.00;70763360.00;124483144.00;70763359;53719785;49583.00;53991.00;103574.00;53991;49583;0.00;0.00;0;0
1421249421;eth0;53592000.00;70815528.00;124407528.00;70815526;53592000;48082.00;55041.00;103123.00;55041;48082;0.00;0.00;0;0
1421249421;total;53592000.00;70815528.00;124407528.00;70815526;53592000;48082.00;55041.00;103123.00;55041;48082;0.00;0.00;0;0
1421249422;eth0;53595284.00;70728272.00;124323552.00;70728271;53595283;48518.00;54750.00;103268.00;54750;48518;0.00;0.00;0;0
1421249422;total;53595284.00;70728272.00;124323552.00;70728271;53595283;48518.00;54750.00;103268.00;54750;48518;0.00;0.00;0;0
1421249423;eth0;53578752.00;70722920.00;124301672.00;70722921;53578752;48958.00;55039.00;103997.00;55039;48958;0.00;0.00;0;0
1421249423;total;53578752.00;70722920.00;124301672.00;70722921;53578752;48958.00;55039.00;103997.00;55039;48958;0.00;0.00;0;0
1421249424;eth0;53515792.00;70826048.00;124341840.00;70826046;53515793;46782.00;55248.00;102030.00;55248;46782;0.00;0.00;0;0
1421249424;total;53515792.00;70826048.00;124341840.00;70826046;53515793;46782.00;55248.00;102030.00;55248;46782;0.00;0.00;0;0
1421249425;eth0;53478196.00;70810936.00;124289136.00;70810939;53478195;46365.00;54897.00;101262.00;54897;46365;0.00;0.00;0;0
1421249425;total;53478196.00;70810936.00;124289136.00;70810939;53478195;46365.00;54897.00;101262.00;54897;46365;0.00;0.00;0;0
1421249426;eth0;53477720.00;70810992.00;124288720.00;70810996;53477721;46426.00;54900.00;101326.00;54900;46426;0.00;0.00;0;0
1421249426;total;53477720.00;70810992.00;124288720.00;70810996;53477721;46426.00;54900.00;101326.00;54900;46426;0.00;0.00;0;0
1421249427;eth0;53468732.00;70804320.00;124273048.00;70804318;53468733;46344.00;54916.00;101260.00;54916;46344;0.00;0.00;0;0
1421249427;total;53468732.00;70804320.00;124273048.00;70804318;53468733;46344.00;54916.00;101260.00;54916;46344;0.00;0.00;0;0
1421249428;eth0;53429524.00;70695832.00;124125352.00;70695830;53429525;46480.00;54801.00;101281.00;54801;46480;0.00;0.00;0;0
1421249428;total;53429524.00;70695832.00;124125352.00;70695830;53429525;46480.00;54801.00;101281.00;54801;46480;0.00;0.00;0;0
1421249429;eth0;53525872.00;70806912.00;124332784.00;70806912;53525870;46828.00;54548.00;101376.00;54548;46828;0.00;0.00;0;0
1421249429;total;53525872.00;70806912.00;124332784.00;70806912;53525870;46828.00;54548.00;101376.00;54548;46828;0.00;0.00;0;0
1421249430;eth0;53557036.00;70806504.00;124363536.00;70806502;53557037;47588.00;54725.00;102313.00;54725;47588;0.00;0.00;0;0
1421249430;total;53557036.00;70806504.00;124363536.00;70806502;53557037;47588.00;54725.00;102313.00;54725;47588;0.00;0.00;0;0
1421249431;eth0;53595000.00;70792160.00;124387160.00;70792160;53594998;48125.00;54838.00;102963.00;54838;48125;0.00;0.00;0;0
1421249431;total;53595000.00;70792160.00;124387160.00;70792160;53594998;48125.00;54838.00;102963.00;54838;48125;0.00;0.00;0;0
1421249432;eth0;53599056.00;70810328.00;124409384.00;70810325;53599056;48039.00;54738.00;102777.00;54738;48039;0.00;0.00;0;0
1421249432;total;53599056.00;70810328.00;124409384.00;70810325;53599056;48039.00;54738.00;102777.00;54738;48039;0.00;0.00;0;0
1421249433;eth0;53592864.00;70856320.00;124449184.00;70856322;53592865;48137.00;55673.00;103810.00;55673;48137;0.00;0.00;0;0
1421249433;total;53592864.00;70856320.00;124449184.00;70856322;53592865;48137.00;55673.00;103810.00;55673;48137;0.00;0.00;0;0
1421249434;eth0;53605980.00;70870656.00;124476632.00;70870653;53605979;48101.00;55786.00;103887.00;55786;48101;0.00;0.00;0;0
1421249434;total;53605980.00;70870656.00;124476632.00;70870653;53605979;48101.00;55786.00;103887.00;55786;48101;0.00;0.00;0;0
1421249435;eth0;53586364.00;70873016.00;124459384.00;70873018;53586363;47995.00;55786.00;103781.00;55786;47995;0.00;0.00;0;0
1421249435;total;53586364.00;70873016.00;124459384.00;70873018;53586363;47995.00;55786.00;103781.00;55786;47995;0.00;0.00;0;0
1421249436;eth0;53600296.00;70870440.00;124470736.00;70870438;53600296;48187.00;55859.00;104046.00;55859;48187;0.00;0.00;0;0
1421249436;total;53600296.00;70870440.00;124470736.00;70870438;53600296;48187.00;55859.00;104046.00;55859;48187;0.00;0.00;0;0
1421249437;eth0;53580760.00;70861040.00;124441800.00;70861040;53580758;47944.00;55735.00;103679.00;55735;47944;0.00;0.00;0;0
1421249437;total;53580760.00;70861040.00;124441800.00;70861040;53580758;47944.00;55735.00;103679.00;55735;47944;0.00;0.00;0;0
1421249438;eth0;53577776.00;70858832.00;124436608.00;70858832;53577775;47893.00;55749.00;103642.00;55749;47893;0.00;0.00;0;0
1421249438;total;53577776.00;70858832.00;124436608.00;70858832;53577775;47893.00;55749.00;103642.00;55749;47893;0.00;0.00;0;0
1421249439;eth0;53609556.00;70872392.00;124481952.00;70872392;53609556;48115.00;55798.00;103913.00;55798;48115;0.00;0.00;0;0
1421249439;total;53609556.00;70872392.00;124481952.00;70872392;53609556;48115.00;55798.00;103913.00;55798;48115;0.00;0.00;0;0
1421249440;eth0;53596952.00;70861512.00;124458464.00;70861512;53596951;48229.00;55843.00;104072.00;55843;48229;0.00;0.00;0;0
1421249440;total;53596952.00;70861512.00;124458464.00;70861512;53596951;48229.00;55843.00;104072.00;55843;48229;0.00;0.00;0;0
1421249441;eth0;53588572.00;70887448.00;124476016.00;70887447;53588571;47872.00;55765.00;103637.00;55765;47872;0.00;0.00;0;0
1421249441;total;53588572.00;70887448.00;124476016.00;70887447;53588571;47872.00;55765.00;103637.00;55765;47872;0.00;0.00;0;0
1421249442;eth0;53549760.00;70817840.00;124367600.00;70817840;53549760;47508.00;55281.00;102789.00;55281;47508;0.00;0.00;0;0
1421249442;total;53549760.00;70817840.00;124367600.00;70817840;53549760;47508.00;55281.00;102789.00;55281;47508;0.00;0.00;0;0
1421249443;eth0;53569668.00;70837240.00;124406904.00;70837240;53569667;47740.00;55302.00;103042.00;55302;47740;0.00;0.00;0;0
1421249443;total;53569668.00;70837240.00;124406904.00;70837240;53569667;47740.00;55302.00;103042.00;55302;47740;0.00;0.00;0;0
1421249444;eth0;53569152.00;70808152.00;124377304.00;70808154;53569150;47784.00;55012.00;102796.00;55012;47784;0.00;0.00;0;0
1421249444;total;53569152.00;70808152.00;124377304.00;70808154;53569150;47784.00;55012.00;102796.00;55012;47784;0.00;0.00;0;0
1421249445;eth0;53587788.00;70850448.00;124438240.00;70850451;53587789;47975.00;55629.00;103604.00;55629;47975;0.00;0.00;0;0
1421249445;total;53587788.00;70850448.00;124438240.00;70850451;53587789;47975.00;55629.00;103604.00;55629;47975;0.00;0.00;0;0
1421249446;eth0;53537724.00;70766864.00;124304592.00;70766866;53537725;48095.00;55724.00;103819.00;55724;48095;0.00;0.00;0;0
1421249446;total;53537724.00;70766864.00;124304592.00;70766866;53537725;48095.00;55724.00;103819.00;55724;48095;0.00;0.00;0;0
1421249447;eth0;53544624.00;70834360.00;124378976.00;70834357;53544623;47607.00;55461.00;103068.00;55461;47607;0.00;0.00;0;0
1421249447;total;53544624.00;70834360.00;124378976.00;70834357;53544623;47607.00;55461.00;103068.00;55461;47607;0.00;0.00;0;0
