1421240065;eth0;46418.00;51634.00;98052.00;51634;46418;528.00;516.00;1044.00;516;528;0.00;0.00;0;0
1421240065;total;46418.00;51634.00;98052.00;51634;46418;528.00;516.00;1044.00;516;528;0.00;0.00;0;0
1421240066;eth0;7421782.00;9826763.00;17248544.00;9826763;7421782;6097.00;7801.00;13898.00;7801;6097;0.00;0.00;0;0
1421240066;total;7421782.00;9826763.00;17248544.00;9826763;7421782;6097.00;7801.00;13898.00;7801;6097;0.00;0.00;0;0
1421240067;eth0;52964180.00;70466480.00;123430664.00;70466482;52964181;43535.00;55921.00;99456.00;55921;43535;0.00;0.00;0;0
1421240067;total;52964180.00;70466480.00;123430664.00;70466482;52964181;43535.00;55921.00;99456.00;55921;43535;0.00;0.00;0;0
1421240068;eth0;53144848.00;70744488.00;123889336.00;70744487;53144850;43638.00;56126.00;99764.00;56126;43638;0.00;0.00;0;0
1421240068;total;53144848.00;70744488.00;123889336.00;70744487;53144850;43638.00;56126.00;99764.00;56126;43638;0.00;0.00;0;0
1421240069;eth0;53144848.00;70712560.00;123857408.00;70712557;53144850;43638.00;56100.00;99738.00;56100;43638;0.00;0.00;0;0
1421240069;total;53144848.00;70712560.00;123857408.00;70712557;53144850;43638.00;56100.00;99738.00;56100;43638;0.00;0.00;0;0
1421240070;eth0;53145168.00;70671112.00;123816288.00;70671114;53145170;43643.00;56071.00;99714.00;56071;43643;0.00;0.00;0;0
1421240070;total;53145168.00;70671112.00;123816288.00;70671114;53145170;43643.00;56071.00;99714.00;56071;43643;0.00;0.00;0;0
1421240071;eth0;53140752.00;70711840.00;123852592.00;70711842;53140751;43633.00;56100.00;99733.00;56100;43633;0.00;0.00;0;0
1421240071;total;53140752.00;70711840.00;123852592.00;70711842;53140751;43633.00;56100.00;99733.00;56100;43633;0.00;0.00;0;0
1421240072;eth0;52995500.00;70597312.00;123592816.00;70597313;52995499;43517.00;56007.00;99524.00;56007;43517;0.00;0.00;0;0
1421240072;total;52995500.00;70597312.00;123592816.00;70597313;52995499;43517.00;56007.00;99524.00;56007;43517;0.00;0.00;0;0
1421240073;eth0;53144848.00;70716528.00;123861376.00;70716524;53144850;43638.00;56105.00;99743.00;56105;43638;0.00;0.00;0;0
1421240073;total;53144848.00;70716528.00;123861376.00;70716524;53144850;43638.00;56105.00;99743.00;56105;43638;0.00;0.00;0;0
1421240074;eth0;53144848.00;70716464.00;123861312.00;70716465;53144850;43638.00;56102.00;99740.00;56102;43638;0.00;0.00;0;0
1421240074;total;53144848.00;70716464.00;123861312.00;70716465;53144850;43638.00;56102.00;99740.00;56102;43638;0.00;0.00;0;0
1421240075;eth0;53133872.00;70718104.00;123851976.00;70718106;53133872;43629.00;56106.00;99735.00;56106;43629;0.00;0.00;0;0
1421240075;total;53133872.00;70718104.00;123851976.00;70718106;53133872;43629.00;56106.00;99735.00;56106;43629;0.00;0.00;0;0
1421240076;eth0;53134872.00;70722528.00;123857400.00;70722532;53134871;43631.00;56107.00;99738.00;56107;43631;0.00;0.00;0;0
1421240076;total;53134872.00;70722528.00;123857400.00;70722532;53134871;43631.00;56107.00;99738.00;56107;43631;0.00;0.00;0;0
1421240077;eth0;53142280.00;70717392.00;123859672.00;70717396;53142278;43655.00;56105.00;99760.00;56105;43655;0.00;0.00;0;0
1421240077;total;53142280.00;70717392.00;123859672.00;70717396;53142278;43655.00;56105.00;99760.00;56105;43655;0.00;0.00;0;0
1421240078;eth0;53144848.00;70721144.00;123865992.00;70721142;53144850;43638.00;56108.00;99746.00;56108;43638;0.00;0.00;0;0
1421240078;total;53144848.00;70721144.00;123865992.00;70721142;53144850;43638.00;56108.00;99746.00;56108;43638;0.00;0.00;0;0
1421240079;eth0;53127736.00;70686400.00;123814136.00;70686397;53127736;43624.00;56080.00;99704.00;56080;43624;0.00;0.00;0;0
1421240079;total;53127736.00;70686400.00;123814136.00;70686397;53127736;43624.00;56080.00;99704.00;56080;43624;0.00;0.00;0;0
1421240080;eth0;53136388.00;70724984.00;123861376.00;70724986;53136389;43633.00;56110.00;99743.00;56110;43633;0.00;0.00;0;0
1421240080;total;53136388.00;70724984.00;123861376.00;70724986;53136389;43633.00;56110.00;99743.00;56110;43633;0.00;0.00;0;0
1421240081;eth0;53144848.00;70724984.00;123869840.00;70724986;53144850;43636.00;56110.00;99746.00;56110;43636;0.00;0.00;0;0
1421240081;total;53144848.00;70724984.00;123869840.00;70724986;53144850;43636.00;56110.00;99746.00;56110;43636;0.00;0.00;0;0
1421240082;eth0;53144848.00;70712496.00;123857344.00;70712493;53144850;43638.00;56100.00;99738.00;56100;43638;0.00;0.00;0;0
1421240082;total;53144848.00;70712496.00;123857344.00;70712493;53144850;43638.00;56100.00;99738.00;56100;43638;0.00;0.00;0;0
1421240083;eth0;53144848.00;70717976.00;123862832.00;70717978;53144850;43638.00;56103.00;99741.00;56103;43638;0.00;0.00;0;0
1421240083;total;53144848.00;70717976.00;123862832.00;70717978;53144850;43638.00;56103.00;99741.00;56103;43638;0.00;0.00;0;0
1421240084;eth0;53142268.00;70713424.00;123855696.00;70713424;53142269;43638.00;56101.00;99739.00;56101;43638;0.00;0.00;0;0
1421240084;total;53142268.00;70713424.00;123855696.00;70713424;53142269;43638.00;56101.00;99739.00;56101;43638;0.00;0.00;0;0
1421240085;eth0;53134872.00;70721760.00;123856632.00;70721758;53134871;43628.00;56105.00;99733.00;56105;43628;0.00;0.00;0;0
1421240085;total;53134872.00;70721760.00;123856632.00;70721758;53134871;43628.00;56105.00;99733.00;56105;43628;0.00;0.00;0;0
1421240086;eth0;53135072.00;70724992.00;123860064.00;70724996;53135071;43632.00;56110.00;99742.00;56110;43632;0.00;0.00;0;0
1421240086;total;53135072.00;70724992.00;123860064.00;70724996;53135071;43632.00;56110.00;99742.00;56110;43632;0.00;0.00;0;0
1421240087;eth0;53142668.00;70722592.00;123865264.00;70722596;53142668;43644.00;56108.00;99752.00;56108;43644;0.00;0.00;0;0
1421240087;total;53142668.00;70722592.00;123865264.00;70722596;53142668;43644.00;56108.00;99752.00;56108;43644;0.00;0.00;0;0
1421240088;eth0;53144848.00;70716528.00;123861376.00;70716529;53144850;43638.00;56104.00;99742.00;56104;43638;0.00;0.00;0;0
1421240088;total;53144848.00;70716528.00;123861376.00;70716529;53144850;43638.00;56104.00;99742.00;56104;43638;0.00;0.00;0;0
1421240089;eth0;53144848.00;70716592.00;123861440.00;70716588;53144850;43638.00;56105.00;99743.00;56105;43638;0.00;0.00;0;0
1421240089;total;53144848.00;70716592.00;123861440.00;70716588;53144850;43638.00;56105.00;99743.00;56105;43638;0.00;0.00;0;0
1421240090;eth0;53136196.00;70715008.00;123851200.00;70715006;53136197;43631.00;56103.00;99734.00;56103;43631;0.00;0.00;0;0
1421240090;total;53136196.00;70715008.00;123851200.00;70715006;53136197;43631.00;56103.00;99734.00;56103;43631;0.00;0.00;0;0
1421240091;eth0;53134064.00;70720432.00;123854496.00;70720432;53134064;43631.00;56107.00;99738.00;56107;43631;0.00;0.00;0;0
1421240091;total;53134064.00;70720432.00;123854496.00;70720432;53134064;43631.00;56107.00;99738.00;56107;43631;0.00;0.00;0;0
1421240092;eth0;53138776.00;70716528.00;123855304.00;70716524;53138778;43632.00;56104.00;99736.00;56104;43632;0.00;0.00;0;0
1421240092;total;53138776.00;70716528.00;123855304.00;70716524;53138778;43632.00;56104.00;99736.00;56104;43632;0.00;0.00;0;0
1421240093;eth0;53144848.00;70726520.00;123871368.00;70726517;53144850;43638.00;56111.00;99749.00;56111;43638;0.00;0.00;0;0
1421240093;total;53144848.00;70726520.00;123871368.00;70726517;53144850;43638.00;56111.00;99749.00;56111;43638;0.00;0.00;0;0
1421240094;eth0;53144848.00;70714944.00;123859800.00;70714947;53144850;43638.00;56102.00;99740.00;56102;43638;0.00;0.00;0;0
1421240094;total;53144848.00;70714944.00;123859800.00;70714947;53144850;43638.00;56102.00;99740.00;56102;43638;0.00;0.00;0;0
1421240095;eth0;53137716.00;70716464.00;123854176.00;70716460;53137715;43632.00;56104.00;99736.00;56104;43632;0.00;0.00;0;0
1421240095;total;53137716.00;70716464.00;123854176.00;70716460;53137715;43632.00;56104.00;99736.00;56104;43632;0.00;0.00;0;0
1421240096;eth0;53134872.00;70721080.00;123855952.00;70721078;53134871;43630.00;56106.00;99736.00;56106;43630;0.00;0.00;0;0
1421240096;total;53134872.00;70721080.00;123855952.00;70721078;53134871;43630.00;56106.00;99736.00;56106;43630;0.00;0.00;0;0
1421240097;eth0;53136644.00;70712752.00;123849392.00;70712749;53136645;43635.00;56103.00;99738.00;56103;43635;0.00;0.00;0;0
1421240097;total;53136644.00;70712752.00;123849392.00;70712749;53136645;43635.00;56103.00;99738.00;56103;43635;0.00;0.00;0;0
1421240098;eth0;53135128.00;70714664.00;123849792.00;70714666;53135130;43625.00;56096.00;99721.00;56096;43625;0.00;0.00;0;0
1421240098;total;53135128.00;70714664.00;123849792.00;70714666;53135130;43625.00;56096.00;99721.00;56096;43625;0.00;0.00;0;0
1421240099;eth0;53144752.00;70711192.00;123855952.00;70711195;53144754;43625.00;56091.00;99716.00;56091;43625;0.00;0.00;0;0
1421240099;total;53144752.00;70711192.00;123855952.00;70711195;53144754;43625.00;56091.00;99716.00;56091;43625;0.00;0.00;0;0
1421240100;eth0;53110256.00;70637648.00;123747904.00;70637645;53110257;43601.00;56030.00;99631.00;56030;43601;0.00;0.00;0;0
1421240100;total;53110256.00;70637648.00;123747904.00;70637645;53110257;43601.00;56030.00;99631.00;56030;43601;0.00;0.00;0;0
1421240101;eth0;53133256.00;70710424.00;123843680.00;70710423;53133255;43619.00;56089.00;99708.00;56089;43619;0.00;0.00;0;0
1421240101;total;53133256.00;70710424.00;123843680.00;70710423;53133255;43619.00;56089.00;99708.00;56089;43619;0.00;0.00;0;0
1421240102;eth0;53151700.00;70711064.00;123862768.00;70711067;53151699;43631.00;56090.00;99721.00;56090;43631;0.00;0.00;0;0
1421240102;total;53151700.00;70711064.00;123862768.00;70711067;53151699;43631.00;56090.00;99721.00;56090;43631;0.00;0.00;0;0
1421240103;eth0;52998404.00;70568192.00;123566600.00;70568194;52998405;43509.00;55976.00;99485.00;55976;43509;0.00;0.00;0;0
1421240103;total;52998404.00;70568192.00;123566600.00;70568194;52998405;43509.00;55976.00;99485.00;55976;43509;0.00;0.00;0;0
1421240104;eth0;53013360.00;70583368.00;123596728.00;70583367;53013360;43520.00;55987.00;99507.00;55987;43520;0.00;0.00;0;0
1421240104;total;53013360.00;70583368.00;123596728.00;70583367;53013360;43520.00;55987.00;99507.00;55987;43520;0.00;0.00;0;0
1421240105;eth0;53148664.00;70704224.00;123852888.00;70704223;53148663;43631.00;56083.00;99714.00;56083;43631;0.00;0.00;0;0
1421240105;total;53148664.00;70704224.00;123852888.00;70704223;53148663;43631.00;56083.00;99714.00;56083;43631;0.00;0.00;0;0
1421240106;eth0;53140496.00;70718088.00;123858584.00;70718087;53140498;43625.00;56096.00;99721.00;56096;43625;0.00;0.00;0;0
1421240106;total;53140496.00;70718088.00;123858584.00;70718087;53140498;43625.00;56096.00;99721.00;56096;43625;0.00;0.00;0;0
1421240107;eth0;53133820.00;70722728.00;123856544.00;70722726;53133821;43639.00;56096.00;99735.00;56096;43639;0.00;0.00;0;0
1421240107;total;53133820.00;70722728.00;123856544.00;70722726;53133821;43639.00;56096.00;99735.00;56096;43639;0.00;0.00;0;0
1421240108;eth0;53020760.00;70533144.00;123553904.00;70533144;53020758;43525.00;55947.00;99472.00;55947;43525;0.00;0.00;0;0
1421240108;total;53020760.00;70533144.00;123553904.00;70533144;53020758;43525.00;55947.00;99472.00;55947;43525;0.00;0.00;0;0
1421240109;eth0;53140392.00;70718080.00;123858472.00;70718077;53140392;43625.00;56095.00;99720.00;56095;43625;0.00;0.00;0;0
1421240109;total;53140392.00;70718080.00;123858472.00;70718077;53140392;43625.00;56095.00;99720.00;56095;43625;0.00;0.00;0;0
1421240110;eth0;53131736.00;70702600.00;123834336.00;70702603;53131737;43617.00;56083.00;99700.00;56083;43617;0.00;0.00;0;0
1421240110;total;53131736.00;70702600.00;123834336.00;70702603;53131737;43617.00;56083.00;99700.00;56083;43617;0.00;0.00;0;0
1421240111;eth0;53131800.00;70715264.00;123847064.00;70715264;53131801;43618.00;56094.00;99712.00;56094;43618;0.00;0.00;0;0
1421240111;total;53131800.00;70715264.00;123847064.00;70715264;53131801;43618.00;56094.00;99712.00;56094;43618;0.00;0.00;0;0
1421240112;eth0;53146272.00;70708160.00;123854432.00;70708159;53146272;43629.00;56089.00;99718.00;56089;43629;0.00;0.00;0;0
1421240112;total;53146272.00;70708160.00;123854432.00;70708159;53146272;43629.00;56089.00;99718.00;56089;43629;0.00;0.00;0;0
1421240113;eth0;53117200.00;70685488.00;123802688.00;70685490;53117202;43605.00;56068.00;99673.00;56068;43605;0.00;0.00;0;0
1421240113;total;53117200.00;70685488.00;123802688.00;70685490;53117202;43605.00;56068.00;99673.00;56068;43605;0.00;0.00;0;0
1421240114;eth0;53085192.00;70657168.00;123742360.00;70657164;53085193;43580.00;56047.00;99627.00;56047;43580;0.00;0.00;0;0
1421240114;total;53085192.00;70657168.00;123742360.00;70657164;53085193;43580.00;56047.00;99627.00;56047;43580;0.00;0.00;0;0
1421240115;eth0;53152764.00;70646816.00;123799584.00;70646817;53152764;43634.00;56037.00;99671.00;56037;43634;0.00;0.00;0;0
1421240115;total;53152764.00;70646816.00;123799584.00;70646817;53152764;43634.00;56037.00;99671.00;56037;43634;0.00;0.00;0;0
1421240116;eth0;53131736.00;70721920.00;123853656.00;70721916;53131737;43617.00;56097.00;99714.00;56097;43617;0.00;0.00;0;0
1421240116;total;53131736.00;70721920.00;123853656.00;70721916;53131737;43617.00;56097.00;99714.00;56097;43617;0.00;0.00;0;0
1421240117;eth0;53143236.00;70707320.00;123850560.00;70707323;53143236;43626.00;56086.00;99712.00;56086;43626;0.00;0.00;0;0
1421240117;total;53143236.00;70707320.00;123850560.00;70707323;53143236;43626.00;56086.00;99712.00;56086;43626;0.00;0.00;0;0
1421240118;eth0;53145884.00;70715040.00;123860928.00;70715041;53145883;43630.00;56094.00;99724.00;56094;43630;0.00;0.00;0;0
1421240118;total;53145884.00;70715040.00;123860928.00;70715041;53145883;43630.00;56094.00;99724.00;56094;43630;0.00;0.00;0;0
1421240119;eth0;53131736.00;70721856.00;123853592.00;70721852;53131737;43617.00;56095.00;99712.00;56095;43617;0.00;0.00;0;0
1421240119;total;53131736.00;70721856.00;123853592.00;70721852;53131737;43617.00;56095.00;99712.00;56095;43617;0.00;0.00;0;0
1421240120;eth0;53003832.00;70571304.00;123575136.00;70571301;53003832;43512.00;55980.00;99492.00;55980;43512;0.00;0.00;0;0
1421240120;total;53003832.00;70571304.00;123575136.00;70571301;53003832;43512.00;55980.00;99492.00;55980;43512;0.00;0.00;0;0
1421240121;eth0;53131736.00;70719584.00;123851328.00;70719588;53131737;43617.00;56097.00;99714.00;56097;43617;0.00;0.00;0;0
1421240121;total;53131736.00;70719584.00;123851328.00;70719588;53131737;43617.00;56097.00;99714.00;56097;43617;0.00;0.00;0;0
1421240122;eth0;53137808.00;70720536.00;123858344.00;70720533;53137809;43622.00;56097.00;99719.00;56097;43622;0.00;0.00;0;0
1421240122;total;53137808.00;70720536.00;123858344.00;70720533;53137809;43622.00;56097.00;99719.00;56097;43622;0.00;0.00;0;0
1421240123;eth0;53150180.00;70704352.00;123854528.00;70704351;53150181;43633.00;56085.00;99718.00;56085;43633;0.00;0.00;0;0
1421240123;total;53150180.00;70704352.00;123854528.00;70704351;53150181;43633.00;56085.00;99718.00;56085;43633;0.00;0.00;0;0
1421240124;eth0;53132992.00;70720592.00;123853584.00;70720590;53132994;43620.00;56099.00;99719.00;56099;43620;0.00;0.00;0;0
1421240124;total;53132992.00;70720592.00;123853584.00;70720590;53132994;43620.00;56099.00;99719.00;56099;43620;0.00;0.00;0;0
1421240125;eth0;53137808.00;70715760.00;123853568.00;70715762;53137809;43623.00;56095.00;99718.00;56095;43623;0.00;0.00;0;0
1421240125;total;53137808.00;70715760.00;123853568.00;70715762;53137809;43623.00;56095.00;99718.00;56095;43623;0.00;0.00;0;0
1421240126;eth0;53148768.00;70708208.00;123856976.00;70708207;53148769;43633.00;56086.00;99719.00;56086;43633;0.00;0.00;0;0
1421240126;total;53148768.00;70708208.00;123856976.00;70708207;53148769;43633.00;56086.00;99719.00;56086;43633;0.00;0.00;0;0
1421240127;eth0;53138396.00;70707888.00;123846288.00;70707889;53138396;43663.00;56100.00;99763.00;56100;43663;0.00;0.00;0;0
1421240127;total;53138396.00;70707888.00;123846288.00;70707889;53138396;43663.00;56100.00;99763.00;56100;43663;0.00;0.00;0;0
1421240128;eth0;53140200.00;70733480.00;123873680.00;70733480;53140200;43624.00;56107.00;99731.00;56107;43624;0.00;0.00;0;0
1421240128;total;53140200.00;70733480.00;123873680.00;70733480;53140200;43624.00;56107.00;99731.00;56107;43624;0.00;0.00;0;0
1421240129;eth0;53147920.00;70707384.00;123855304.00;70707387;53147918;43633.00;56086.00;99719.00;56086;43633;0.00;0.00;0;0
1421240129;total;53147920.00;70707384.00;123855304.00;70707387;53147918;43633.00;56086.00;99719.00;56086;43633;0.00;0.00;0;0
1421240130;eth0;53066040.00;70524336.00;123590376.00;70524339;53066040;43562.00;55936.00;99498.00;55936;43562;0.00;0.00;0;0
1421240130;total;53066040.00;70524336.00;123590376.00;70524339;53066040;43562.00;55936.00;99498.00;55936;43562;0.00;0.00;0;0
1421240131;eth0;53147336.00;70721104.00;123868440.00;70721106;53147337;43630.00;56097.00;99727.00;56097;43630;0.00;0.00;0;0
1421240131;total;53147336.00;70721104.00;123868440.00;70721106;53147337;43630.00;56097.00;99727.00;56097;43630;0.00;0.00;0;0
1421240132;eth0;53106156.00;70677256.00;123783408.00;70677256;53106156;43596.00;56063.00;99659.00;56063;43596;0.00;0.00;0;0
1421240132;total;53106156.00;70677256.00;123783408.00;70677256;53106156;43596.00;56063.00;99659.00;56063;43596;0.00;0.00;0;0
1421240133;eth0;52688932.00;70202368.00;122891296.00;70202367;52688931;43253.00;55696.00;98949.00;55696;43253;0.00;0.00;0;0
1421240133;total;52688932.00;70202368.00;122891296.00;70202367;52688931;43253.00;55696.00;98949.00;55696;43253;0.00;0.00;0;0
1421240134;eth0;53144752.00;70712008.00;123856760.00;70712005;53144754;43628.00;56091.00;99719.00;56091;43628;0.00;0.00;0;0
1421240134;total;53144752.00;70712008.00;123856760.00;70712005;53144754;43628.00;56091.00;99719.00;56091;43628;0.00;0.00;0;0
1421240135;eth0;53144300.00;70715624.00;123859920.00;70715621;53144301;43627.00;56092.00;99719.00;56092;43627;0.00;0.00;0;0
1421240135;total;53144300.00;70715624.00;123859920.00;70715621;53144301;43627.00;56092.00;99719.00;56092;43627;0.00;0.00;0;0
1421240136;eth0;53129152.00;70691336.00;123820488.00;70691333;53129154;43613.00;56076.00;99689.00;56076;43613;0.00;0.00;0;0
1421240136;total;53129152.00;70691336.00;123820488.00;70691333;53129154;43613.00;56076.00;99689.00;56076;43613;0.00;0.00;0;0
1421240137;eth0;53134320.00;70723432.00;123857752.00;70723434;53134320;43621.00;56098.00;99719.00;56098;43621;0.00;0.00;0;0
1421240137;total;53134320.00;70723432.00;123857752.00;70723434;53134320;43621.00;56098.00;99719.00;56098;43621;0.00;0.00;0;0
1421240138;eth0;53133256.00;70717368.00;123850624.00;70717369;53133255;43619.00;56094.00;99713.00;56094;43619;0.00;0.00;0;0
1421240138;total;53133256.00;70717368.00;123850624.00;70717369;53133255;43619.00;56094.00;99713.00;56094;43619;0.00;0.00;0;0
1421240139;eth0;53137808.00;70694888.00;123832696.00;70694885;53137809;43622.00;56076.00;99698.00;56076;43622;0.00;0.00;0;0
1421240139;total;53137808.00;70694888.00;123832696.00;70694885;53137809;43622.00;56076.00;99698.00;56076;43622;0.00;0.00;0;0
1421240140;eth0;53149728.00;70724024.00;123873752.00;70724021;53149728;43631.00;56097.00;99728.00;56097;43631;0.00;0.00;0;0
1421240140;total;53149728.00;70724024.00;123873752.00;70724021;53149728;43631.00;56097.00;99728.00;56097;43631;0.00;0.00;0;0
1421240141;eth0;53131800.00;70716720.00;123848520.00;70716718;53131801;43618.00;56094.00;99712.00;56094;43618;0.00;0.00;0;0
1421240141;total;53131800.00;70716720.00;123848520.00;70716718;53131801;43618.00;56094.00;99712.00;56094;43618;0.00;0.00;0;0
1421240142;eth0;53143236.00;70703480.00;123846712.00;70703477;53143236;43626.00;56084.00;99710.00;56084;43626;0.00;0.00;0;0
1421240142;total;53143236.00;70703480.00;123846712.00;70703477;53143236;43626.00;56084.00;99710.00;56084;43626;0.00;0.00;0;0
1421240143;eth0;53145820.00;70724152.00;123869968.00;70724149;53145819;43629.00;56099.00;99728.00;56099;43629;0.00;0.00;0;0
1421240143;total;53145820.00;70724152.00;123869968.00;70724149;53145819;43629.00;56099.00;99728.00;56099;43629;0.00;0.00;0;0
1421240144;eth0;53013812.00;70555104.00;123568920.00;70555105;53013813;43520.00;55967.00;99487.00;55967;43520;0.00;0.00;0;0
1421240144;total;53013812.00;70555104.00;123568920.00;70555105;53013813;43520.00;55967.00;99487.00;55967;43520;0.00;0.00;0;0
1421240145;eth0;53147336.00;70711128.00;123858464.00;70711131;53147337;43630.00;56090.00;99720.00;56090;43630;0.00;0.00;0;0
1421240145;total;53147336.00;70711128.00;123858464.00;70711131;53147337;43630.00;56090.00;99720.00;56090;43630;0.00;0.00;0;0
1421240146;eth0;53131844.00;70724448.00;123856288.00;70724446;53131843;43618.00;56101.00;99719.00;56101;43618;0.00;0.00;0;0
1421240146;total;53131844.00;70724448.00;123856288.00;70724446;53131843;43618.00;56101.00;99719.00;56101;43618;0.00;0.00;0;0
1421240148;eth0;53089168.00;70638200.00;123727368.00;70708841;53142257;43611.39;56030.97;99642.36;56087;43655;0.00;0.00;0;0
1421240148;total;53089168.00;70638200.00;123727368.00;70708841;53142257;43611.39;56030.97;99642.36;56087;43655;0.00;0.00;0;0
1421240149;eth0;53021824.00;70544768.00;123566592.00;70544772;53021823;43526.00;55957.00;99483.00;55957;43526;0.00;0.00;0;0
1421240149;total;53021824.00;70544768.00;123566592.00;70544772;53021823;43526.00;55957.00;99483.00;55957;43526;0.00;0.00;0;0
1421240150;eth0;53131736.00;70725760.00;123857496.00;70725762;53131737;43617.00;56099.00;99716.00;56099;43617;0.00;0.00;0;0
1421240150;total;53131736.00;70725760.00;123857496.00;70725762;53131737;43617.00;56099.00;99716.00;56099;43617;0.00;0.00;0;0
1421240151;eth0;53154736.00;70686360.00;123841088.00;70686357;53154735;43636.00;56069.00;99705.00;56069;43636;0.00;0.00;0;0
1421240151;total;53154736.00;70686360.00;123841088.00;70686357;53154735;43636.00;56069.00;99705.00;56069;43636;0.00;0.00;0;0
1421240152;eth0;53057832.00;70499072.00;123556912.00;70499075;53057833;43560.00;55920.00;99480.00;55920;43560;0.00;0.00;0;0
1421240152;total;53057832.00;70499072.00;123556912.00;70499075;53057833;43560.00;55920.00;99480.00;55920;43560;0.00;0.00;0;0
1421240153;eth0;53140200.00;70703352.00;123843552.00;70703349;53140200;43625.00;56082.00;99707.00;56082;43625;0.00;0.00;0;0
1421240153;total;53140200.00;70703352.00;123843552.00;70703349;53140200;43625.00;56082.00;99707.00;56082;43625;0.00;0.00;0;0
1421240154;eth0;53148856.00;70722624.00;123871480.00;70722624;53148855;43630.00;56098.00;99728.00;56098;43630;0.00;0.00;0;0
1421240154;total;53148856.00;70722624.00;123871480.00;70722624;53148855;43630.00;56098.00;99728.00;56098;43630;0.00;0.00;0;0
1421240155;eth0;53134772.00;70709840.00;123844616.00;70709843;53134773;43620.00;56090.00;99710.00;56090;43620;0.00;0.00;0;0
1421240155;total;53134772.00;70709840.00;123844616.00;70709843;53134773;43620.00;56090.00;99710.00;56090;43620;0.00;0.00;0;0
1421240156;eth0;53137164.00;70712008.00;123849168.00;70712005;53137164;43622.00;56091.00;99713.00;56091;43622;0.00;0.00;0;0
1421240156;total;53137164.00;70712008.00;123849168.00;70712005;53137164;43622.00;56091.00;99713.00;56091;43622;0.00;0.00;0;0
1421240157;eth0;53148920.00;70718848.00;123867768.00;70718849;53148919;43631.00;56097.00;99728.00;56097;43631;0.00;0.00;0;0
1421240157;total;53148920.00;70718848.00;123867768.00;70718849;53148919;43631.00;56097.00;99728.00;56097;43631;0.00;0.00;0;0
1421240158;eth0;53131736.00;70713760.00;123845496.00;70713759;53131737;43617.00;56093.00;99710.00;56093;43617;0.00;0.00;0;0
1421240158;total;53131736.00;70713760.00;123845496.00;70713759;53131737;43617.00;56093.00;99710.00;56093;43617;0.00;0.00;0;0
1421240159;eth0;53144752.00;70711944.00;123856696.00;70711941;53144754;43627.00;56090.00;99717.00;56090;43627;0.00;0.00;0;0
1421240159;total;53144752.00;70711944.00;123856696.00;70711941;53144754;43627.00;56090.00;99717.00;56090;43627;0.00;0.00;0;0
1421240160;eth0;53144300.00;70718656.00;123862960.00;70718657;53144301;43628.00;56094.00;99722.00;56094;43628;0.00;0.00;0;0
1421240160;total;53144300.00;70718656.00;123862960.00;70718657;53144301;43628.00;56094.00;99722.00;56094;43628;0.00;0.00;0;0
1421240161;eth0;53133256.00;70713552.00;123846808.00;70713554;53133255;43619.00;56090.00;99709.00;56090;43619;0.00;0.00;0;0
1421240161;total;53133256.00;70713552.00;123846808.00;70713554;53133255;43619.00;56090.00;99709.00;56090;43619;0.00;0.00;0;0
1421240162;eth0;53153280.00;70711944.00;123865224.00;70711941;53153281;43635.00;56090.00;99725.00;56090;43635;0.00;0.00;0;0
1421240162;total;53153280.00;70711944.00;123865224.00;70711941;53153281;43635.00;56090.00;99725.00;56090;43635;0.00;0.00;0;0
1421240163;eth0;53134320.00;70721040.00;123855360.00;70721042;53134320;43619.00;56097.00;99716.00;56097;43619;0.00;0.00;0;0
1421240163;total;53134320.00;70721040.00;123855360.00;70721042;53134320;43619.00;56097.00;99716.00;56097;43619;0.00;0.00;0;0
1421240164;eth0;52882276.00;70447712.00;123329984.00;70447713;52882275;43414.00;55881.00;99295.00;55881;43414;0.00;0.00;0;0
1421240164;total;52882276.00;70447712.00;123329984.00;70447713;52882275;43414.00;55881.00;99295.00;55881;43414;0.00;0.00;0;0
1421240165;eth0;53151248.00;70711944.00;123863184.00;70711941;53151246;43633.00;56090.00;99723.00;56090;43633;0.00;0.00;0;0
1421240165;total;53151248.00;70711944.00;123863184.00;70711941;53151246;43633.00;56090.00;99723.00;56090;43633;0.00;0.00;0;0
1421240166;eth0;53131736.00;70721168.00;123852904.00;70721170;53131737;43617.00;56098.00;99715.00;56098;43617;0.00;0.00;0;0
1421240166;total;53131736.00;70721168.00;123852904.00;70721170;53131737;43617.00;56098.00;99715.00;56098;43617;0.00;0.00;0;0
1421240167;eth0;53133360.00;70711432.00;123844800.00;70711435;53133361;43620.00;56092.00;99712.00;56092;43620;0.00;0.00;0;0
1421240167;total;53133360.00;70711432.00;123844800.00;70711435;53133361;43620.00;56092.00;99712.00;56092;43620;0.00;0.00;0;0
1421240168;eth0;53131756.00;70703352.00;123835104.00;70703349;53131755;43632.00;56082.00;99714.00;56082;43632;0.00;0.00;0;0
1421240168;total;53131756.00;70703352.00;123835104.00;70703349;53131755;43632.00;56082.00;99714.00;56082;43632;0.00;0.00;0;0
1421240169;eth0;53024220.00;70583920.00;123608136.00;70583916;53024221;43529.00;55993.00;99522.00;55993;43529;0.00;0.00;0;0
1421240169;total;53024220.00;70583920.00;123608136.00;70583916;53024221;43529.00;55993.00;99522.00;55993;43529;0.00;0.00;0;0
1421240170;eth0;53145820.00;70712816.00;123858632.00;70712815;53145819;43628.00;56091.00;99719.00;56091;43628;0.00;0.00;0;0
1421240170;total;53145820.00;70712816.00;123858632.00;70712815;53145819;43628.00;56091.00;99719.00;56091;43628;0.00;0.00;0;0
1421240171;eth0;53131736.00;70720336.00;123852072.00;70720334;53131737;43617.00;56095.00;99712.00;56095;43617;0.00;0.00;0;0
1421240171;total;53131736.00;70720336.00;123852072.00;70720334;53131737;43617.00;56095.00;99712.00;56095;43617;0.00;0.00;0;0
1421240172;eth0;53141784.00;70709552.00;123851328.00;70709549;53141782;43626.00;56089.00;99715.00;56089;43626;0.00;0.00;0;0
1421240172;total;53141784.00;70709552.00;123851328.00;70709549;53141782;43626.00;56089.00;99715.00;56089;43626;0.00;0.00;0;0
1421240173;eth0;53147336.00;70714272.00;123861608.00;70714269;53147337;43630.00;56091.00;99721.00;56091;43630;0.00;0.00;0;0
1421240173;total;53147336.00;70714272.00;123861608.00;70714269;53147337;43630.00;56091.00;99721.00;56091;43630;0.00;0.00;0;0
1421240174;eth0;53131736.00;70720336.00;123852072.00;70720334;53131737;43617.00;56094.00;99711.00;56094;43617;0.00;0.00;0;0
1421240174;total;53131736.00;70720336.00;123852072.00;70720334;53131737;43617.00;56094.00;99711.00;56094;43617;0.00;0.00;0;0
1421240175;eth0;52978252.00;70540872.00;123519120.00;70540869;52978251;43491.00;55954.00;99445.00;55954;43491;0.00;0.00;0;0
1421240175;total;52978252.00;70540872.00;123519120.00;70540869;52978251;43491.00;55954.00;99445.00;55954;43491;0.00;0.00;0;0
1421240176;eth0;53029412.00;70423216.00;123452632.00;70423218;53029413;43533.00;55858.00;99391.00;55858;43533;0.00;0.00;0;0
1421240176;total;53029412.00;70423216.00;123452632.00;70423218;53029413;43533.00;55858.00;99391.00;55858;43533;0.00;0.00;0;0
1421240177;eth0;53106156.00;70694952.00;123801104.00;70694949;53106156;43596.00;56077.00;99673.00;56077;43596;0.00;0.00;0;0
1421240177;total;53106156.00;70694952.00;123801104.00;70694949;53106156;43596.00;56077.00;99673.00;56077;43596;0.00;0.00;0;0
1421240178;eth0;53150180.00;70703544.00;123853720.00;70703541;53150181;43631.00;56085.00;99716.00;56085;43631;0.00;0.00;0;0
1421240178;total;53150180.00;70703544.00;123853720.00;70703541;53150181;43631.00;56085.00;99716.00;56085;43631;0.00;0.00;0;0
1421240179;eth0;53085320.00;70657264.00;123742584.00;70657261;53085321;43585.00;56051.00;99636.00;56051;43585;0.00;0.00;0;0
1421240179;total;53085320.00;70657264.00;123742584.00;70657261;53085321;43585.00;56051.00;99636.00;56051;43585;0.00;0.00;0;0
1421240180;eth0;53134320.00;70720464.00;123854784.00;70720462;53134320;43617.00;56097.00;99714.00;56097;43617;0.00;0.00;0;0
1421240180;total;53134320.00;70720464.00;123854784.00;70720462;53134320;43617.00;56097.00;99714.00;56097;43617;0.00;0.00;0;0
1421240181;eth0;53081572.00;70654856.00;123736424.00;70654856;53081571;43587.00;56055.00;99642.00;56055;43587;0.00;0.00;0;0
1421240181;total;53081572.00;70654856.00;123736424.00;70654856;53081571;43587.00;56055.00;99642.00;56055;43587;0.00;0.00;0;0
1421240182;eth0;53131736.00;70720272.00;123852008.00;70720270;53131737;43617.00;56094.00;99711.00;56094;43617;0.00;0.00;0;0
1421240182;total;53131736.00;70720272.00;123852008.00;70720270;53131737;43617.00;56094.00;99711.00;56094;43617;0.00;0.00;0;0
1421240183;eth0;53139328.00;70707256.00;123846584.00;70707259;53139327;43624.00;56085.00;99709.00;56085;43624;0.00;0.00;0;0
1421240183;total;53139328.00;70707256.00;123846584.00;70707259;53139327;43624.00;56085.00;99709.00;56085;43624;0.00;0.00;0;0
1421240184;eth0;53149792.00;70718080.00;123867872.00;70718077;53149792;43632.00;56095.00;99727.00;56095;43632;0.00;0.00;0;0
1421240184;total;53149792.00;70718080.00;123867872.00;70718077;53149792;43632.00;56095.00;99727.00;56095;43632;0.00;0.00;0;0
1421240185;eth0;53131736.00;70722728.00;123854464.00;70722726;53131737;43617.00;56097.00;99714.00;56097;43617;0.00;0.00;0;0
1421240185;total;53131736.00;70722728.00;123854464.00;70722726;53131737;43617.00;56097.00;99714.00;56097;43617;0.00;0.00;0;0
1421240186;eth0;53139328.00;70703352.00;123842672.00;70703349;53139327;43624.00;56082.00;99706.00;56082;43624;0.00;0.00;0;0
1421240186;total;53139328.00;70703352.00;123842672.00;70703349;53139327;43624.00;56082.00;99706.00;56082;43624;0.00;0.00;0;0
1421240187;eth0;53142696.00;70711208.00;123853904.00;70711205;53142697;43625.00;56091.00;99716.00;56091;43625;0.00;0.00;0;0
1421240187;total;53142696.00;70711208.00;123853904.00;70711205;53142697;43625.00;56091.00;99716.00;56091;43625;0.00;0.00;0;0
1421240188;eth0;53142460.00;70719584.00;123862040.00;70719581;53142460;43665.00;56111.00;99776.00;56111;43665;0.00;0.00;0;0
1421240188;total;53142460.00;70719584.00;123862040.00;70719581;53142460;43665.00;56111.00;99776.00;56111;43665;0.00;0.00;0;0
1421240189;eth0;53055300.00;70633248.00;123688544.00;70633246;53055300;43557.00;56029.00;99586.00;56029;43557;0.00;0.00;0;0
1421240189;total;53055300.00;70633248.00;123688544.00;70633246;53055300;43557.00;56029.00;99586.00;56029;43557;0.00;0.00;0;0
1421240190;eth0;53150180.00;70712712.00;123862896.00;70712713;53150181;43632.00;56092.00;99724.00;56092;43632;0.00;0.00;0;0
1421240190;total;53150180.00;70712712.00;123862896.00;70712713;53150181;43632.00;56092.00;99724.00;56092;43632;0.00;0.00;0;0
1421240191;eth0;53138936.00;70722856.00;123861792.00;70722854;53138938;43624.00;56100.00;99724.00;56100;43624;0.00;0.00;0;0
1421240191;total;53138936.00;70722856.00;123861792.00;70722854;53138938;43624.00;56100.00;99724.00;56100;43624;0.00;0.00;0;0
1421240192;eth0;53136292.00;70708840.00;123845136.00;70708841;53136291;43621.00;56086.00;99707.00;56086;43621;0.00;0.00;0;0
1421240192;total;53136292.00;70708840.00;123845136.00;70708841;53136291;43621.00;56086.00;99707.00;56086;43621;0.00;0.00;0;0
1421240193;eth0;53152828.00;70716624.00;123869448.00;70716623;53152828;43635.00;56096.00;99731.00;56096;43635;0.00;0.00;0;0
1421240193;total;53152828.00;70716624.00;123869448.00;70716623;53152828;43635.00;56096.00;99731.00;56096;43635;0.00;0.00;0;0
1421240194;eth0;53131736.00;70724304.00;123856048.00;70724308;53131737;43617.00;56098.00;99715.00;56098;43617;0.00;0.00;0;0
1421240194;total;53131736.00;70724304.00;123856048.00;70724308;53131737;43617.00;56098.00;99715.00;56098;43617;0.00;0.00;0;0
1421240195;eth0;53139392.00;70703416.00;123842800.00;70703413;53139391;43625.00;56083.00;99708.00;56083;43625;0.00;0.00;0;0
1421240195;total;53139392.00;70703416.00;123842800.00;70703413;53139391;43625.00;56083.00;99708.00;56083;43625;0.00;0.00;0;0
1421240196;eth0;53149728.00;70718016.00;123867744.00;70718013;53149728;43631.00;56094.00;99725.00;56094;43631;0.00;0.00;0;0
1421240196;total;53149728.00;70718016.00;123867744.00;70718013;53149728;43631.00;56094.00;99725.00;56094;43631;0.00;0.00;0;0
1421240197;eth0;53131736.00;70673136.00;123804880.00;70673140;53131737;43617.00;56058.00;99675.00;56058;43617;0.00;0.00;0;0
1421240197;total;53131736.00;70673136.00;123804880.00;70673140;53131737;43617.00;56058.00;99675.00;56058;43617;0.00;0.00;0;0
1421240198;eth0;53131736.00;70710360.00;123842096.00;70710359;53131737;43617.00;56087.00;99704.00;56087;43617;0.00;0.00;0;0
1421240198;total;53131736.00;70710360.00;123842096.00;70710359;53131737;43617.00;56087.00;99704.00;56087;43617;0.00;0.00;0;0
1421240199;eth0;53150180.00;70711192.00;123861376.00;70711195;53150181;43632.00;56091.00;99723.00;56091;43632;0.00;0.00;0;0
1421240199;total;53150180.00;70711192.00;123861376.00;70711195;53150181;43632.00;56091.00;99723.00;56091;43632;0.00;0.00;0;0
1421240200;eth0;52698376.00;70224080.00;122922456.00;70224080;52698378;43260.00;55707.00;98967.00;55707;43260;0.00;0.00;0;0
1421240200;total;52698376.00;70224080.00;122922456.00;70224080;52698378;43260.00;55707.00;98967.00;55707;43260;0.00;0.00;0;0
1421240201;eth0;53137356.00;70727408.00;123864768.00;70727408;53137356;43623.00;56102.00;99725.00;56102;43623;0.00;0.00;0;0
1421240201;total;53137356.00;70727408.00;123864768.00;70727408;53137356;43623.00;56102.00;99725.00;56102;43623;0.00;0.00;0;0
1421240202;eth0;53136292.00;70708840.00;123845136.00;70708841;53136291;43622.00;56087.00;99709.00;56087;43622;0.00;0.00;0;0
1421240202;total;53136292.00;70708840.00;123845136.00;70708841;53136291;43622.00;56087.00;99709.00;56087;43622;0.00;0.00;0;0
1421240203;eth0;53141720.00;70703416.00;123845128.00;70703413;53141718;43624.00;56083.00;99707.00;56083;43624;0.00;0.00;0;0
1421240203;total;53141720.00;70703416.00;123845128.00;70703413;53141718;43624.00;56083.00;99707.00;56083;43624;0.00;0.00;0;0
1421240204;eth0;53142784.00;70721048.00;123863832.00;70721049;53142783;43626.00;56096.00;99722.00;56096;43626;0.00;0.00;0;0
1421240204;total;53142784.00;70721048.00;123863832.00;70721049;53142783;43626.00;56096.00;99722.00;56096;43626;0.00;0.00;0;0
1421240205;eth0;53134772.00;70719688.00;123854464.00;70719690;53134773;43620.00;56095.00;99715.00;56095;43620;0.00;0.00;0;0
1421240205;total;53134772.00;70719688.00;123854464.00;70719690;53134773;43620.00;56095.00;99715.00;56095;43620;0.00;0.00;0;0
1421240206;eth0;53148856.00;70703608.00;123852464.00;70703605;53148855;43632.00;56086.00;99718.00;56086;43632;0.00;0.00;0;0
1421240206;total;53148856.00;70703608.00;123852464.00;70703605;53148855;43632.00;56086.00;99718.00;56086;43632;0.00;0.00;0;0
1421240207;eth0;53137464.00;70721056.00;123858520.00;70721059;53137462;43624.00;56096.00;99720.00;56096;43624;0.00;0.00;0;0
1421240207;total;53137464.00;70721056.00;123858520.00;70721059;53137462;43624.00;56096.00;99720.00;56096;43624;0.00;0.00;0;0
1421240208;eth0;53136708.00;70719688.00;123856400.00;70719690;53136709;43640.00;56095.00;99735.00;56095;43640;0.00;0.00;0;0
1421240208;total;53136708.00;70719688.00;123856400.00;70719690;53136709;43640.00;56095.00;99735.00;56095;43640;0.00;0.00;0;0
1421240209;eth0;53148664.00;70706512.00;123855176.00;70706513;53148663;43629.00;56086.00;99715.00;56086;43629;0.00;0.00;0;0
1421240209;total;53148664.00;70706512.00;123855176.00;70706513;53148663;43629.00;56086.00;99715.00;56086;43629;0.00;0.00;0;0
1421240210;eth0;53137356.00;70718080.00;123855432.00;70718077;53137356;43623.00;56096.00;99719.00;56096;43623;0.00;0.00;0;0
1421240210;total;53137356.00;70718080.00;123855432.00;70718077;53137356;43623.00;56096.00;99719.00;56096;43623;0.00;0.00;0;0
1421240211;eth0;53131736.00;70719816.00;123851552.00;70719818;53131737;43618.00;56096.00;99714.00;56096;43618;0.00;0.00;0;0
1421240211;total;53131736.00;70719816.00;123851552.00;70719818;53131737;43618.00;56096.00;99714.00;56096;43618;0.00;0.00;0;0
1421240212;eth0;53131800.00;70532984.00;123664784.00;70532981;53131801;43617.00;55945.00;99562.00;55945;43617;0.00;0.00;0;0
1421240212;total;53131800.00;70532984.00;123664784.00;70532981;53131801;43617.00;55945.00;99562.00;55945;43617;0.00;0.00;0;0
1421240213;eth0;53150180.00;70711128.00;123861312.00;70711131;53150181;43631.00;56090.00;99721.00;56090;43631;0.00;0.00;0;0
1421240213;total;53150180.00;70711128.00;123861312.00;70711131;53150181;43631.00;56090.00;99721.00;56090;43631;0.00;0.00;0;0
1421240214;eth0;53138872.00;70723440.00;123862312.00;70723441;53138874;43624.00;56098.00;99722.00;56098;43624;0.00;0.00;0;0
1421240214;total;53138872.00;70723440.00;123862312.00;70723441;53138874;43624.00;56098.00;99722.00;56098;43624;0.00;0.00;0;0
1421240215;eth0;53131736.00;70709648.00;123841384.00;70709644;53131737;43617.00;56087.00;99704.00;56087;43617;0.00;0.00;0;0
1421240215;total;53131736.00;70709648.00;123841384.00;70709644;53131737;43617.00;56087.00;99704.00;56087;43617;0.00;0.00;0;0
1421240216;eth0;53150180.00;70711064.00;123861248.00;70711067;53150181;43632.00;56090.00;99722.00;56090;43632;0.00;0.00;0;0
1421240216;total;53150180.00;70711064.00;123861248.00;70711067;53150181;43632.00;56090.00;99722.00;56090;43632;0.00;0.00;0;0
1421240217;eth0;53138872.00;70725760.00;123864640.00;70725762;53138874;43623.00;56098.00;99721.00;56098;43623;0.00;0.00;0;0
1421240217;total;53138872.00;70725760.00;123864640.00;70725762;53138874;43623.00;56098.00;99721.00;56098;43623;0.00;0.00;0;0
1421240218;eth0;53136292.00;70707256.00;123843552.00;70707259;53136291;43621.00;56085.00;99706.00;56085;43621;0.00;0.00;0;0
1421240218;total;53136292.00;70707256.00;123843552.00;70707259;53136291;43621.00;56085.00;99706.00;56085;43621;0.00;0.00;0;0
1421240219;eth0;53147144.00;70712584.00;123859728.00;70712585;53147145;43628.00;56090.00;99718.00;56090;43628;0.00;0.00;0;0
1421240219;total;53147144.00;70712584.00;123859728.00;70712585;53147145;43628.00;56090.00;99718.00;56090;43628;0.00;0.00;0;0
1421240220;eth0;53137356.00;70722792.00;123860144.00;70722790;53137356;43623.00;56099.00;99722.00;56099;43623;0.00;0.00;0;0
1421240220;total;53137356.00;70722792.00;123860144.00;70722790;53137356;43623.00;56099.00;99722.00;56099;43623;0.00;0.00;0;0
1421240221;eth0;53134772.00;70709048.00;123843816.00;70709046;53134773;43620.00;56089.00;99709.00;56089;43620;0.00;0.00;0;0
1421240221;total;53134772.00;70709048.00;123843816.00;70709046;53134773;43620.00;56089.00;99709.00;56089;43620;0.00;0.00;0;0
1421240222;eth0;53154344.00;70716752.00;123871096.00;70716751;53154346;43636.00;56097.00;99733.00;56097;43636;0.00;0.00;0;0
1421240222;total;53154344.00;70716752.00;123871096.00;70716751;53154346;43636.00;56097.00;99733.00;56097;43636;0.00;0.00;0;0
1421240223;eth0;53131736.00;70724432.00;123856176.00;70724436;53131737;43617.00;56101.00;99718.00;56101;43617;0.00;0.00;0;0
1421240223;total;53131736.00;70724432.00;123856176.00;70724436;53131737;43617.00;56101.00;99718.00;56101;43617;0.00;0.00;0;0
1421240224;eth0;52378840.00;69852744.00;122231584.00;69852743;52378842;42999.00;55413.00;98412.00;55413;42999;0.00;0.00;0;0
1421240224;total;52378840.00;69852744.00;122231584.00;69852743;52378842;42999.00;55413.00;98412.00;55413;42999;0.00;0.00;0;0
1421240225;eth0;53142848.00;70711128.00;123853976.00;70711131;53142847;43627.00;56090.00;99717.00;56090;43627;0.00;0.00;0;0
1421240225;total;53142848.00;70711128.00;123853976.00;70711131;53142847;43627.00;56090.00;99717.00;56090;43627;0.00;0.00;0;0
1421240226;eth0;53131800.00;70722856.00;123854656.00;70722854;53131801;43618.00;56100.00;99718.00;56100;43618;0.00;0.00;0;0
1421240226;total;53131800.00;70722856.00;123854656.00;70722854;53131801;43618.00;56100.00;99718.00;56100;43618;0.00;0.00;0;0
1421240227;eth0;53141824.00;70710368.00;123852192.00;70710369;53141824;43626.00;56087.00;99713.00;56087;43626;0.00;0.00;0;0
1421240227;total;53141824.00;70710368.00;123852192.00;70710369;53141824;43626.00;56087.00;99713.00;56087;43626;0.00;0.00;0;0
1421240228;eth0;53133636.00;70703352.00;123836984.00;70703349;53133637;43637.00;56082.00;99719.00;56082;43637;0.00;0.00;0;0
1421240228;total;53133636.00;70703352.00;123836984.00;70703349;53133637;43637.00;56082.00;99719.00;56082;43637;0.00;0.00;0;0
1421240229;eth0;53156164.00;70718296.00;123874464.00;70718299;53156163;43637.00;56097.00;99734.00;56097;43637;0.00;0.00;0;0
1421240229;total;53156164.00;70718296.00;123874464.00;70718299;53156163;43637.00;56097.00;99734.00;56097;43637;0.00;0.00;0;0
1421240230;eth0;53131736.00;70718880.00;123850616.00;70718880;53131737;43617.00;56094.00;99711.00;56094;43617;0.00;0.00;0;0
1421240230;total;53131736.00;70718880.00;123850616.00;70718880;53131737;43617.00;56094.00;99711.00;56094;43617;0.00;0.00;0;0
1421240231;eth0;53144752.00;70707320.00;123852080.00;70707323;53144754;43627.00;56086.00;99713.00;56086;43627;0.00;0.00;0;0
1421240231;total;53144752.00;70707320.00;123852080.00;70707323;53144754;43627.00;56086.00;99713.00;56086;43627;0.00;0.00;0;0
1421240232;eth0;53144364.00;70715168.00;123859536.00;70715169;53144365;43629.00;56096.00;99725.00;56096;43629;0.00;0.00;0;0
1421240232;total;53144364.00;70715168.00;123859536.00;70715169;53144365;43629.00;56096.00;99725.00;56096;43629;0.00;0.00;0;0
1421240233;eth0;53131736.00;70721984.00;123853720.00;70721980;53131737;43617.00;56097.00;99714.00;56097;43617;0.00;0.00;0;0
1421240233;total;53131736.00;70721984.00;123853720.00;70721980;53131737;43617.00;56097.00;99714.00;56097;43617;0.00;0.00;0;0
1421240234;eth0;53137872.00;70707512.00;123845392.00;70707515;53137873;43624.00;56089.00;99713.00;56089;43624;0.00;0.00;0;0
1421240234;total;53137872.00;70707512.00;123845392.00;70707515;53137873;43624.00;56089.00;99713.00;56089;43624;0.00;0.00;0;0
1421240235;eth0;52716368.00;70158696.00;122875064.00;70158693;52716369;43275.00;55650.00;98925.00;55650;43275;0.00;0.00;0;0
1421240235;total;52716368.00;70158696.00;122875064.00;70158693;52716369;43275.00;55650.00;98925.00;55650;43275;0.00;0.00;0;0
1421240236;eth0;53150180.00;70703416.00;123853592.00;70703413;53150181;43631.00;56083.00;99714.00;56083;43631;0.00;0.00;0;0
1421240236;total;53150180.00;70703416.00;123853592.00;70703413;53150181;43631.00;56083.00;99714.00;56083;43631;0.00;0.00;0;0
1421240237;eth0;53138872.00;70720400.00;123859272.00;70720398;53138874;43624.00;56096.00;99720.00;56096;43624;0.00;0.00;0;0
1421240237;total;53138872.00;70720400.00;123859272.00;70720398;53138874;43624.00;56096.00;99720.00;56096;43624;0.00;0.00;0;0
1421240238;eth0;53136828.00;70711880.00;123848704.00;70711877;53136829;43643.00;56089.00;99732.00;56089;43643;0.00;0.00;0;0
1421240238;total;53136828.00;70711880.00;123848704.00;70711877;53136829;43643.00;56089.00;99732.00;56089;43643;0.00;0.00;0;0
1421240239;eth0;53148664.00;70711816.00;123860480.00;70711813;53148663;43628.00;56089.00;99717.00;56089;43628;0.00;0.00;0;0
1421240239;total;53148664.00;70711816.00;123860480.00;70711813;53148663;43628.00;56089.00;99717.00;56089;43628;0.00;0.00;0;0
1421240240;eth0;53137356.00;70721920.00;123859272.00;70721916;53137356;43623.00;56096.00;99719.00;56096;43623;0.00;0.00;0;0
1421240240;total;53137356.00;70721920.00;123859272.00;70721916;53137356;43623.00;56096.00;99719.00;56096;43623;0.00;0.00;0;0
1421240241;eth0;53131736.00;70644304.00;123776040.00;70644304;53131737;43617.00;56033.00;99650.00;56033;43617;0.00;0.00;0;0
1421240241;total;53131736.00;70644304.00;123776040.00;70644304;53131737;43617.00;56033.00;99650.00;56033;43617;0.00;0.00;0;0
1421240242;eth0;53131736.00;70718368.00;123850104.00;70718364;53131737;43617.00;56098.00;99715.00;56098;43617;0.00;0.00;0;0
1421240242;total;53131736.00;70718368.00;123850104.00;70718364;53131737;43617.00;56098.00;99715.00;56098;43617;0.00;0.00;0;0
1421240243;eth0;53143236.00;70712008.00;123855240.00;70712005;53143236;43626.00;56090.00;99716.00;56090;43626;0.00;0.00;0;0
1421240243;total;53143236.00;70712008.00;123855240.00;70712005;53143236;43626.00;56090.00;99716.00;56090;43626;0.00;0.00;0;0
1421240244;eth0;53145820.00;70714232.00;123860048.00;70714231;53145819;43629.00;56094.00;99723.00;56094;43629;0.00;0.00;0;0
1421240244;total;53145820.00;70714232.00;123860048.00;70714231;53145819;43629.00;56094.00;99723.00;56094;43629;0.00;0.00;0;0
1421240245;eth0;53131928.00;70724624.00;123856560.00;70724628;53131929;43620.00;56103.00;99723.00;56103;43620;0.00;0.00;0;0
1421240245;total;53131928.00;70724624.00;123856560.00;70724628;53131929;43620.00;56103.00;99723.00;56103;43620;0.00;0.00;0;0
1421240246;eth0;53116136.00;70671760.00;123787904.00;70671764;53116137;43605.00;56058.00;99663.00;56058;43605;0.00;0.00;0;0
1421240246;total;53116136.00;70671760.00;123787904.00;70671764;53116137;43605.00;56058.00;99663.00;56058;43605;0.00;0.00;0;0
1421240247;eth0;53147444.00;70714240.00;123861680.00;70714241;53147443;43630.00;56094.00;99724.00;56094;43630;0.00;0.00;0;0
1421240247;total;53147444.00;70714240.00;123861680.00;70714241;53147443;43630.00;56094.00;99724.00;56094;43630;0.00;0.00;0;0
1421240248;eth0;52776060.00;70305768.00;123081832.00;70305770;52776061;43353.00;55781.00;99134.00;55781;43353;0.00;0.00;0;0
1421240248;total;52776060.00;70305768.00;123081832.00;70305770;52776061;43353.00;55781.00;99134.00;55781;43353;0.00;0.00;0;0
1421240249;eth0;53081428.00;70631360.00;123712784.00;70631357;53081429;43583.00;56026.00;99609.00;56026;43583;0.00;0.00;0;0
1421240249;total;53081428.00;70631360.00;123712784.00;70631357;53081429;43583.00;56026.00;99609.00;56026;43583;0.00;0.00;0;0
1421240250;eth0;53144816.00;70707384.00;123852208.00;70707387;53144818;43628.00;56086.00;99714.00;56086;43628;0.00;0.00;0;0
1421240250;total;53144816.00;70707384.00;123852208.00;70707387;53144818;43628.00;56086.00;99714.00;56086;43628;0.00;0.00;0;0
1421240251;eth0;53143236.00;70711816.00;123855048.00;70711813;53143236;43628.00;56089.00;99717.00;56089;43628;0.00;0.00;0;0
1421240251;total;53143236.00;70711816.00;123855048.00;70711813;53143236;43628.00;56089.00;99717.00;56089;43628;0.00;0.00;0;0
1421240252;eth0;53132800.00;70723512.00;123856312.00;70723511;53132802;43617.00;56098.00;99715.00;56098;43617;0.00;0.00;0;0
1421240252;total;53132800.00;70723512.00;123856312.00;70723511;53132802;43617.00;56098.00;99715.00;56098;43617;0.00;0.00;0;0
1421240253;eth0;53140200.00;70667784.00;123807984.00;70667783;53140200;43624.00;56055.00;99679.00;56055;43624;0.00;0.00;0;0
1421240253;total;53140200.00;70667784.00;123807984.00;70667783;53140200;43624.00;56055.00;99679.00;56055;43624;0.00;0.00;0;0
1421240254;eth0;53148856.00;70710424.00;123859280.00;70710423;53148855;43631.00;56088.00;99719.00;56088;43631;0.00;0.00;0;0
1421240254;total;53148856.00;70710424.00;123859280.00;70710423;53148855;43631.00;56088.00;99719.00;56088;43631;0.00;0.00;0;0
1421240255;eth0;53131736.00;70720464.00;123852200.00;70720462;53131737;43617.00;56097.00;99714.00;56097;43617;0.00;0.00;0;0
1421240255;total;53131736.00;70720464.00;123852200.00;70720462;53131737;43617.00;56097.00;99714.00;56097;43617;0.00;0.00;0;0
1421240256;eth0;53136292.00;70715104.00;123851392.00;70715105;53136291;43621.00;56094.00;99715.00;56094;43621;0.00;0.00;0;0
1421240256;total;53136292.00;70715104.00;123851392.00;70715105;53136291;43621.00;56094.00;99715.00;56094;43621;0.00;0.00;0;0
1421240257;eth0;53148728.00;70708904.00;123857632.00;70708905;53148727;43630.00;56088.00;99718.00;56088;43630;0.00;0.00;0;0
1421240257;total;53148728.00;70708904.00;123857632.00;70708905;53148727;43630.00;56088.00;99718.00;56088;43630;0.00;0.00;0;0
1421240258;eth0;53135840.00;70716488.00;123852328.00;70716488;53135838;43622.00;56094.00;99716.00;56094;43622;0.00;0.00;0;0
1421240258;total;53135840.00;70716488.00;123852328.00;70716488;53135838;43622.00;56094.00;99716.00;56094;43622;0.00;0.00;0;0
1421240259;eth0;53003832.00;70598336.00;123602160.00;70598332;53003832;43513.00;56001.00;99514.00;56001;43513;0.00;0.00;0;0
1421240259;total;53003832.00;70598336.00;123602160.00;70598332;53003832;43513.00;56001.00;99514.00;56001;43513;0.00;0.00;0;0
1421240260;eth0;53131800.00;70684776.00;123816576.00;70684775;53131801;43617.00;56066.00;99683.00;56066;43617;0.00;0.00;0;0
1421240260;total;53131800.00;70684776.00;123816576.00;70684775;53131801;43617.00;56066.00;99683.00;56066;43617;0.00;0.00;0;0
1421240261;eth0;53134772.00;70703416.00;123838184.00;70703413;53134773;43620.00;56083.00;99703.00;56083;43620;0.00;0.00;0;0
1421240261;total;53134772.00;70703416.00;123838184.00;70703413;53134773;43620.00;56083.00;99703.00;56083;43620;0.00;0.00;0;0
1421240262;eth0;53154280.00;70718008.00;123872288.00;70718006;53154282;43635.00;56095.00;99730.00;56095;43635;0.00;0.00;0;0
1421240262;total;53154280.00;70718008.00;123872288.00;70718006;53154282;43635.00;56095.00;99730.00;56095;43635;0.00;0.00;0;0
1421240263;eth0;53131736.00;70710200.00;123841936.00;70710200;53131737;43617.00;56087.00;99704.00;56087;43617;0.00;0.00;0;0
1421240263;total;53131736.00;70710200.00;123841936.00;70710200;53131737;43617.00;56087.00;99704.00;56087;43617;0.00;0.00;0;0
1421240264;eth0;53140564.00;70716424.00;123856984.00;70716424;53140563;43624.00;56097.00;99721.00;56097;43624;0.00;0.00;0;0
1421240264;total;53140564.00;70716424.00;123856984.00;70716424;53140563;43624.00;56097.00;99721.00;56097;43624;0.00;0.00;0;0
1421240265;eth0;53146272.00;70706704.00;123852976.00;70706705;53146272;43629.00;56089.00;99718.00;56089;43629;0.00;0.00;0;0
1421240265;total;53146272.00;70706704.00;123852976.00;70706705;53146272;43629.00;56089.00;99718.00;56089;43629;0.00;0.00;0;0
1421240266;eth0;53142784.00;70721920.00;123864704.00;70721923;53142783;43626.00;56098.00;99724.00;56098;43626;0.00;0.00;0;0
1421240266;total;53142784.00;70721920.00;123864704.00;70721923;53142783;43626.00;56098.00;99724.00;56098;43626;0.00;0.00;0;0
1421240267;eth0;53131844.00;70715984.00;123847824.00;70715982;53131843;43618.00;56094.00;99712.00;56094;43618;0.00;0.00;0;0
1421240267;total;53131844.00;70715984.00;123847824.00;70715982;53131843;43618.00;56094.00;99712.00;56094;43618;0.00;0.00;0;0
1421240268;eth0;53133840.00;70699504.00;123833344.00;70699503;53133841;43640.00;56081.00;99721.00;56081;43640;0.00;0.00;0;0
1421240268;total;53133840.00;70699504.00;123833344.00;70699503;53133841;43640.00;56081.00;99721.00;56081;43640;0.00;0.00;0;0
1421240269;eth0;53153216.00;70707384.00;123860608.00;70707387;53153217;43633.00;56086.00;99719.00;56086;43633;0.00;0.00;0;0
1421240269;total;53153216.00;70707384.00;123860608.00;70707387;53153217;43633.00;56086.00;99719.00;56086;43633;0.00;0.00;0;0
1421240270;eth0;53135840.00;70721856.00;123857688.00;70721852;53135838;43621.00;56096.00;99717.00;56096;43621;0.00;0.00;0;0
1421240270;total;53135840.00;70721856.00;123857688.00;70721852;53135838;43621.00;56096.00;99717.00;56096;43621;0.00;0.00;0;0
1421240271;eth0;53131736.00;70702544.00;123834280.00;70702546;53131737;43617.00;56083.00;99700.00;56083;43617;0.00;0.00;0;0
1421240271;total;53131736.00;70702544.00;123834280.00;70702546;53131737;43617.00;56083.00;99700.00;56083;43617;0.00;0.00;0;0
1421240272;eth0;53131800.00;70719752.00;123851552.00;70719754;53131801;43618.00;56095.00;99713.00;56095;43618;0.00;0.00;0;0
1421240272;total;53131800.00;70719752.00;123851552.00;70719754;53131801;43618.00;56095.00;99713.00;56095;43618;0.00;0.00;0;0
1421240273;eth0;53131736.00;70711816.00;123843552.00;70711813;53131737;43618.00;56088.00;99706.00;56088;43618;0.00;0.00;0;0
1421240273;total;53131736.00;70711816.00;123843552.00;70711813;53131737;43618.00;56088.00;99706.00;56088;43618;0.00;0.00;0;0
1421240274;eth0;53157320.00;70712584.00;123869904.00;70712585;53157318;43637.00;56091.00;99728.00;56091;43637;0.00;0.00;0;0
1421240274;total;53157320.00;70712584.00;123869904.00;70712585;53157318;43637.00;56091.00;99728.00;56091;43637;0.00;0.00;0;0
1421240275;eth0;53131736.00;70719752.00;123851488.00;70719754;53131737;43617.00;56095.00;99712.00;56095;43617;0.00;0.00;0;0
1421240275;total;53131736.00;70719752.00;123851488.00;70719754;53131737;43617.00;56095.00;99712.00;56095;43617;0.00;0.00;0;0
1421240276;eth0;53140200.00;70711944.00;123852144.00;70711941;53140200;43624.00;56090.00;99714.00;56090;43624;0.00;0.00;0;0
1421240276;total;53140200.00;70711944.00;123852144.00;70711941;53140200;43624.00;56090.00;99714.00;56090;43624;0.00;0.00;0;0
1421240277;eth0;53148920.00;70718208.00;123867120.00;70718205;53148919;43632.00;56097.00;99729.00;56097;43632;0.00;0.00;0;0
1421240277;total;53148920.00;70718208.00;123867120.00;70718205;53148919;43632.00;56097.00;99729.00;56097;43632;0.00;0.00;0;0
1421240278;eth0;53131736.00;70714392.00;123846128.00;70714390;53131737;43617.00;56093.00;99710.00;56093;43617;0.00;0.00;0;0
1421240278;total;53131736.00;70714392.00;123846128.00;70714390;53131737;43617.00;56093.00;99710.00;56093;43617;0.00;0.00;0;0
1421240279;eth0;53150180.00;70711880.00;123862056.00;70711877;53150181;43632.00;56089.00;99721.00;56089;43632;0.00;0.00;0;0
1421240279;total;53150180.00;70711880.00;123862056.00;70711877;53150181;43632.00;56089.00;99721.00;56089;43632;0.00;0.00;0;0
1421240280;eth0;53138872.00;70718080.00;123856952.00;70718077;53138874;43623.00;56095.00;99718.00;56095;43623;0.00;0.00;0;0
1421240280;total;53138872.00;70718080.00;123856952.00;70718077;53138874;43623.00;56095.00;99718.00;56095;43623;0.00;0.00;0;0
1421240281;eth0;53136292.00;70714264.00;123850552.00;70714262;53136291;43621.00;56091.00;99712.00;56091;43621;0.00;0.00;0;0
1421240281;total;53136292.00;70714264.00;123850552.00;70714262;53136291;43621.00;56091.00;99712.00;56091;43621;0.00;0.00;0;0
1421240282;eth0;53144108.00;70711816.00;123855920.00;70711813;53144109;43626.00;56088.00;99714.00;56088;43626;0.00;0.00;0;0
1421240282;total;53144108.00;70711816.00;123855920.00;70711813;53144109;43626.00;56088.00;99714.00;56088;43626;0.00;0.00;0;0
1421240283;eth0;53116392.00;70524400.00;123640792.00;70524402;53116393;43606.00;55937.00;99543.00;55937;43606;0.00;0.00;0;0
1421240283;total;53116392.00;70524400.00;123640792.00;70524402;53116393;43606.00;55937.00;99543.00;55937;43606;0.00;0.00;0;0
1421240284;eth0;52920080.00;70474696.00;123394776.00;70474696;52920080;43444.00;55907.00;99351.00;55907;43444;0.00;0.00;0;0
1421240284;total;52920080.00;70474696.00;123394776.00;70474696;52920080;43444.00;55907.00;99351.00;55907;43444;0.00;0.00;0;0
1421240285;eth0;52907128.00;70498600.00;123405728.00;70498601;52907127;43434.00;55922.00;99356.00;55922;43434;0.00;0.00;0;0
1421240285;total;52907128.00;70498600.00;123405728.00;70498601;52907127;43434.00;55922.00;99356.00;55922;43434;0.00;0.00;0;0
1421240286;eth0;53144752.00;70703544.00;123848296.00;70703541;53144754;43628.00;56085.00;99713.00;56085;43628;0.00;0.00;0;0
1421240286;total;53144752.00;70703544.00;123848296.00;70703541;53144754;43628.00;56085.00;99713.00;56085;43628;0.00;0.00;0;0
1421240287;eth0;53144408.00;70724288.00;123868696.00;70724287;53144407;43628.00;56101.00;99729.00;56101;43628;0.00;0.00;0;0
1421240287;total;53144408.00;70724288.00;123868696.00;70724287;53144407;43628.00;56101.00;99729.00;56101;43628;0.00;0.00;0;0
1421240288;eth0;53133400.00;70716848.00;123850248.00;70716846;53133401;43635.00;56096.00;99731.00;56096;43635;0.00;0.00;0;0
1421240288;total;53133400.00;70716848.00;123850248.00;70716846;53133401;43635.00;56096.00;99731.00;56096;43635;0.00;0.00;0;0
1421240289;eth0;53146272.00;70705056.00;123851328.00;70705059;53146272;43628.00;56086.00;99714.00;56086;43628;0.00;0.00;0;0
1421240289;total;53146272.00;70705056.00;123851328.00;70705059;53146272;43628.00;56086.00;99714.00;56086;43628;0.00;0.00;0;0
1421240290;eth0;53142784.00;70722632.00;123865416.00;70722631;53142783;43627.00;56098.00;99725.00;56098;43627;0.00;0.00;0;0
1421240290;total;53142784.00;70722632.00;123865416.00;70722631;53142783;43627.00;56098.00;99725.00;56098;43627;0.00;0.00;0;0
1421240291;eth0;53131736.00;70716656.00;123848392.00;70716654;53131737;43617.00;56093.00;99710.00;56093;43617;0.00;0.00;0;0
1421240291;total;53131736.00;70716656.00;123848392.00;70716654;53131737;43617.00;56093.00;99710.00;56093;43617;0.00;0.00;0;0
1421240292;eth0;53144816.00;70708032.00;123852848.00;70708031;53144818;43629.00;56087.00;99716.00;56087;43629;0.00;0.00;0;0
1421240292;total;53144816.00;70708032.00;123852848.00;70708031;53144818;43629.00;56087.00;99716.00;56087;43629;0.00;0.00;0;0
1421240293;eth0;53144300.00;70719528.00;123863832.00;70719531;53144301;43627.00;56095.00;99722.00;56095;43627;0.00;0.00;0;0
1421240293;total;53144300.00;70719528.00;123863832.00;70719531;53144301;43627.00;56095.00;99722.00;56095;43627;0.00;0.00;0;0
1421240294;eth0;53032448.00;70623064.00;123655512.00;70623066;53032449;43536.00;56019.00;99555.00;56019;43536;0.00;0.00;0;0
1421240294;total;53032448.00;70623064.00;123655512.00;70623066;53032449;43536.00;56019.00;99555.00;56019;43536;0.00;0.00;0;0
1421240295;eth0;53151764.00;70708032.00;123859792.00;70708031;53151763;43632.00;56087.00;99719.00;56087;43632;0.00;0.00;0;0
1421240295;total;53151764.00;70708032.00;123859792.00;70708031;53151763;43632.00;56087.00;99719.00;56087;43632;0.00;0.00;0;0
1421240296;eth0;53108740.00;70649792.00;123758528.00;70649789;53108739;43600.00;56039.00;99639.00;56039;43600;0.00;0.00;0;0
1421240296;total;53108740.00;70649792.00;123758528.00;70649789;53108739;43600.00;56039.00;99639.00;56039;43600;0.00;0.00;0;0
1421240297;eth0;53148664.00;70709712.00;123858376.00;70709715;53148663;43631.00;56087.00;99718.00;56087;43631;0.00;0.00;0;0
1421240297;total;53148664.00;70709712.00;123858376.00;70709715;53148663;43631.00;56087.00;99718.00;56087;43631;0.00;0.00;0;0
1421240298;eth0;52986904.00;70422480.00;123409384.00;70422479;52986906;43498.00;55859.00;99357.00;55859;43498;0.00;0.00;0;0
1421240298;total;52986904.00;70422480.00;123409384.00;70422479;52986906;43498.00;55859.00;99357.00;55859;43498;0.00;0.00;0;0
1421240299;eth0;53149388.00;70722744.00;123872136.00;70722744;53149389;43631.00;56105.00;99736.00;56105;43631;0.00;0.00;0;0
1421240299;total;53149388.00;70722744.00;123872136.00;70722744;53149389;43631.00;56105.00;99736.00;56105;43631;0.00;0.00;0;0
1421240300;eth0;53140200.00;70710424.00;123850624.00;70710423;53140200;43624.00;56089.00;99713.00;56089;43624;0.00;0.00;0;0
1421240300;total;53140200.00;70710424.00;123850624.00;70710423;53140200;43624.00;56089.00;99713.00;56089;43624;0.00;0.00;0;0
1421240301;eth0;53148856.00;70708032.00;123856888.00;70708031;53148855;43631.00;56087.00;99718.00;56087;43631;0.00;0.00;0;0
1421240301;total;53148856.00;70708032.00;123856888.00;70708031;53148855;43631.00;56087.00;99718.00;56087;43631;0.00;0.00;0;0
1421240302;eth0;53131736.00;70723432.00;123855168.00;70723434;53131737;43617.00;56098.00;99715.00;56098;43617;0.00;0.00;0;0
1421240302;total;53131736.00;70723432.00;123855168.00;70723434;53131737;43617.00;56098.00;99715.00;56098;43617;0.00;0.00;0;0
1421240303;eth0;53131800.00;70695760.00;123827560.00;70695759;53131801;43618.00;56077.00;99695.00;56077;43618;0.00;0.00;0;0
1421240303;total;53131800.00;70695760.00;123827560.00;70695759;53131801;43618.00;56077.00;99695.00;56077;43618;0.00;0.00;0;0
1421240304;eth0;53144752.00;70711000.00;123855760.00;70711003;53144754;43627.00;56088.00;99715.00;56088;43627;0.00;0.00;0;0
1421240304;total;53144752.00;70711000.00;123855760.00;70711003;53144754;43627.00;56088.00;99715.00;56088;43627;0.00;0.00;0;0
1421240305;eth0;53144300.00;70714336.00;123858632.00;70714333;53144301;43628.00;56092.00;99720.00;56092;43628;0.00;0.00;0;0
1421240305;total;53144300.00;70714336.00;123858632.00;70714333;53144301;43628.00;56092.00;99720.00;56092;43628;0.00;0.00;0;0
1421240306;eth0;53131736.00;70718880.00;123850616.00;70718880;53131737;43617.00;56095.00;99712.00;56095;43617;0.00;0.00;0;0
1421240306;total;53131736.00;70718880.00;123850616.00;70718880;53131737;43617.00;56095.00;99712.00;56095;43617;0.00;0.00;0;0
1421240307;eth0;53144860.00;70711208.00;123856064.00;70711205;53144860;43628.00;56092.00;99720.00;56092;43628;0.00;0.00;0;0
1421240307;total;53144860.00;70711208.00;123856064.00;70711205;53144860;43628.00;56092.00;99720.00;56092;43628;0.00;0.00;0;0
1421240308;eth0;53146728.00;70717288.00;123864016.00;70717291;53146727;43657.00;56107.00;99764.00;56107;43657;0.00;0.00;0;0
1421240308;total;53146728.00;70717288.00;123864016.00;70717291;53146727;43657.00;56107.00;99764.00;56107;43657;0.00;0.00;0;0
1421240309;eth0;53133272.00;70720464.00;123853736.00;70720462;53133273;43633.00;56097.00;99730.00;56097;43633;0.00;0.00;0;0
1421240309;total;53133272.00;70720464.00;123853736.00;70720462;53133273;43633.00;56097.00;99730.00;56097;43633;0.00;0.00;0;0
1421240310;eth0;53054992.00;70623744.00;123678736.00;70623743;53054994;43554.00;56022.00;99576.00;56022;43554;0.00;0.00;0;0
1421240310;total;53054992.00;70623744.00;123678736.00;70623743;53054994;43554.00;56022.00;99576.00;56022;43554;0.00;0.00;0;0
1421240311;eth0;52875928.00;70451616.00;123327536.00;70451613;52875927;43407.00;55887.00;99294.00;55887;43407;0.00;0.00;0;0
1421240311;total;52875928.00;70451616.00;123327536.00;70451613;52875927;43407.00;55887.00;99294.00;55887;43407;0.00;0.00;0;0
1421240312;eth0;53131736.00;70720400.00;123852136.00;70720398;53131737;43617.00;56096.00;99713.00;56096;43617;0.00;0.00;0;0
1421240312;total;53131736.00;70720400.00;123852136.00;70720398;53131737;43617.00;56096.00;99713.00;56096;43617;0.00;0.00;0;0
1421240313;eth0;53147856.00;70711128.00;123858984.00;70711131;53147854;43631.00;56090.00;99721.00;56090;43631;0.00;0.00;0;0
1421240313;total;53147856.00;70711128.00;123858984.00;70711131;53147854;43631.00;56090.00;99721.00;56090;43631;0.00;0.00;0;0
1421240314;eth0;53141328.00;70713456.00;123854784.00;70713459;53141329;43626.00;56091.00;99717.00;56091;43626;0.00;0.00;0;0
1421240314;total;53141328.00;70713456.00;123854784.00;70713459;53141329;43626.00;56091.00;99717.00;56091;43626;0.00;0.00;0;0
1421240315;eth0;52706840.00;70149600.00;122856440.00;70149598;52706841;43268.00;55644.00;98912.00;55644;43268;0.00;0.00;0;0
1421240315;total;52706840.00;70149600.00;122856440.00;70149598;52706841;43268.00;55644.00;98912.00;55644;43268;0.00;0.00;0;0
1421240316;eth0;53147336.00;70718016.00;123865352.00;70718013;53147337;43630.00;56094.00;99724.00;56094;43630;0.00;0.00;0;0
1421240316;total;53147336.00;70718016.00;123865352.00;70718013;53147337;43630.00;56094.00;99724.00;56094;43630;0.00;0.00;0;0
1421240317;eth0;53131736.00;70721920.00;123853656.00;70721916;53131737;43617.00;56098.00;99715.00;56098;43617;0.00;0.00;0;0
1421240317;total;53131736.00;70721920.00;123853656.00;70721916;53131737;43617.00;56098.00;99715.00;56098;43617;0.00;0.00;0;0
1421240318;eth0;53148664.00;70704288.00;123852952.00;70704287;53148663;43630.00;56083.00;99713.00;56083;43630;0.00;0.00;0;0
1421240318;total;53148664.00;70704288.00;123852952.00;70704287;53148663;43630.00;56083.00;99713.00;56083;43630;0.00;0.00;0;0
1421240319;eth0;53140392.00;70719592.00;123859984.00;70719595;53140392;43625.00;56097.00;99722.00;56097;43625;0.00;0.00;0;0
1421240319;total;53140392.00;70719592.00;123859984.00;70719595;53140392;43625.00;56097.00;99722.00;56097;43625;0.00;0.00;0;0
1421240320;eth0;52696860.00;70117056.00;122813912.00;70117055;52696860;43260.00;55617.00;98877.00;55617;43260;0.00;0.00;0;0
1421240320;total;52696860.00;70117056.00;122813912.00;70117055;52696860;43260.00;55617.00;98877.00;55617;43260;0.00;0.00;0;0
1421240321;eth0;53154736.00;70712008.00;123866736.00;70712005;53154735;43638.00;56091.00;99729.00;56091;43638;0.00;0.00;0;0
1421240321;total;53154736.00;70712008.00;123866736.00;70712005;53154735;43638.00;56091.00;99729.00;56091;43638;0.00;0.00;0;0
1421240322;eth0;53134320.00;70722048.00;123856368.00;70722044;53134320;43617.00;56099.00;99716.00;56099;43617;0.00;0.00;0;0
1421240322;total;53134320.00;70722048.00;123856368.00;70722044;53134320;43617.00;56099.00;99716.00;56099;43617;0.00;0.00;0;0
1421240323;eth0;53131864.00;70684904.00;123816768.00;70684903;53131865;43619.00;56069.00;99688.00;56069;43619;0.00;0.00;0;0
1421240323;total;53131864.00;70684904.00;123816768.00;70684903;53131865;43619.00;56069.00;99688.00;56069;43619;0.00;0.00;0;0
1421240324;eth0;53150180.00;70711944.00;123862120.00;70711941;53150181;43631.00;56090.00;99721.00;56090;43631;0.00;0.00;0;0
1421240324;total;53150180.00;70711944.00;123862120.00;70711941;53150181;43631.00;56090.00;99721.00;56090;43631;0.00;0.00;0;0
1421240325;eth0;53138872.00;70718008.00;123856880.00;70718006;53138874;43624.00;56094.00;99718.00;56094;43624;0.00;0.00;0;0
1421240325;total;53138872.00;70718008.00;123856880.00;70718006;53138874;43624.00;56094.00;99718.00;56094;43624;0.00;0.00;0;0
1421240326;eth0;53131736.00;70714272.00;123846008.00;70714269;53131737;43618.00;56091.00;99709.00;56091;43618;0.00;0.00;0;0
1421240326;total;53131736.00;70714272.00;123846008.00;70714269;53131737;43618.00;56091.00;99709.00;56091;43618;0.00;0.00;0;0
1421240327;eth0;53148768.00;70712016.00;123860784.00;70712015;53148769;43630.00;56091.00;99721.00;56091;43630;0.00;0.00;0;0
1421240327;total;53148768.00;70712016.00;123860784.00;70712015;53148769;43630.00;56091.00;99721.00;56091;43630;0.00;0.00;0;0
1421240328;eth0;53142472.00;70715688.00;123858160.00;70715685;53142474;43647.00;56093.00;99740.00;56093;43647;0.00;0.00;0;0
1421240328;total;53142472.00;70715688.00;123858160.00;70715685;53142474;43647.00;56093.00;99740.00;56093;43647;0.00;0.00;0;0
1421240329;eth0;53131800.00;70716720.00;123848520.00;70716718;53131801;43618.00;56094.00;99712.00;56094;43618;0.00;0.00;0;0
1421240329;total;53131800.00;70716720.00;123848520.00;70716718;53131801;43618.00;56094.00;99712.00;56094;43618;0.00;0.00;0;0
1421240330;eth0;53140264.00;70712008.00;123852272.00;70712005;53140264;43626.00;56091.00;99717.00;56091;43626;0.00;0.00;0;0
1421240330;total;53140264.00;70712008.00;123852272.00;70712005;53140264;43626.00;56091.00;99717.00;56091;43626;0.00;0.00;0;0
1421240331;eth0;53148856.00;70712648.00;123861504.00;70712649;53148855;43630.00;56092.00;99722.00;56092;43630;0.00;0.00;0;0
1421240331;total;53148856.00;70712648.00;123861504.00;70712649;53148855;43630.00;56092.00;99722.00;56092;43630;0.00;0.00;0;0
1421240332;eth0;53131736.00;70719816.00;123851552.00;70719818;53131737;43617.00;56096.00;99713.00;56096;43617;0.00;0.00;0;0
1421240332;total;53131736.00;70719816.00;123851552.00;70719818;53131737;43617.00;56096.00;99713.00;56096;43617;0.00;0.00;0;0
1421240333;eth0;53143236.00;70712008.00;123855240.00;70712005;53143236;43626.00;56091.00;99717.00;56091;43626;0.00;0.00;0;0
1421240333;total;53143236.00;70712008.00;123855240.00;70712005;53143236;43626.00;56091.00;99717.00;56091;43626;0.00;0.00;0;0
1421240334;eth0;53154920.00;70713064.00;123867984.00;70713067;53154921;43638.00;56094.00;99732.00;56094;43638;0.00;0.00;0;0
1421240334;total;53154920.00;70713064.00;123867984.00;70713067;53154921;43638.00;56094.00;99732.00;56094;43638;0.00;0.00;0;0
1421240335;eth0;53131736.00;70719816.00;123851552.00;70719818;53131737;43617.00;56096.00;99713.00;56096;43617;0.00;0.00;0;0
1421240335;total;53131736.00;70719816.00;123851552.00;70719818;53131737;43617.00;56096.00;99713.00;56096;43617;0.00;0.00;0;0
1421240336;eth0;53141720.00;70711816.00;123853528.00;70711813;53141718;43625.00;56088.00;99713.00;56088;43625;0.00;0.00;0;0
1421240336;total;53141720.00;70711816.00;123853528.00;70711813;53141718;43625.00;56088.00;99713.00;56088;43625;0.00;0.00;0;0
1421240337;eth0;53147336.00;70713392.00;123860736.00;70713395;53147337;43630.00;56090.00;99720.00;56090;43630;0.00;0.00;0;0
1421240337;total;53147336.00;70713392.00;123860736.00;70713395;53147337;43630.00;56090.00;99720.00;56090;43630;0.00;0.00;0;0
1421240338;eth0;52850896.00;70306344.00;123157240.00;70306343;52850894;43392.00;55766.00;99158.00;55766;43392;0.00;0.00;0;0
1421240338;total;52850896.00;70306344.00;123157240.00;70306343;52850894;43392.00;55766.00;99158.00;55766;43392;0.00;0.00;0;0
1421240339;eth0;53139668.00;70715240.00;123854912.00;70715243;53139667;43627.00;56094.00;99721.00;56094;43627;0.00;0.00;0;0
1421240339;total;53139668.00;70715240.00;123854912.00;70715243;53139667;43627.00;56094.00;99721.00;56094;43627;0.00;0.00;0;0
1421240340;eth0;53134128.00;70704160.00;123838288.00;70704159;53134128;43618.00;56082.00;99700.00;56082;43618;0.00;0.00;0;0
1421240340;total;53134128.00;70704160.00;123838288.00;70704159;53134128;43618.00;56082.00;99700.00;56082;43618;0.00;0.00;0;0
1421240341;eth0;53144752.00;70712648.00;123857400.00;70712649;53144754;43630.00;56091.00;99721.00;56091;43630;0.00;0.00;0;0
1421240341;total;53144752.00;70712648.00;123857400.00;70712649;53144754;43630.00;56091.00;99721.00;56091;43630;0.00;0.00;0;0
1421240342;eth0;53134320.00;70724368.00;123858688.00;70724372;53134320;43617.00;56100.00;99717.00;56100;43617;0.00;0.00;0;0
1421240342;total;53134320.00;70724368.00;123858688.00;70724372;53134320;43617.00;56100.00;99717.00;56100;43617;0.00;0.00;0;0
1421240343;eth0;53015396.00;70586024.00;123601416.00;70586022;53015395;43523.00;55994.00;99517.00;55994;43523;0.00;0.00;0;0
1421240343;total;53015396.00;70586024.00;123601416.00;70586022;53015395;43523.00;55994.00;99517.00;55994;43523;0.00;0.00;0;0
1421240344;eth0;53137164.00;70712008.00;123849168.00;70712005;53137164;43620.00;56090.00;99710.00;56090;43620;0.00;0.00;0;0
1421240344;total;53137164.00;70712008.00;123849168.00;70712005;53137164;43620.00;56090.00;99710.00;56090;43620;0.00;0.00;0;0
1421240345;eth0;53140392.00;70718880.00;123859272.00;70718880;53140392;43625.00;56095.00;99720.00;56095;43625;0.00;0.00;0;0
1421240345;total;53140392.00;70718880.00;123859272.00;70718880;53140392;43625.00;56095.00;99720.00;56095;43625;0.00;0.00;0;0
1421240346;eth0;53136292.00;70712016.00;123848312.00;70712018;53136291;43622.00;56091.00;99713.00;56091;43622;0.00;0.00;0;0
1421240346;total;53136292.00;70712016.00;123848312.00;70712018;53136291;43622.00;56091.00;99713.00;56091;43622;0.00;0.00;0;0
1421240347;eth0;53152872.00;70708976.00;123861848.00;70708979;53152870;43634.00;56089.00;99723.00;56089;43634;0.00;0.00;0;0
1421240347;total;53152872.00;70708976.00;123861848.00;70708979;53152870;43634.00;56089.00;99723.00;56089;43634;0.00;0.00;0;0
1421240348;eth0;53005916.00;70450896.00;123456808.00;70450893;53005916;43534.00;55879.00;99413.00;55879;43534;0.00;0.00;0;0
1421240348;total;53005916.00;70450896.00;123456808.00;70450893;53005916;43534.00;55879.00;99413.00;55879;43534;0.00;0.00;0;0
1421240349;eth0;53146272.00;70711944.00;123858216.00;70711941;53146272;43629.00;56090.00;99719.00;56090;43629;0.00;0.00;0;0
1421240349;total;53146272.00;70711944.00;123858216.00;70711941;53146272;43629.00;56090.00;99719.00;56090;43629;0.00;0.00;0;0
1421240350;eth0;53142784.00;70713392.00;123856176.00;70713395;53142783;43626.00;56090.00;99716.00;56090;43626;0.00;0.00;0;0
1421240350;total;53142784.00;70713392.00;123856176.00;70713395;53142783;43626.00;56090.00;99716.00;56090;43626;0.00;0.00;0;0
1421240351;eth0;53131736.00;70721920.00;123853656.00;70721916;53131737;43617.00;56097.00;99714.00;56097;43617;0.00;0.00;0;0
1421240351;total;53131736.00;70721920.00;123853656.00;70721916;53131737;43617.00;56097.00;99714.00;56097;43617;0.00;0.00;0;0
1421240352;eth0;53148728.00;70708968.00;123857696.00;70708969;53148727;43631.00;56090.00;99721.00;56090;43631;0.00;0.00;0;0
1421240352;total;53148728.00;70708968.00;123857696.00;70708969;53148727;43631.00;56090.00;99721.00;56090;43631;0.00;0.00;0;0
1421240353;eth0;53038068.00;70605336.00;123643400.00;70605335;53038068;43541.00;56006.00;99547.00;56006;43541;0.00;0.00;0;0
1421240353;total;53038068.00;70605336.00;123643400.00;70605335;53038068;43541.00;56006.00;99547.00;56006;43541;0.00;0.00;0;0
1421240354;eth0;53131736.00;70729696.00;123861432.00;70729698;53131737;43617.00;56105.00;99722.00;56105;43617;0.00;0.00;0;0
1421240354;total;53131736.00;70729696.00;123861432.00;70729698;53131737;43617.00;56105.00;99722.00;56105;43617;0.00;0.00;0;0
1421240355;eth0;53054992.00;70600720.00;123655712.00;70600717;53054994;43554.00;56003.00;99557.00;56003;43554;0.00;0.00;0;0
1421240355;total;53054992.00;70600720.00;123655712.00;70600717;53054994;43554.00;56003.00;99557.00;56003;43554;0.00;0.00;0;0
1421240356;eth0;53090556.00;70686432.00;123776984.00;70686428;53090556;43583.00;56070.00;99653.00;56070;43583;0.00;0.00;0;0
1421240356;total;53090556.00;70686432.00;123776984.00;70686428;53090556;43583.00;56070.00;99653.00;56070;43583;0.00;0.00;0;0
1421240357;eth0;53147400.00;70717264.00;123864672.00;70717267;53147401;43631.00;56095.00;99726.00;56095;43631;0.00;0.00;0;0
1421240357;total;53147400.00;70717264.00;123864672.00;70717267;53147401;43631.00;56095.00;99726.00;56095;43631;0.00;0.00;0;0
1421240358;eth0;52927088.00;70391576.00;123318664.00;70391576;52927089;43449.00;55833.00;99282.00;55833;43449;0.00;0.00;0;0
1421240358;total;52927088.00;70391576.00;123318664.00;70391576;52927089;43449.00;55833.00;99282.00;55833;43449;0.00;0.00;0;0
1421240359;eth0;53144752.00;70706448.00;123851200.00;70706449;53144754;43628.00;56085.00;99713.00;56085;43628;0.00;0.00;0;0
1421240359;total;53144752.00;70706448.00;123851200.00;70706449;53144754;43628.00;56085.00;99713.00;56085;43628;0.00;0.00;0;0
1421240360;eth0;53144300.00;70718824.00;123863120.00;70718823;53144301;43627.00;56094.00;99721.00;56094;43627;0.00;0.00;0;0
1421240360;total;53144300.00;70718824.00;123863120.00;70718823;53144301;43627.00;56094.00;99721.00;56094;43627;0.00;0.00;0;0
1421240361;eth0;53069528.00;70650808.00;123720336.00;70650805;53069529;43565.00;56041.00;99606.00;56041;43565;0.00;0.00;0;0
1421240361;total;53069528.00;70650808.00;123720336.00;70650805;53069529;43565.00;56041.00;99606.00;56041;43565;0.00;0.00;0;0
1421240362;eth0;53142912.00;70709616.00;123852528.00;70709613;53142911;43629.00;56089.00;99718.00;56089;43629;0.00;0.00;0;0
1421240362;total;53142912.00;70709616.00;123852528.00;70709613;53142911;43629.00;56089.00;99718.00;56089;43629;0.00;0.00;0;0
1421240363;eth0;53131736.00;70707312.00;123839056.00;70707316;53131737;43617.00;56087.00;99704.00;56087;43617;0.00;0.00;0;0
1421240363;total;53131736.00;70707312.00;123839056.00;70707316;53131737;43617.00;56087.00;99704.00;56087;43617;0.00;0.00;0;0
1421240364;eth0;53139328.00;70710424.00;123849752.00;70710423;53139327;43623.00;56088.00;99711.00;56088;43623;0.00;0.00;0;0
1421240364;total;53139328.00;70710424.00;123849752.00;70710423;53139327;43623.00;56088.00;99711.00;56088;43623;0.00;0.00;0;0
1421240365;eth0;53149792.00;70713584.00;123863376.00;70713587;53149792;43633.00;56093.00;99726.00;56093;43633;0.00;0.00;0;0
1421240365;total;53149792.00;70713584.00;123863376.00;70713587;53149792;43633.00;56093.00;99726.00;56093;43633;0.00;0.00;0;0
