1421943686;eth0;152421.00;117837.00;270258.00;117837;152421;489.00;201.00;690.00;201;489;0.00;0.00;0;0
1421943686;total;152421.00;117837.00;270258.00;117837;152421;489.00;201.00;690.00;201;489;0.00;0.00;0;0
1421943687;eth0;66817860.00;88887608.00;155705472.00;88887609;66817860;55119.00;70771.00;125890.00;70771;55119;0.00;0.00;0;0
1421943687;total;66817860.00;88887608.00;155705472.00;88887609;66817860;55119.00;70771.00;125890.00;70771;55119;0.00;0.00;0;0
1421943688;eth0;70224656.00;93445576.00;163670224.00;93445575;70224653;57658.00;74132.00;131790.00;74132;57658;0.00;0.00;0;0
1421943688;total;70224656.00;93445576.00;163670224.00;93445575;70224653;57658.00;74132.00;131790.00;74132;57658;0.00;0.00;0;0
1421943689;eth0;72895888.00;97009048.00;169904928.00;97009050;72895885;59858.00;76959.00;136817.00;76959;59858;0.00;0.00;0;0
1421943689;total;72895888.00;97009048.00;169904928.00;97009050;72895885;59858.00;76959.00;136817.00;76959;59858;0.00;0.00;0;0
1421943690;eth0;69279640.00;92217480.00;161497120.00;92217477;69279639;56886.00;73161.00;130047.00;73161;56886;0.00;0.00;0;0
1421943690;total;69279640.00;92217480.00;161497120.00;92217477;69279639;56886.00;73161.00;130047.00;73161;56886;0.00;0.00;0;0
1421943691;eth0;70606960.00;93945248.00;164552208.00;93945249;70606958;57976.00;74529.00;132505.00;74529;57976;0.00;0.00;0;0
1421943691;total;70606960.00;93945248.00;164552208.00;93945249;70606958;57976.00;74529.00;132505.00;74529;57976;0.00;0.00;0;0
1421943692;eth0;70541464.00;93880224.00;164421680.00;93880220;70541467;57923.00;74477.00;132400.00;74477;57923;0.00;0.00;0;0
1421943692;total;70541464.00;93880224.00;164421680.00;93880220;70541467;57923.00;74477.00;132400.00;74477;57923;0.00;0.00;0;0
1421943693;eth0;70433552.00;93725640.00;164159184.00;93725638;70433550;57834.00;74356.00;132190.00;74356;57834;0.00;0.00;0;0
1421943693;total;70433552.00;93725640.00;164159184.00;93725638;70433550;57834.00;74356.00;132190.00;74356;57834;0.00;0.00;0;0
1421943694;eth0;71341688.00;94950904.00;166292592.00;94950903;71341690;58580.00;75329.00;133909.00;75329;58580;0.00;0.00;0;0
1421943694;total;71341688.00;94950904.00;166292592.00;94950903;71341690;58580.00;75329.00;133909.00;75329;58580;0.00;0.00;0;0
1421943695;eth0;69725912.00;92781984.00;162507904.00;92781987;69725911;57251.00;73606.00;130857.00;73606;57251;0.00;0.00;0;0
1421943695;total;69725912.00;92781984.00;162507904.00;92781987;69725911;57251.00;73606.00;130857.00;73606;57251;0.00;0.00;0;0
1421943696;eth0;70437648.00;93749568.00;164187216.00;93749570;70437649;57839.00;74374.00;132213.00;74374;57839;0.00;0.00;0;0
1421943696;total;70437648.00;93749568.00;164187216.00;93749570;70437649;57839.00;74374.00;132213.00;74374;57839;0.00;0.00;0;0
1421943697;eth0;69333824.00;92255128.00;161588944.00;92255125;69333825;56931.00;73190.00;130121.00;73190;56931;0.00;0.00;0;0
1421943697;total;69333824.00;92255128.00;161588944.00;92255125;69333825;56931.00;73190.00;130121.00;73190;56931;0.00;0.00;0;0
1421943698;eth0;69973200.00;93136072.00;163109280.00;93136073;69973200;57456.00;73887.00;131343.00;73887;57456;0.00;0.00;0;0
1421943698;total;69973200.00;93136072.00;163109280.00;93136073;69973200;57456.00;73887.00;131343.00;73887;57456;0.00;0.00;0;0
1421943699;eth0;69142240.00;92011672.00;161153920.00;92011675;69142240;56774.00;72996.00;129770.00;72996;56774;0.00;0.00;0;0
1421943699;total;69142240.00;92011672.00;161153920.00;92011675;69142240;56774.00;72996.00;129770.00;72996;56774;0.00;0.00;0;0
1421943700;eth0;69423112.00;92385776.00;161808896.00;92385780;69423110;57004.00;73293.00;130297.00;73293;57004;0.00;0.00;0;0
1421943700;total;69423112.00;92385776.00;161808896.00;92385780;69423110;57004.00;73293.00;130297.00;73293;57004;0.00;0.00;0;0
1421943701;eth0;69973072.00;93106872.00;163079936.00;93106872;69973072;57456.00;73864.00;131320.00;73864;57456;0.00;0.00;0;0
1421943701;total;69973072.00;93106872.00;163079936.00;93106872;69973072;57456.00;73864.00;131320.00;73864;57456;0.00;0.00;0;0
1421943702;eth0;69896600.00;93024792.00;162921392.00;93024791;69896603;57393.00;73799.00;131192.00;73799;57393;0.00;0.00;0;0
1421943702;total;69896600.00;93024792.00;162921392.00;93024791;69896603;57393.00;73799.00;131192.00;73799;57393;0.00;0.00;0;0
1421943703;eth0;70433552.00;93734096.00;164167648.00;93734100;70433550;57834.00;74362.00;132196.00;74362;57834;0.00;0.00;0;0
1421943703;total;70433552.00;93734096.00;164167648.00;93734100;70433550;57834.00;74362.00;132196.00;74362;57834;0.00;0.00;0;0
1421943704;eth0;70064456.00;93245248.00;163309696.00;93245245;70064458;57531.00;73976.00;131507.00;73976;57531;0.00;0.00;0;0
1421943704;total;70064456.00;93245248.00;163309696.00;93245245;70064458;57531.00;73976.00;131507.00;73976;57531;0.00;0.00;0;0
1421943705;eth0;73300336.00;97545368.00;170845712.00;97545369;73300339;60188.00;77385.00;137573.00;77385;60188;0.00;0.00;0;0
1421943705;total;73300336.00;97545368.00;170845712.00;97545369;73300339;60188.00;77385.00;137573.00;77385;60188;0.00;0.00;0;0
1421943706;eth0;69751680.00;92816672.00;162568352.00;92816673;69751678;57274.00;73634.00;130908.00;73634;57274;0.00;0.00;0;0
1421943706;total;69751680.00;92816672.00;162568352.00;92816673;69751678;57274.00;73634.00;130908.00;73634;57274;0.00;0.00;0;0
1421943707;eth0;69333824.00;92272112.00;161605936.00;92272113;69333825;56931.00;73202.00;130133.00;73202;56931;0.00;0.00;0;0
1421943707;total;69333824.00;92272112.00;161605936.00;92272113;69333825;56931.00;73202.00;130133.00;73202;56931;0.00;0.00;0;0
1421943708;eth0;69146144.00;92024760.00;161170912.00;92024760;69146147;56777.00;73007.00;129784.00;73007;56777;0.00;0.00;0;0
1421943708;total;69146144.00;92024760.00;161170912.00;92024760;69146147;56777.00;73007.00;129784.00;73007;56777;0.00;0.00;0;0
1421943709;eth0;69674952.00;92716736.00;162391696.00;92716737;69674953;57211.00;73554.00;130765.00;73554;57211;0.00;0.00;0;0
1421943709;total;69674952.00;92716736.00;162391696.00;92716737;69674953;57211.00;73554.00;130765.00;73554;57211;0.00;0.00;0;0
1421943710;eth0;69902352.00;93032392.00;162934752.00;93032395;69902349;57399.00;73805.00;131204.00;73805;57399;0.00;0.00;0;0
1421943710;total;69902352.00;93032392.00;162934752.00;93032395;69902349;57399.00;73805.00;131204.00;73805;57399;0.00;0.00;0;0
1421943711;eth0;70061808.00;93228512.00;163290320.00;93228516;70061805;57513.00;73948.00;131461.00;73948;57513;0.00;0.00;0;0
1421943711;total;70061808.00;93228512.00;163290320.00;93228516;70061805;57513.00;73948.00;131461.00;73948;57513;0.00;0.00;0;0
1421943712;eth0;69719728.00;92787496.00;162507216.00;92787494;69719724;57235.00;73599.00;130834.00;73599;57235;0.00;0.00;0;0
1421943712;total;69719728.00;92787496.00;162507216.00;92787494;69719724;57235.00;73599.00;130834.00;73599;57235;0.00;0.00;0;0
1421943713;eth0;69799048.00;92872504.00;162671552.00;92872504;69799050;57299.00;73666.00;130965.00;73666;57299;0.00;0.00;0;0
1421943713;total;69799048.00;92872504.00;162671552.00;92872504;69799050;57299.00;73666.00;130965.00;73666;57299;0.00;0.00;0;0
1421943714;eth0;69967072.00;93109912.00;163076976.00;93109910;69967071;57439.00;73853.00;131292.00;73853;57439;0.00;0.00;0;0
1421943714;total;69967072.00;93109912.00;163076976.00;93109910;69967071;57439.00;73853.00;131292.00;73853;57439;0.00;0.00;0;0
1421943715;eth0;70953040.00;94413880.00;165366912.00;94413879;70953039;58244.00;74889.00;133133.00;74889;58244;0.00;0.00;0;0
1421943715;total;70953040.00;94413880.00;165366912.00;94413879;70953039;58244.00;74889.00;133133.00;74889;58244;0.00;0.00;0;0
1421943716;eth0;72988208.00;97122200.00;170110416.00;97122201;72988212;59919.00;77036.00;136955.00;77036;59919;0.00;0.00;0;0
1421943716;total;72988208.00;97122200.00;170110416.00;97122201;72988212;59919.00;77036.00;136955.00;77036;59919;0.00;0.00;0;0
1421943717;eth0;71729120.00;95461136.00;167190256.00;95461138;71729124;58884.00;75718.00;134602.00;75718;58884;0.00;0.00;0;0
1421943717;total;71729120.00;95461136.00;167190256.00;95461138;71729124;58884.00;75718.00;134602.00;75718;58884;0.00;0.00;0;0
1421943718;eth0;69884712.00;92987184.00;162871888.00;92987186;69884709;57372.00;73758.00;131130.00;73758;57372;0.00;0.00;0;0
1421943718;total;69884712.00;92987184.00;162871888.00;92987186;69884709;57372.00;73758.00;131130.00;73758;57372;0.00;0.00;0;0
1421943719;eth0;69327096.00;92262800.00;161589888.00;92262802;69327093;56910.00;73181.00;130091.00;73181;56910;0.00;0.00;0;0
1421943719;total;69327096.00;92262800.00;161589888.00;92262802;69327093;56910.00;73181.00;130091.00;73181;56910;0.00;0.00;0;0
1421943720;eth0;68743736.00;91468360.00;160212096.00;91468359;68743737;56434.00;72552.00;128986.00;72552;56434;0.00;0.00;0;0
1421943720;total;68743736.00;91468360.00;160212096.00;91468359;68743737;56434.00;72552.00;128986.00;72552;56434;0.00;0.00;0;0
1421943721;eth0;69561680.00;92579344.00;162141024.00;92579345;69561684;57104.00;73435.00;130539.00;73435;57104;0.00;0.00;0;0
1421943721;total;69561680.00;92579344.00;162141024.00;92579345;69561684;57104.00;73435.00;130539.00;73435;57104;0.00;0.00;0;0
1421943722;eth0;69796016.00;92876408.00;162672416.00;92876407;69796014;57299.00;73668.00;130967.00;73668;57299;0.00;0.00;0;0
1421943722;total;69796016.00;92876408.00;162672416.00;92876407;69796014;57299.00;73668.00;130967.00;73668;57299;0.00;0.00;0;0
1421943723;eth0;69298928.00;92215744.00;161514672.00;92215743;69298929;56887.00;73145.00;130032.00;73145;56887;0.00;0.00;0;0
1421943723;total;69298928.00;92215744.00;161514672.00;92215743;69298929;56887.00;73145.00;130032.00;73145;56887;0.00;0.00;0;0
1421943724;eth0;68991960.00;91804856.00;160796816.00;91804859;68991957;56637.00;72818.00;129455.00;72818;56637;0.00;0.00;0;0
1421943724;total;68991960.00;91804856.00;160796816.00;91804859;68991957;56637.00;72818.00;129455.00;72818;56637;0.00;0.00;0;0
1421943725;eth0;69526576.00;92517560.00;162044128.00;92517558;69526575;57074.00;73385.00;130459.00;73385;57074;0.00;0.00;0;0
1421943725;total;69526576.00;92517560.00;162044128.00;92517558;69526575;57074.00;73385.00;130459.00;73385;57074;0.00;0.00;0;0
1421943726;eth0;70061808.00;93238488.00;163300288.00;93238491;70061805;57517.00;73956.00;131473.00;73956;57517;0.00;0.00;0;0
1421943726;total;70061808.00;93238488.00;163300288.00;93238491;70061805;57517.00;73956.00;131473.00;73956;57517;0.00;0.00;0;0
1421943727;eth0;70011288.00;93170408.00;163181696.00;93170409;70011288;57474.00;73902.00;131376.00;73902;57474;0.00;0.00;0;0
1421943727;total;70011288.00;93170408.00;163181696.00;93170409;70011288;57474.00;73902.00;131376.00;73902;57474;0.00;0.00;0;0
1421943728;eth0;69693688.00;92733952.00;162427632.00;92733948;69693690;57213.00;73556.00;130769.00;73556;57213;0.00;0.00;0;0
1421943728;total;69693688.00;92733952.00;162427632.00;92733948;69693690;57213.00;73556.00;130769.00;73556;57213;0.00;0.00;0;0
1421943729;eth0;70040776.00;93210520.00;163251296.00;93210522;70040778;57498.00;73932.00;131430.00;73932;57498;0.00;0.00;0;0
1421943729;total;70040776.00;93210520.00;163251296.00;93210522;70040778;57498.00;73932.00;131430.00;73932;57498;0.00;0.00;0;0
1421943730;eth0;71140760.00;94677616.00;165818368.00;94677615;71140761;58401.00;75098.00;133499.00;75098;58401;0.00;0.00;0;0
1421943730;total;71140760.00;94677616.00;165818368.00;94677615;71140761;58401.00;75098.00;133499.00;75098;58401;0.00;0.00;0;0
1421943731;eth0;69095800.00;91937920.00;161033728.00;91937923;69095799;56722.00;72924.00;129646.00;72924;56722;0.00;0.00;0;0
1421943731;total;69095800.00;91937920.00;161033728.00;91937923;69095799;56722.00;72924.00;129646.00;72924;56722;0.00;0.00;0;0
1421943732;eth0;69809032.00;92886584.00;162695616.00;92886581;69809031;57308.00;73678.00;130986.00;73678;57308;0.00;0.00;0;0
1421943732;total;69809032.00;92886584.00;162695616.00;92886581;69809031;57308.00;73678.00;130986.00;73678;57308;0.00;0.00;0;0
1421943733;eth0;69646016.00;92690800.00;162336816.00;92690799;69646017;57174.00;73522.00;130696.00;73522;57174;0.00;0.00;0;0
1421943733;total;69646016.00;92690800.00;162336816.00;92690799;69646017;57174.00;73522.00;130696.00;73522;57174;0.00;0.00;0;0
1421943734;eth0;69809032.00;92898080.00;162707104.00;92898081;69809031;57308.00;73686.00;130994.00;73686;57308;0.00;0.00;0;0
1421943734;total;69809032.00;92898080.00;162707104.00;92898081;69809031;57308.00;73686.00;130994.00;73686;57308;0.00;0.00;0;0
1421943735;eth0;69260328.00;92162264.00;161422592.00;92162261;69260331;56857.00;73102.00;129959.00;73102;56857;0.00;0.00;0;0
1421943735;total;69260328.00;92162264.00;161422592.00;92162261;69260331;56857.00;73102.00;129959.00;73102;56857;0.00;0.00;0;0
1421943736;eth0;69463912.00;92433936.00;161897856.00;92433938;69463914;57025.00;73318.00;130343.00;73318;57025;0.00;0.00;0;0
1421943736;total;69463912.00;92433936.00;161897856.00;92433938;69463914;57025.00;73318.00;130343.00;73318;57025;0.00;0.00;0;0
1421943737;eth0;69519176.00;92508680.00;162027856.00;92508679;69519177;57071.00;73375.00;130446.00;73375;57071;0.00;0.00;0;0
1421943737;total;69519176.00;92508680.00;162027856.00;92508679;69519177;57071.00;73375.00;130446.00;73375;57071;0.00;0.00;0;0
1421943738;eth0;69502056.00;92492688.00;161994752.00;92492689;69502059;57054.00;73365.00;130419.00;73365;57054;0.00;0.00;0;0
1421943738;total;69502056.00;92492688.00;161994752.00;92492689;69502059;57054.00;73365.00;130419.00;73365;57054;0.00;0.00;0;0
1421943739;eth0;69786488.00;92865560.00;162652048.00;92865558;69786486;57291.00;73661.00;130952.00;73661;57291;0.00;0.00;0;0
1421943739;total;69786488.00;92865560.00;162652048.00;92865558;69786486;57291.00;73661.00;130952.00;73661;57291;0.00;0.00;0;0
1421943740;eth0;69601800.00;92613608.00;162215408.00;92613609;69601800;57135.00;73461.00;130596.00;73461;57135;0.00;0.00;0;0
1421943740;total;69601800.00;92613608.00;162215408.00;92613609;69601800;57135.00;73461.00;130596.00;73461;57135;0.00;0.00;0;0
1421943741;eth0;68883560.00;91665600.00;160549168.00;91665602;68883561;56549.00;72709.00;129258.00;72709;56549;0.00;0.00;0;0
1421943741;total;68883560.00;91665600.00;160549168.00;91665602;68883561;56549.00;72709.00;129258.00;72709;56549;0.00;0.00;0;0
1421943742;eth0;68831528.00;91603584.00;160435104.00;91603585;68831526;56505.00;72657.00;129162.00;72657;56505;0.00;0.00;0;0
1421943742;total;68831528.00;91603584.00;160435104.00;91603585;68831526;56505.00;72657.00;129162.00;72657;56505;0.00;0.00;0;0
1421943743;eth0;70025176.00;93176832.00;163202016.00;93176832;70025178;57485.00;73909.00;131394.00;73909;57485;0.00;0.00;0;0
1421943743;total;70025176.00;93176832.00;163202016.00;93176832;70025178;57485.00;73909.00;131394.00;73909;57485;0.00;0.00;0;0
1421943744;eth0;69301968.00;92217264.00;161519232.00;92217261;69301965;56894.00;73147.00;130041.00;73147;56894;0.00;0.00;0;0
1421943744;total;69301968.00;92217264.00;161519232.00;92217261;69301965;56894.00;73147.00;130041.00;73147;56894;0.00;0.00;0;0
1421943745;eth0;69045704.00;91888416.00;160934112.00;91888415;69045702;56679.00;72884.00;129563.00;72884;56679;0.00;0.00;0;0
1421943745;total;69045704.00;91888416.00;160934112.00;91888415;69045702;56679.00;72884.00;129563.00;72884;56679;0.00;0.00;0;0
1421943746;eth0;69784968.00;92860944.00;162645904.00;92860940;69784968;57288.00;73656.00;130944.00;73656;57288;0.00;0.00;0;0
1421943746;total;69784968.00;92860944.00;162645904.00;92860940;69784968;57288.00;73656.00;130944.00;73656;57288;0.00;0.00;0;0
1421943747;eth0;69247768.00;92164784.00;161412544.00;92164781;69247767;56847.00;73106.00;129953.00;73106;56847;0.00;0.00;0;0
1421943747;total;69247768.00;92164784.00;161412544.00;92164781;69247767;56847.00;73106.00;129953.00;73106;56847;0.00;0.00;0;0
1421943748;eth0;69068704.00;91893776.00;160962464.00;91893772;69068700;56700.00;72888.00;129588.00;72888;56700;0.00;0.00;0;0
1421943748;total;69068704.00;91893776.00;160962464.00;91893772;69068700;56700.00;72888.00;129588.00;72888;56700;0.00;0.00;0;0
1421943749;eth0;69503576.00;92488712.00;161992288.00;92488715;69503577;57057.00;73361.00;130418.00;73361;57057;0.00;0.00;0;0
1421943749;total;69503576.00;92488712.00;161992288.00;92488715;69503577;57057.00;73361.00;130418.00;73361;57057;0.00;0.00;0;0
1421943750;eth0;71436688.00;95069112.00;166505808.00;95069115;71436687;58645.00;75409.00;134054.00;75409;58645;0.00;0.00;0;0
1421943750;total;71436688.00;95069112.00;166505808.00;95069115;71436687;58645.00;75409.00;134054.00;75409;58645;0.00;0.00;0;0
1421943751;eth0;70426880.00;93715064.00;164141952.00;93715065;70426884;57814.00;74334.00;132148.00;74334;57814;0.00;0.00;0;0
1421943751;total;70426880.00;93715064.00;164141952.00;93715065;70426884;57814.00;74334.00;132148.00;74334;57814;0.00;0.00;0;0
1421943752;eth0;74150856.00;98674072.00;172824928.00;98674074;74150856;60872.00;78266.00;139138.00;78266;60872;0.00;0.00;0;0
1421943752;total;74150856.00;98674072.00;172824928.00;98674074;74150856;60872.00;78266.00;139138.00;78266;60872;0.00;0.00;0;0
1421943753;eth0;70825328.00;94251256.00;165076576.00;94251257;70825326;58142.00;74760.00;132902.00;74760;58142;0.00;0.00;0;0
1421943753;total;70825328.00;94251256.00;165076576.00;94251257;70825326;58142.00;74760.00;132902.00;74760;58142;0.00;0.00;0;0
1421943754;eth0;69769368.00;92849440.00;162618816.00;92849440;69769368;57276.00;73648.00;130924.00;73648;57276;0.00;0.00;0;0
1421943754;total;69769368.00;92849440.00;162618816.00;92849440;69769368;57276.00;73648.00;130924.00;73648;57276;0.00;0.00;0;0
1421943755;eth0;69642984.00;92659792.00;162302768.00;92659794;69642981;57169.00;73497.00;130666.00;73497;57169;0.00;0.00;0;0
1421943755;total;69642984.00;92659792.00;162302768.00;92659794;69642981;57169.00;73497.00;130666.00;73497;57169;0.00;0.00;0;0
1421943756;eth0;69803600.00;92895696.00;162699296.00;92895696;69803604;57305.00;73685.00;130990.00;73685;57305;0.00;0.00;0;0
1421943756;total;69803600.00;92895696.00;162699296.00;92895696;69803604;57305.00;73685.00;130990.00;73685;57305;0.00;0.00;0;0
1421943757;eth0;69540208.00;92543008.00;162083216.00;92543007;69540204;57087.00;73404.00;130491.00;73404;57087;0.00;0.00;0;0
1421943757;total;69540208.00;92543008.00;162083216.00;92543007;69540204;57087.00;73404.00;130491.00;73404;57087;0.00;0.00;0;0
1421943758;eth0;69605904.00;92614832.00;162220736.00;92614833;69605901;57141.00;73460.00;130601.00;73460;57141;0.00;0.00;0;0
1421943758;total;69605904.00;92614832.00;162220736.00;92614833;69605901;57141.00;73460.00;130601.00;73460;57141;0.00;0.00;0;0
1421943759;eth0;69415792.00;92381392.00;161797184.00;92381394;69415788;56986.00;73277.00;130263.00;73277;56986;0.00;0.00;0;0
1421943759;total;69415792.00;92381392.00;161797184.00;92381394;69415788;56986.00;73277.00;130263.00;73277;56986;0.00;0.00;0;0
1421943760;eth0;70044688.00;93204448.00;163249136.00;93204450;70044687;57500.00;73929.00;131429.00;73929;57500;0.00;0.00;0;0
1421943760;total;70044688.00;93204448.00;163249136.00;93204450;70044687;57500.00;73929.00;131429.00;73929;57500;0.00;0.00;0;0
1421943761;eth0;69228256.00;92118176.00;161346432.00;92118174;69228258;56832.00;73067.00;129899.00;73067;56832;0.00;0.00;0;0
1421943761;total;69228256.00;92118176.00;161346432.00;92118174;69228258;56832.00;73067.00;129899.00;73067;56832;0.00;0.00;0;0
1421943762;eth0;69658128.00;92695352.00;162353488.00;92695353;69658128;57183.00;73526.00;130709.00;73526;57183;0.00;0.00;0;0
1421943762;total;69658128.00;92695352.00;162353488.00;92695353;69658128;57183.00;73526.00;130709.00;73526;57183;0.00;0.00;0;0
1421943763;eth0;68812888.00;91578944.00;160391840.00;91578946;68812890;56490.00;72638.00;129128.00;72638;56490;0.00;0.00;0;0
1421943763;total;68812888.00;91578944.00;160391840.00;91578946;68812890;56490.00;72638.00;129128.00;72638;56490;0.00;0.00;0;0
1421943764;eth0;69878640.00;92987184.00;162865824.00;92987186;69878637;57365.00;73758.00;131123.00;73758;57365;0.00;0.00;0;0
1421943764;total;69878640.00;92987184.00;162865824.00;92987186;69878637;57365.00;73758.00;131123.00;73758;57365;0.00;0.00;0;0
1421943765;eth0;70105152.00;93290968.00;163396128.00;93290971;70105149;57553.00;73997.00;131550.00;73997;57553;0.00;0.00;0;0
1421943765;total;70105152.00;93290968.00;163396128.00;93290971;70105149;57553.00;73997.00;131550.00;73997;57553;0.00;0.00;0;0
1421943766;eth0;69575768.00;92590264.00;162166032.00;92590265;69575766;57114.00;73442.00;130556.00;73442;57114;0.00;0.00;0;0
1421943766;total;69575768.00;92590264.00;162166032.00;92590265;69575766;57114.00;73442.00;130556.00;73442;57114;0.00;0.00;0;0
1421943767;eth0;68962272.00;91757736.00;160720016.00;91757736;68962275;56611.00;72782.00;129393.00;72782;56611;0.00;0.00;0;0
1421943767;total;68962272.00;91757736.00;160720016.00;91757736;68962275;56611.00;72782.00;129393.00;72782;56611;0.00;0.00;0;0
1421943768;eth0;69533256.00;92532096.00;162065360.00;92532094;69533259;57083.00;73395.00;130478.00;73395;57083;0.00;0.00;0;0
1421943768;total;69533256.00;92532096.00;162065360.00;92532094;69533259;57083.00;73395.00;130478.00;73395;57083;0.00;0.00;0;0
1421943769;eth0;69119864.00;91978976.00;161098832.00;91978974;69119862;56742.00;72957.00;129699.00;72957;56742;0.00;0.00;0;0
1421943769;total;69119864.00;91978976.00;161098832.00;91978974;69119862;56742.00;72957.00;129699.00;72957;56742;0.00;0.00;0;0
1421943770;eth0;68679368.00;91391816.00;160071184.00;91391813;68679366;56380.00;72492.00;128872.00;72492;56380;0.00;0.00;0;0
1421943770;total;68679368.00;91391816.00;160071184.00;91391813;68679366;56380.00;72492.00;128872.00;72492;56380;0.00;0.00;0;0
1421943771;eth0;69074320.00;91927816.00;161002128.00;91927813;69074319;56705.00;72915.00;129620.00;72915;56705;0.00;0.00;0;0
1421943771;total;69074320.00;91927816.00;161002128.00;91927813;69074319;56705.00;72915.00;129620.00;72915;56705;0.00;0.00;0;0
1421943772;eth0;69043120.00;91872944.00;160916064.00;91872948;69043119;56679.00;72875.00;129554.00;72875;56679;0.00;0.00;0;0
1421943772;total;69043120.00;91872944.00;160916064.00;91872948;69043119;56679.00;72875.00;129554.00;72875;56679;0.00;0.00;0;0
1421943773;eth0;68982432.00;91795752.00;160778176.00;91795751;68982429;56628.00;72811.00;129439.00;72811;56628;0.00;0.00;0;0
1421943773;total;68982432.00;91795752.00;160778176.00;91795751;68982429;56628.00;72811.00;129439.00;72811;56628;0.00;0.00;0;0
1421943774;eth0;68975904.00;91800312.00;160776224.00;91800312;68975904;56625.00;72816.00;129441.00;72816;56625;0.00;0.00;0;0
1421943774;total;68975904.00;91800312.00;160776224.00;91800312;68975904;56625.00;72816.00;129441.00;72816;56625;0.00;0.00;0;0
1421943775;eth0;68827424.00;91578936.00;160406368.00;91578939;68827425;56502.00;72639.00;129141.00;72639;56502;0.00;0.00;0;0
1421943775;total;68827424.00;91578936.00;160406368.00;91578939;68827425;56502.00;72639.00;129141.00;72639;56502;0.00;0.00;0;0
1421943776;eth0;68802912.00;91552560.00;160355472.00;91552559;68802909;56482.00;72619.00;129101.00;72619;56482;0.00;0.00;0;0
1421943776;total;68802912.00;91552560.00;160355472.00;91552559;68802909;56482.00;72619.00;129101.00;72619;56482;0.00;0.00;0;0
1421943777;eth0;68991960.00;91808768.00;160800720.00;91808769;68991957;56638.00;72822.00;129460.00;72822;56638;0.00;0.00;0;0
1421943777;total;68991960.00;91808768.00;160800720.00;91808769;68991957;56638.00;72822.00;129460.00;72822;56638;0.00;0.00;0;0
1421943778;eth0;68949256.00;91751608.00;160700864.00;91751607;68949258;56602.00;72776.00;129378.00;72776;56602;0.00;0.00;0;0
1421943778;total;68949256.00;91751608.00;160700864.00;91751607;68949258;56602.00;72776.00;129378.00;72776;56602;0.00;0.00;0;0
1421943779;eth0;68865568.00;91645568.00;160511136.00;91645567;68865570;56533.00;72693.00;129226.00;72693;56533;0.00;0.00;0;0
1421943779;total;68865568.00;91645568.00;160511136.00;91645567;68865570;56533.00;72693.00;129226.00;72693;56533;0.00;0.00;0;0
1421943780;eth0;69232168.00;92125112.00;161357280.00;92125113;69232167;56834.00;73073.00;129907.00;73073;56834;0.00;0.00;0;0
1421943780;total;69232168.00;92125112.00;161357280.00;92125113;69232167;56834.00;73073.00;129907.00;73073;56834;0.00;0.00;0;0
1421943781;eth0;69219152.00;92105160.00;161324320.00;92105163;69219150;56822.00;73057.00;129879.00;73057;56822;0.00;0.00;0;0
1421943781;total;69219152.00;92105160.00;161324320.00;92105163;69219150;56822.00;73057.00;129879.00;73057;56822;0.00;0.00;0;0
1421943782;eth0;69149544.00;92021480.00;161171024.00;92021479;69149544;56767.00;72990.00;129757.00;72990;56767;0.00;0.00;0;0
1421943782;total;69149544.00;92021480.00;161171024.00;92021479;69149544;56767.00;72990.00;129757.00;72990;56767;0.00;0.00;0;0
1421943783;eth0;68710568.00;91435840.00;160146400.00;91435836;68710566;56406.00;72526.00;128932.00;72526;56406;0.00;0.00;0;0
1421943783;total;68710568.00;91435840.00;160146400.00;91435836;68710566;56406.00;72526.00;128932.00;72526;56406;0.00;0.00;0;0
1421943784;eth0;68730528.00;91458376.00;160188912.00;91458377;68730528;56422.00;72545.00;128967.00;72545;56422;0.00;0.00;0;0
1421943784;total;68730528.00;91458376.00;160188912.00;91458377;68730528;56422.00;72545.00;128967.00;72545;56422;0.00;0.00;0;0
1421943785;eth0;69023160.00;91852792.00;160875952.00;91852792;69023157;56663.00;72857.00;129520.00;72857;56663;0.00;0.00;0;0
1421943785;total;69023160.00;91852792.00;160875952.00;91852792;69023157;56663.00;72857.00;129520.00;72857;56663;0.00;0.00;0;0
1421943786;eth0;68812888.00;91576552.00;160389440.00;91576554;68812890;56492.00;72637.00;129129.00;72637;56492;0.00;0.00;0;0
1421943786;total;68812888.00;91576552.00;160389440.00;91576554;68812890;56492.00;72637.00;129129.00;72637;56492;0.00;0.00;0;0
1421943787;eth0;68759144.00;91487864.00;160247008.00;91487864;68759145;56442.00;72568.00;129010.00;72568;56442;0.00;0.00;0;0
1421943787;total;68759144.00;91487864.00;160247008.00;91487864;68759145;56442.00;72568.00;129010.00;72568;56442;0.00;0.00;0;0
1421943788;eth0;68789888.00;91549520.00;160339408.00;91549523;68789892;56473.00;72616.00;129089.00;72616;56473;0.00;0.00;0;0
1421943788;total;68789888.00;91549520.00;160339408.00;91549523;68789892;56473.00;72616.00;129089.00;72616;56473;0.00;0.00;0;0
1421943789;eth0;68582664.00;91257976.00;159840640.00;91257977;68582661;56301.00;72386.00;128687.00;72386;56301;0.00;0.00;0;0
1421943789;total;68582664.00;91257976.00;159840640.00;91257977;68582661;56301.00;72386.00;128687.00;72386;56301;0.00;0.00;0;0
1421943790;eth0;69989616.00;93130944.00;163120560.00;93130940;69989616;57456.00;73871.00;131327.00;73871;57456;0.00;0.00;0;0
1421943790;total;69989616.00;93130944.00;163120560.00;93130940;69989616;57456.00;73871.00;131327.00;73871;57456;0.00;0.00;0;0
1421943791;eth0;68868608.00;91664144.00;160532752.00;91664148;68868606;56536.00;72707.00;129243.00;72707;56536;0.00;0.00;0;0
1421943791;total;68868608.00;91664144.00;160532752.00;91664148;68868606;56536.00;72707.00;129243.00;72707;56536;0.00;0.00;0;0
1421943792;eth0;68983304.00;91780152.00;160763456.00;91780149;68983302;56628.00;72799.00;129427.00;72799;56628;0.00;0.00;0;0
1421943792;total;68983304.00;91780152.00;160763456.00;91780149;68983302;56628.00;72799.00;129427.00;72799;56628;0.00;0.00;0;0
1421943793;eth0;68791408.00;91550968.00;160342384.00;91550970;68791410;56474.00;72617.00;129091.00;72617;56474;0.00;0.00;0;0
1421943793;total;68791408.00;91550968.00;160342384.00;91550970;68791410;56474.00;72617.00;129091.00;72617;56474;0.00;0.00;0;0
1421943794;eth0;68812888.00;91562024.00;160374912.00;91562025;68812890;56490.00;72626.00;129116.00;72626;56490;0.00;0.00;0;0
1421943794;total;68812888.00;91562024.00;160374912.00;91562025;68812890;56490.00;72626.00;129116.00;72626;56490;0.00;0.00;0;0
1421943795;eth0;69017536.00;91856768.00;160874304.00;91856766;69017538;56658.00;72860.00;129518.00;72860;56658;0.00;0.00;0;0
1421943795;total;69017536.00;91856768.00;160874304.00;91856766;69017538;56658.00;72860.00;129518.00;72860;56658;0.00;0.00;0;0
1421943796;eth0;68963792.00;91762288.00;160726080.00;91762290;68963793;56613.00;72785.00;129398.00;72785;56613;0.00;0.00;0;0
1421943796;total;68963792.00;91762288.00;160726080.00;91762290;68963793;56613.00;72785.00;129398.00;72785;56613;0.00;0.00;0;0
1421943797;eth0;69148024.00;92008464.00;161156480.00;92008461;69148026;56766.00;72981.00;129747.00;72981;56766;0.00;0.00;0;0
1421943797;total;69148024.00;92008464.00;161156480.00;92008461;69148026;56766.00;72981.00;129747.00;72981;56766;0.00;0.00;0;0
1421943798;eth0;68889632.00;91678032.00;160567664.00;91678033;68889633;56553.00;72718.00;129271.00;72718;56553;0.00;0.00;0;0
1421943798;total;68889632.00;91678032.00;160567664.00;91678033;68889633;56553.00;72718.00;129271.00;72718;56553;0.00;0.00;0;0
1421943799;eth0;68781688.00;91527976.00;160309664.00;91527977;68781690;56463.00;72600.00;129063.00;72600;56463;0.00;0.00;0;0
1421943799;total;68781688.00;91527976.00;160309664.00;91527977;68781690;56463.00;72600.00;129063.00;72600;56463;0.00;0.00;0;0
1421943800;eth0;68818512.00;91585008.00;160403520.00;91585011;68818509;56496.00;72644.00;129140.00;72644;56496;0.00;0.00;0;0
1421943800;total;68818512.00;91585008.00;160403520.00;91585011;68818509;56496.00;72644.00;129140.00;72644;56496;0.00;0.00;0;0
1421943801;eth0;68736144.00;91469952.00;160206096.00;91469948;68736147;56427.00;72553.00;128980.00;72553;56427;0.00;0.00;0;0
1421943801;total;68736144.00;91469952.00;160206096.00;91469948;68736147;56427.00;72553.00;128980.00;72553;56427;0.00;0.00;0;0
1421943802;eth0;69138304.00;91996896.00;161135200.00;91996897;69138306;56757.00;72972.00;129729.00;72972;56757;0.00;0.00;0;0
1421943802;total;69138304.00;91996896.00;161135200.00;91996897;69138306;56757.00;72972.00;129729.00;72972;56757;0.00;0.00;0;0
1421943803;eth0;68589800.00;91277128.00;159866928.00;91277131;68589798;56307.00;72399.00;128706.00;72399;56307;0.00;0.00;0;0
1421943803;total;68589800.00;91277128.00;159866928.00;91277131;68589798;56307.00;72399.00;128706.00;72399;56307;0.00;0.00;0;0
1421943804;eth0;69806448.00;92885064.00;162691504.00;92885063;69806448;57305.00;73677.00;130982.00;73677;57305;0.00;0.00;0;0
1421943804;total;69806448.00;92885064.00;162691504.00;92885063;69806448;57305.00;73677.00;130982.00;73677;57305;0.00;0.00;0;0
1421943805;eth0;70786728.00;94210152.00;164996880.00;94210149;70786728;58111.00;74727.00;132838.00;74727;58111;0.00;0.00;0;0
1421943805;total;70786728.00;94210152.00;164996880.00;94210149;70786728;58111.00;74727.00;132838.00;74727;58111;0.00;0.00;0;0
1421943806;eth0;70705888.00;94078592.00;164784480.00;94078596;70705884;58044.00;74621.00;132665.00;74621;58044;0.00;0.00;0;0
1421943806;total;70705888.00;94078592.00;164784480.00;94078596;70705884;58044.00;74621.00;132665.00;74621;58044;0.00;0.00;0;0
1421943807;eth0;71145312.00;94686208.00;165831520.00;94686207;71145315;58405.00;75106.00;133511.00;75106;58405;0.00;0.00;0;0
1421943807;total;71145312.00;94686208.00;165831520.00;94686207;71145315;58405.00;75106.00;133511.00;75106;58405;0.00;0.00;0;0
1421943808;eth0;73320576.00;97560696.00;170881264.00;97560696;73320573;60191.00;77382.00;137573.00;77382;60191;0.00;0.00;0;0
1421943808;total;73320576.00;97560696.00;170881264.00;97560696;73320573;60191.00;77382.00;137573.00;77382;60191;0.00;0.00;0;0
1421943809;eth0;71676448.00;95392536.00;167068976.00;95392533;71676444;58841.00;75666.00;134507.00;75666;58841;0.00;0.00;0;0
1421943809;total;71676448.00;95392536.00;167068976.00;95392533;71676444;58841.00;75666.00;134507.00;75666;58841;0.00;0.00;0;0
1421943810;eth0;69586392.00;92591712.00;162178112.00;92591712;69586392;57124.00;73443.00;130567.00;73443;57124;0.00;0.00;0;0
1421943810;total;69586392.00;92591712.00;162178112.00;92591712;69586392;57124.00;73443.00;130567.00;73443;57124;0.00;0.00;0;0
1421943811;eth0;69332976.00;92254336.00;161587312.00;92254338;69332973;56918.00;73176.00;130094.00;73176;56918;0.00;0.00;0;0
1421943811;total;69332976.00;92254336.00;161587312.00;92254338;69332973;56918.00;73176.00;130094.00;73176;56918;0.00;0.00;0;0
1421943812;eth0;69864296.00;92969200.00;162833488.00;92969199;69864294;57352.00;73741.00;131093.00;73741;57352;0.00;0.00;0;0
1421943812;total;69864296.00;92969200.00;162833488.00;92969199;69864294;57352.00;73741.00;131093.00;73741;57352;0.00;0.00;0;0
1421943813;eth0;69733808.00;92798352.00;162532160.00;92798350;69733806;57246.00;73607.00;130853.00;73607;57246;0.00;0.00;0;0
1421943813;total;69733808.00;92798352.00;162532160.00;92798350;69733806;57246.00;73607.00;130853.00;73607;57246;0.00;0.00;0;0
1421943814;eth0;69682640.00;92732432.00;162415072.00;92732430;69682644;57204.00;73556.00;130760.00;73556;57204;0.00;0.00;0;0
1421943814;total;69682640.00;92732432.00;162415072.00;92732430;69682644;57204.00;73556.00;130760.00;73556;57204;0.00;0.00;0;0
1421943815;eth0;69094280.00;91957496.00;161051776.00;91957499;69094281;56721.00;72940.00;129661.00;72940;56721;0.00;0.00;0;0
1421943815;total;69094280.00;91957496.00;161051776.00;91957499;69094281;56721.00;72940.00;129661.00;72940;56721;0.00;0.00;0;0
1421943816;eth0;68940792.00;91723568.00;160664368.00;91723567;68940795;56595.00;72753.00;129348.00;72753;56595;0.00;0.00;0;0
1421943816;total;68940792.00;91723568.00;160664368.00;91723567;68940795;56595.00;72753.00;129348.00;72753;56595;0.00;0.00;0;0
1421943817;eth0;70067880.00;93243688.00;163311568.00;93243689;70067877;57521.00;73960.00;131481.00;73960;57521;0.00;0.00;0;0
1421943817;total;70067880.00;93243688.00;163311568.00;93243689;70067877;57521.00;73960.00;131481.00;73960;57521;0.00;0.00;0;0
1421943818;eth0;70255408.00;93497160.00;163752560.00;93497157;70255407;57673.00;74162.00;131835.00;74162;57673;0.00;0.00;0;0
1421943818;total;70255408.00;93497160.00;163752560.00;93497157;70255407;57673.00;74162.00;131835.00;74162;57673;0.00;0.00;0;0
1421943819;eth0;68852552.00;91616024.00;160468576.00;91616023;68852553;56523.00;72668.00;129191.00;72668;56523;0.00;0.00;0;0
1421943819;total;68852552.00;91616024.00;160468576.00;91616023;68852553;56523.00;72668.00;129191.00;72668;56523;0.00;0.00;0;0
1421943820;eth0;70123592.00;93326728.00;163450320.00;93326729;70123593;57567.00;74027.00;131594.00;74027;57567;0.00;0.00;0;0
1421943820;total;70123592.00;93326728.00;163450320.00;93326729;70123593;57567.00;74027.00;131594.00;74027;57567;0.00;0.00;0;0
1421943821;eth0;70153080.00;93333536.00;163486624.00;93333540;70153083;57589.00;74030.00;131619.00;74030;57589;0.00;0.00;0;0
1421943821;total;70153080.00;93333536.00;163486624.00;93333540;70153083;57589.00;74030.00;131619.00;74030;57589;0.00;0.00;0;0
1421943822;eth0;70007608.00;93179872.00;163187472.00;93179868;70007607;57472.00;73911.00;131383.00;73911;57472;0.00;0.00;0;0
1421943822;total;70007608.00;93179872.00;163187472.00;93179868;70007607;57472.00;73911.00;131383.00;73911;57472;0.00;0.00;0;0
1421943823;eth0;69540656.00;92523632.00;162064288.00;92523630;69540657;57086.00;73389.00;130475.00;73389;57086;0.00;0.00;0;0
1421943823;total;69540656.00;92523632.00;162064288.00;92523630;69540657;57086.00;73389.00;130475.00;73389;57086;0.00;0.00;0;0
1421943824;eth0;69936936.00;93068288.00;163005216.00;93068286;69936936;57413.00;73821.00;131234.00;73821;57413;0.00;0.00;0;0
1421943824;total;69936936.00;93068288.00;163005216.00;93068286;69936936;57413.00;73821.00;131234.00;73821;57413;0.00;0.00;0;0
1421943825;eth0;69839168.00;92932120.00;162771296.00;92932122;69839166;57331.00;73713.00;131044.00;73713;57331;0.00;0.00;0;0
1421943825;total;69839168.00;92932120.00;162771296.00;92932122;69839166;57331.00;73713.00;131044.00;73713;57331;0.00;0.00;0;0
1421943826;eth0;69371120.00;92319384.00;161690496.00;92319384;69371118;56950.00;73227.00;130177.00;73227;56950;0.00;0.00;0;0
1421943826;total;69371120.00;92319384.00;161690496.00;92319384;69371118;56950.00;73227.00;130177.00;73227;56950;0.00;0.00;0;0
1421943827;eth0;70586632.00;93923864.00;164510496.00;93923865;70586634;57946.00;74499.00;132445.00;74499;57946;0.00;0.00;0;0
1421943827;total;70586632.00;93923864.00;164510496.00;93923865;70586634;57946.00;74499.00;132445.00;74499;57946;0.00;0.00;0;0
1421943828;eth0;68838472.00;91611472.00;160449936.00;91611469;68838471;56511.00;72667.00;129178.00;72667;56511;0.00;0.00;0;0
1421943828;total;68838472.00;91611472.00;160449936.00;91611469;68838471;56511.00;72667.00;129178.00;72667;56511;0.00;0.00;0;0
1421943829;eth0;68736144.00;91468360.00;160204512.00;91468359;68736147;56427.00;72550.00;128977.00;72550;56427;0.00;0.00;0;0
1421943829;total;68736144.00;91468360.00;160204512.00;91468359;68736147;56427.00;72550.00;128977.00;72550;56427;0.00;0.00;0;0
1421943830;eth0;69784968.00;92867136.00;162652112.00;92867140;69784968;57288.00;73663.00;130951.00;73663;57288;0.00;0.00;0;0
1421943830;total;69784968.00;92867136.00;162652112.00;92867140;69784968;57288.00;73663.00;130951.00;73663;57288;0.00;0.00;0;0
1421943831;eth0;68848448.00;91623968.00;160472416.00;91623964;68848452;56520.00;72675.00;129195.00;72675;56520;0.00;0.00;0;0
1421943831;total;68848448.00;91623968.00;160472416.00;91623964;68848452;56520.00;72675.00;129195.00;72675;56520;0.00;0.00;0;0
1421943832;eth0;70209864.00;93423296.00;163633152.00;93423296;70209864;57636.00;74102.00;131738.00;74102;57636;0.00;0.00;0;0
1421943832;total;70209864.00;93423296.00;163633152.00;93423296;70209864;57636.00;74102.00;131738.00;74102;57636;0.00;0.00;0;0
1421943833;eth0;70117520.00;93303536.00;163421056.00;93303537;70117521;57561.00;74009.00;131570.00;74009;57561;0.00;0.00;0;0
1421943833;total;70117520.00;93303536.00;163421056.00;93303537;70117521;57561.00;74009.00;131570.00;74009;57561;0.00;0.00;0;0
1421943834;eth0;68908080.00;91695080.00;160603152.00;91695082;68908077;56568.00;72731.00;129299.00;72731;56568;0.00;0.00;0;0
1421943834;total;68908080.00;91695080.00;160603152.00;91695082;68908077;56568.00;72731.00;129299.00;72731;56568;0.00;0.00;0;0
1421943835;eth0;68640960.00;91340656.00;159981616.00;91340659;68640960;56349.00;72451.00;128800.00;72451;56349;0.00;0.00;0;0
1421943835;total;68640960.00;91340656.00;159981616.00;91340659;68640960;56349.00;72451.00;128800.00;72451;56349;0.00;0.00;0;0
1421943836;eth0;68827424.00;91590576.00;160418000.00;91590574;68827425;56502.00;72648.00;129150.00;72648;56502;0.00;0.00;0;0
1421943836;total;68827424.00;91590576.00;160418000.00;91590574;68827425;56502.00;72648.00;129150.00;72648;56502;0.00;0.00;0;0
1421943837;eth0;68576592.00;91268728.00;159845312.00;91268731;68576589;56297.00;72395.00;128692.00;72395;56297;0.00;0.00;0;0
1421943837;total;68576592.00;91268728.00;159845312.00;91268731;68576589;56297.00;72395.00;128692.00;72395;56297;0.00;0.00;0;0
1421943838;eth0;69290464.00;92201080.00;161491552.00;92201079;69290466;56881.00;73132.00;130013.00;73132;56881;0.00;0.00;0;0
1421943838;total;69290464.00;92201080.00;161491552.00;92201079;69290466;56881.00;73132.00;130013.00;73132;56881;0.00;0.00;0;0
1421943839;eth0;69836128.00;92925760.00;162761888.00;92925756;69836130;57330.00;73707.00;131037.00;73707;57330;0.00;0.00;0;0
1421943839;total;69836128.00;92925760.00;162761888.00;92925756;69836130;57330.00;73707.00;131037.00;73707;57330;0.00;0.00;0;0
1421943840;eth0;70245424.00;93483144.00;163728576.00;93483144;70245426;57666.00;74151.00;131817.00;74151;57666;0.00;0.00;0;0
1421943840;total;70245424.00;93483144.00;163728576.00;93483144;70245426;57666.00;74151.00;131817.00;74151;57666;0.00;0.00;0;0
1421943841;eth0;69145440.00;92010552.00;161156000.00;92010552;69145443;56763.00;72981.00;129744.00;72981;56763;0.00;0.00;0;0
1421943841;total;69145440.00;92010552.00;161156000.00;92010552;69145443;56763.00;72981.00;129744.00;72981;56763;0.00;0.00;0;0
1421943842;eth0;72572232.00;96552976.00;169125216.00;96552977;72572232;59577.00;76586.00;136163.00;76586;59577;0.00;0.00;0;0
1421943842;total;72572232.00;96552976.00;169125216.00;96552977;72572232;59577.00;76586.00;136163.00;76586;59577;0.00;0.00;0;0
1421943843;eth0;71551120.00;95231368.00;166782480.00;95231365;71551122;58737.00;75536.00;134273.00;75536;58737;0.00;0.00;0;0
1421943843;total;71551120.00;95231368.00;166782480.00;95231365;71551122;58737.00;75536.00;134273.00;75536;58737;0.00;0.00;0;0
1421943844;eth0;71805864.00;95547856.00;167353728.00;95547858;71805867;58947.00;75788.00;134735.00;75788;58947;0.00;0.00;0;0
1421943844;total;71805864.00;95547856.00;167353728.00;95547858;71805867;58947.00;75788.00;134735.00;75788;58947;0.00;0.00;0;0
1421943845;eth0;73289568.00;97543128.00;170832704.00;97543131;73289565;60165.00;77371.00;137536.00;77371;60165;0.00;0.00;0;0
1421943845;total;73289568.00;97543128.00;170832704.00;97543131;73289565;60165.00;77371.00;137536.00;77371;60165;0.00;0.00;0;0
1421943846;eth0;70618096.00;93961944.00;164580032.00;93961944;70618095;57972.00;74530.00;132502.00;74530;57972;0.00;0.00;0;0
1421943846;total;70618096.00;93961944.00;164580032.00;93961944;70618095;57972.00;74530.00;132502.00;74530;57972;0.00;0.00;0;0
1421943847;eth0;69079744.00;91930848.00;161010592.00;91930849;69079746;56709.00;72918.00;129627.00;72918;56709;0.00;0.00;0;0
1421943847;total;69079744.00;91930848.00;161010592.00;91930849;69079746;56709.00;72918.00;129627.00;72918;56709;0.00;0.00;0;0
1421943848;eth0;69503576.00;92482000.00;161985568.00;92481999;69503577;57057.00;73357.00;130414.00;73357;57057;0.00;0.00;0;0
1421943848;total;69503576.00;92482000.00;161985568.00;92481999;69503577;57057.00;73357.00;130414.00;73357;57057;0.00;0.00;0;0
1421943849;eth0;69529160.00;92521240.00;162050400.00;92521238;69529158;57078.00;73387.00;130465.00;73387;57078;0.00;0.00;0;0
1421943849;total;69529160.00;92521240.00;162050400.00;92521238;69529158;57078.00;73387.00;130465.00;73387;57078;0.00;0.00;0;0
1421943850;eth0;69119864.00;91985920.00;161105776.00;91985920;69119862;56742.00;72961.00;129703.00;72961;56742;0.00;0.00;0;0
1421943850;total;69119864.00;91985920.00;161105776.00;91985920;69119862;56742.00;72961.00;129703.00;72961;56742;0.00;0.00;0;0
1421943851;eth0;68966376.00;91764744.00;160731120.00;91764746;68966376;56616.00;72788.00;129404.00;72788;56616;0.00;0.00;0;0
1421943851;total;68966376.00;91764744.00;160731120.00;91764746;68966376;56616.00;72788.00;129404.00;72788;56616;0.00;0.00;0;0
1421943852;eth0;69452416.00;92426936.00;161879344.00;92426935;69452415;57015.00;73312.00;130327.00;73312;57015;0.00;0.00;0;0
1421943852;total;69452416.00;92426936.00;161879344.00;92426935;69452415;57015.00;73312.00;130327.00;73312;57015;0.00;0.00;0;0
1421943853;eth0;68787120.00;91531016.00;160318128.00;91531013;68787117;56469.00;72602.00;129071.00;72602;56469;0.00;0.00;0;0
1421943853;total;68787120.00;91531016.00;160318128.00;91531013;68787117;56469.00;72602.00;129071.00;72602;56469;0.00;0.00;0;0
1421943854;eth0;68787504.00;91558992.00;160346496.00;91558989;68787501;56469.00;72625.00;129094.00;72625;56469;0.00;0.00;0;0
1421943854;total;68787504.00;91558992.00;160346496.00;91558989;68787501;56469.00;72625.00;129094.00;72625;56469;0.00;0.00;0;0
1421943855;eth0;68761728.00;91502400.00;160264128.00;91502400;68761728;56448.00;72579.00;129027.00;72579;56448;0.00;0.00;0;0
1421943855;total;68761728.00;91502400.00;160264128.00;91502400;68761728;56448.00;72579.00;129027.00;72579;56448;0.00;0.00;0;0
1421943856;eth0;69247768.00;92128152.00;161375920.00;92128149;69247767;56847.00;73074.00;129921.00;73074;56847;0.00;0.00;0;0
1421943856;total;69247768.00;92128152.00;161375920.00;92128149;69247767;56847.00;73074.00;129921.00;73074;56847;0.00;0.00;0;0
1421943857;eth0;69094280.00;91954040.00;161048320.00;91954041;69094281;56721.00;72936.00;129657.00;72936;56721;0.00;0.00;0;0
1421943857;total;69094280.00;91954040.00;161048320.00;91954041;69094281;56721.00;72936.00;129657.00;72936;56721;0.00;0.00;0;0
1421943858;eth0;68966376.00;91777184.00;160743552.00;91777184;68966376;56616.00;72798.00;129414.00;72798;56616;0.00;0.00;0;0
1421943858;total;68966376.00;91777184.00;160743552.00;91777184;68966376;56616.00;72798.00;129414.00;72798;56616;0.00;0.00;0;0
1421943859;eth0;69088664.00;91928816.00;161017472.00;91928815;69088662;56715.00;72918.00;129633.00;72918;56715;0.00;0.00;0;0
1421943859;total;69088664.00;91928816.00;161017472.00;91928815;69088662;56715.00;72918.00;129633.00;72918;56715;0.00;0.00;0;0
1421943860;eth0;70238480.00;93476776.00;163715264.00;93476778;70238481;57663.00;74145.00;131808.00;74145;57663;0.00;0.00;0;0
1421943860;total;70238480.00;93476776.00;163715264.00;93476778;70238481;57663.00;74145.00;131808.00;74145;57663;0.00;0.00;0;0
1421943861;eth0;69311496.00;92227240.00;161538736.00;92227243;69311493;56898.00;73154.00;130052.00;73154;56898;0.00;0.00;0;0
1421943861;total;69311496.00;92227240.00;161538736.00;92227243;69311493;56898.00;73154.00;130052.00;73154;56898;0.00;0.00;0;0
1421943862;eth0;69375672.00;92310920.00;161686592.00;92310920;69375672;56952.00;73221.00;130173.00;73221;56952;0.00;0.00;0;0
1421943862;total;69375672.00;92310920.00;161686592.00;92310920;69375672;56952.00;73221.00;130173.00;73221;56952;0.00;0.00;0;0
1421943863;eth0;70143104.00;93350592.00;163493696.00;93350596;70143102;57582.00;74043.00;131625.00;74043;57582;0.00;0.00;0;0
1421943863;total;70143104.00;93350592.00;163493696.00;93350596;70143102;57582.00;74043.00;131625.00;74043;57582;0.00;0.00;0;0
1421943864;eth0;70040776.00;93202928.00;163243712.00;93202932;70040778;57498.00;73928.00;131426.00;73928;57498;0.00;0.00;0;0
1421943864;total;70040776.00;93202928.00;163243712.00;93202932;70040778;57498.00;73928.00;131426.00;73928;57498;0.00;0.00;0;0
1421943865;eth0;72306440.00;96224120.00;168530560.00;96224117;72306441;59358.00;76325.00;135683.00;76325;59358;0.00;0.00;0;0
1421943865;total;72306440.00;96224120.00;168530560.00;96224117;72306441;59358.00;76325.00;135683.00;76325;59358;0.00;0.00;0;0
1421943866;eth0;73343120.00;97595736.00;170938864.00;97595739;73343118;60209.00;77412.00;137621.00;77412;60209;0.00;0.00;0;0
1421943866;total;73343120.00;97595736.00;170938864.00;97595739;73343118;60209.00;77412.00;137621.00;77412;60209;0.00;0.00;0;0
1421943867;eth0;74271816.00;98844272.00;173116096.00;98844272;74271816;60971.00;78402.00;139373.00;78402;60971;0.00;0.00;0;0
1421943867;total;74271816.00;98844272.00;173116096.00;98844272;74271816;60971.00;78402.00;139373.00;78402;60971;0.00;0.00;0;0
1421943868;eth0;69911352.00;93021168.00;162932528.00;93021170;69911355;57392.00;73783.00;131175.00;73783;57392;0.00;0.00;0;0
1421943868;total;69911352.00;93021168.00;162932528.00;93021170;69911355;57392.00;73783.00;131175.00;73783;57392;0.00;0.00;0;0
1421943869;eth0;73954672.00;98418856.00;172373536.00;98418859;73954671;60711.00;78065.00;138776.00;78065;60711;0.00;0.00;0;0
1421943869;total;73954672.00;98418856.00;172373536.00;98418859;73954671;60711.00;78065.00;138776.00;78065;60711;0.00;0.00;0;0
1421943870;eth0;68940792.00;91737584.00;160678384.00;91737587;68940795;56595.00;72767.00;129362.00;72767;56595;0.00;0.00;0;0
1421943870;total;68940792.00;91737584.00;160678384.00;91737587;68940795;56595.00;72767.00;129362.00;72767;56595;0.00;0.00;0;0
1421943871;eth0;69435296.00;92408488.00;161843792.00;92408489;69435297;57002.00;73297.00;130299.00;73297;57002;0.00;0.00;0;0
1421943871;total;69435296.00;92408488.00;161843792.00;92408489;69435297;57002.00;73297.00;130299.00;73297;57002;0.00;0.00;0;0
1421943872;eth0;69431392.00;92387464.00;161818848.00;92387466;69431388;56997.00;73281.00;130278.00;73281;56997;0.00;0.00;0;0
1421943872;total;69431392.00;92387464.00;161818848.00;92387466;69431388;56997.00;73281.00;130278.00;73281;56997;0.00;0.00;0;0
1421943873;eth0;73533872.00;97854048.00;171387920.00;97854047;73533876;60367.00;77616.00;137983.00;77616;60367;0.00;0.00;0;0
1421943873;total;73533872.00;97854048.00;171387920.00;97854047;73533876;60367.00;77616.00;137983.00;77616;60367;0.00;0.00;0;0
1421943874;eth0;69706704.00;92750360.00;162457072.00;92750360;69706707;57222.00;73569.00;130791.00;73569;57222;0.00;0.00;0;0
1421943874;total;69706704.00;92750360.00;162457072.00;92750360;69706707;57222.00;73569.00;130791.00;73569;57222;0.00;0.00;0;0
1421943875;eth0;69529160.00;92540752.00;162069904.00;92540750;69529158;57078.00;73404.00;130482.00;73404;57078;0.00;0.00;0;0
1421943875;total;69529160.00;92540752.00;162069904.00;92540750;69529158;57078.00;73404.00;130482.00;73404;57078;0.00;0.00;0;0
1421943876;eth0;69145440.00;91998928.00;161144368.00;91998931;69145443;56763.00;72971.00;129734.00;72971;56763;0.00;0.00;0;0
1421943876;total;69145440.00;91998928.00;161144368.00;91998931;69145443;56763.00;72971.00;129734.00;72971;56763;0.00;0.00;0;0
1421943877;eth0;69156944.00;92031592.00;161188528.00;92031589;69156942;56773.00;73000.00;129773.00;73000;56773;0.00;0.00;0;0
1421943877;total;69156944.00;92031592.00;161188528.00;92031589;69156942;56773.00;73000.00;129773.00;73000;56773;0.00;0.00;0;0
1421943878;eth0;69719728.00;92765888.00;162485600.00;92765884;69719724;57233.00;73581.00;130814.00;73581;57233;0.00;0.00;0;0
1421943878;total;69719728.00;92765888.00;162485600.00;92765884;69719724;57233.00;73581.00;130814.00;73581;57233;0.00;0.00;0;0
1421943879;eth0;71373576.00;94984560.00;166358144.00;94984564;71373573;58593.00;75340.00;133933.00;75340;58593;0.00;0.00;0;0
1421943879;total;71373576.00;94984560.00;166358144.00;94984564;71373573;58593.00;75340.00;133933.00;75340;58593;0.00;0.00;0;0
1421943880;eth0;69810552.00;92889616.00;162700160.00;92889617;69810549;57309.00;73681.00;130990.00;73681;57309;0.00;0.00;0;0
1421943880;total;69810552.00;92889616.00;162700160.00;92889617;69810549;57309.00;73681.00;130990.00;73681;57309;0.00;0.00;0;0
1421943881;eth0;69708224.00;92778912.00;162487136.00;92778909;69708225;57225.00;73591.00;130816.00;73591;57225;0.00;0.00;0;0
1421943881;total;69708224.00;92778912.00;162487136.00;92778909;69708225;57225.00;73591.00;130816.00;73591;57225;0.00;0.00;0;0
1421943882;eth0;70022784.00;93185072.00;163207856.00;93185073;70022787;57484.00;73914.00;131398.00;73914;57484;0.00;0.00;0;0
1421943882;total;70022784.00;93185072.00;163207856.00;93185073;70022787;57484.00;73914.00;131398.00;73914;57484;0.00;0.00;0;0
1421943883;eth0;69827472.00;92903504.00;162730976.00;92903502;69827475;57323.00;73689.00;131012.00;73689;57323;0.00;0.00;0;0
1421943883;total;69827472.00;92903504.00;162730976.00;92903502;69827475;57323.00;73689.00;131012.00;73689;57323;0.00;0.00;0;0
1421943884;eth0;69425312.00;92382912.00;161808224.00;92382912;69425316;56990.00;73279.00;130269.00;73279;56990;0.00;0.00;0;0
1421943884;total;69425312.00;92382912.00;161808224.00;92382912;69425316;56990.00;73279.00;130269.00;73279;56990;0.00;0.00;0;0
1421943885;eth0;70043360.00;93207488.00;163250848.00;93207486;70043361;57502.00;73930.00;131432.00;73930;57502;0.00;0.00;0;0
1421943885;total;70043360.00;93207488.00;163250848.00;93207486;70043361;57502.00;73930.00;131432.00;73930;57502;0.00;0.00;0;0
1421943886;eth0;70056832.00;93235456.00;163292288.00;93235455;70056831;57511.00;73954.00;131465.00;73954;57511;0.00;0.00;0;0
1421943886;total;70056832.00;93235456.00;163292288.00;93235455;70056831;57511.00;73954.00;131465.00;73954;57511;0.00;0.00;0;0
1421943887;eth0;69717752.00;92773416.00;162491168.00;92773417;69717753;57233.00;73586.00;130819.00;73586;57233;0.00;0.00;0;0
1421943887;total;69717752.00;92773416.00;162491168.00;92773417;69717753;57233.00;73586.00;130819.00;73586;57233;0.00;0.00;0;0
1421943888;eth0;69680064.00;92715376.00;162395440.00;92715374;69680061;57200.00;73542.00;130742.00;73542;57200;0.00;0.00;0;0
1421943888;total;69680064.00;92715376.00;162395440.00;92715374;69680061;57200.00;73542.00;130742.00;73542;57200;0.00;0.00;0;0
1421943889;eth0;71417600.00;95039632.00;166457232.00;95039628;71417598;58629.00;75384.00;134013.00;75384;58629;0.00;0.00;0;0
1421943889;total;71417600.00;95039632.00;166457232.00;95039628;71417598;58629.00;75384.00;134013.00;75384;58629;0.00;0.00;0;0
1421943890;eth0;73622120.00;97974224.00;171596352.00;97974228;73622118;60438.00;77713.00;138151.00;77713;60438;0.00;0.00;0;0
1421943890;total;73622120.00;97974224.00;171596352.00;97974228;73622118;60438.00;77713.00;138151.00;77713;60438;0.00;0.00;0;0
1421943891;eth0;69971168.00;93113824.00;163084992.00;93113827;69971172;57442.00;73856.00;131298.00;73856;57442;0.00;0.00;0;0
1421943891;total;69971168.00;93113824.00;163084992.00;93113827;69971172;57442.00;73856.00;131298.00;73856;57442;0.00;0.00;0;0
1421943892;eth0;72641384.00;96664264.00;169305648.00;96664265;72641385;59633.00;76674.00;136307.00;76674;59633;0.00;0.00;0;0
1421943892;total;72641384.00;96664264.00;169305648.00;96664265;72641385;59633.00;76674.00;136307.00;76674;59633;0.00;0.00;0;0
1421943893;eth0;71556128.00;95215256.00;166771376.00;95215254;71556129;58744.00;75524.00;134268.00;75524;58744;0.00;0.00;0;0
1421943893;total;71556128.00;95215256.00;166771376.00;95215254;71556129;58744.00;75524.00;134268.00;75524;58744;0.00;0.00;0;0
1421943894;eth0;69992200.00;93149448.00;163141648.00;93149450;69992199;57456.00;73885.00;131341.00;73885;57456;0.00;0.00;0;0
1421943894;total;69992200.00;93149448.00;163141648.00;93149450;69992199;57456.00;73885.00;131341.00;73885;57456;0.00;0.00;0;0
1421943895;eth0;69982480.00;93121768.00;163104240.00;93121768;69982479;57450.00;73864.00;131314.00;73864;57450;0.00;0.00;0;0
1421943895;total;69982480.00;93121768.00;163104240.00;93121768;69982479;57450.00;73864.00;131314.00;73864;57450;0.00;0.00;0;0
1421943896;eth0;69971168.00;93102976.00;163074144.00;93102978;69971172;57441.00;73848.00;131289.00;73848;57441;0.00;0.00;0;0
1421943896;total;69971168.00;93102976.00;163074144.00;93102978;69971172;57441.00;73848.00;131289.00;73848;57441;0.00;0.00;0;0
1421943897;eth0;71191920.00;94734640.00;165926560.00;94734642;71191923;58443.00;75144.00;133587.00;75144;58443;0.00;0.00;0;0
1421943897;total;71191920.00;94734640.00;165926560.00;94734642;71191923;58443.00;75144.00;133587.00;75144;58443;0.00;0.00;0;0
1421943898;eth0;71319824.00;94912056.00;166231888.00;94912056;71319828;58548.00;75282.00;133830.00;75282;58548;0.00;0.00;0;0
1421943898;total;71319824.00;94912056.00;166231888.00;94912056;71319828;58548.00;75282.00;133830.00;75282;58548;0.00;0.00;0;0
1421943899;eth0;69272280.00;92178664.00;161450944.00;92178666;69272283;56868.00;73117.00;129985.00;73117;56868;0.00;0.00;0;0
1421943899;total;69272280.00;92178664.00;161450944.00;92178666;69272283;56868.00;73117.00;129985.00;73117;56868;0.00;0.00;0;0
1421943900;eth0;69606968.00;92640352.00;162247312.00;92640353;69606966;57141.00;73481.00;130622.00;73481;57141;0.00;0.00;0;0
1421943900;total;69606968.00;92640352.00;162247312.00;92640353;69606966;57141.00;73481.00;130622.00;73481;57141;0.00;0.00;0;0
1421943901;eth0;69854576.00;92951560.00;162806144.00;92951563;69854574;57345.00;73728.00;131073.00;73728;57345;0.00;0.00;0;0
1421943901;total;69854576.00;92951560.00;162806144.00;92951563;69854574;57345.00;73728.00;131073.00;73728;57345;0.00;0.00;0;0
1421943902;eth0;69222184.00;92115136.00;161337328.00;92115138;69222186;56826.00;73065.00;129891.00;73065;56826;0.00;0.00;0;0
1421943902;total;69222184.00;92115136.00;161337328.00;92115138;69222186;56826.00;73065.00;129891.00;73065;56826;0.00;0.00;0;0
1421943903;eth0;68983496.00;91808768.00;160792256.00;91808769;68983494;56631.00;72822.00;129453.00;72822;56631;0.00;0.00;0;0
1421943903;total;68983496.00;91808768.00;160792256.00;91808769;68983494;56631.00;72822.00;129453.00;72822;56631;0.00;0.00;0;0
1421943904;eth0;69786488.00;92861656.00;162648144.00;92861655;69786486;57289.00;73657.00;130946.00;73657;57289;0.00;0.00;0;0
1421943904;total;69786488.00;92861656.00;162648144.00;92861655;69786486;57289.00;73657.00;130946.00;73657;57289;0.00;0.00;0;0
1421943905;eth0;69799048.00;92870976.00;162670032.00;92870979;69799050;57299.00;73664.00;130963.00;73664;57299;0.00;0.00;0;0
1421943905;total;69799048.00;92870976.00;162670032.00;92870979;69799050;57299.00;73664.00;130963.00;73664;57299;0.00;0.00;0;0
1421943906;eth0;69708224.00;92770384.00;162478608.00;92770381;69708225;57225.00;73585.00;130810.00;73585;57225;0.00;0.00;0;0
1421943906;total;69708224.00;92770384.00;162478608.00;92770381;69708225;57225.00;73585.00;130810.00;73585;57225;0.00;0.00;0;0
1421943907;eth0;69068704.00;91907920.00;160976624.00;91907920;69068700;56700.00;72901.00;129601.00;72901;56700;0.00;0.00;0;0
1421943907;total;69068704.00;91907920.00;160976624.00;91907920;69068700;56700.00;72901.00;129601.00;72901;56700;0.00;0.00;0;0
1421943908;eth0;71064016.00;94560600.00;165624608.00;94560598;71064018;58338.00;75004.00;133342.00;75004;58338;0.00;0.00;0;0
1421943908;total;71064016.00;94560600.00;165624608.00;94560598;71064018;58338.00;75004.00;133342.00;75004;58338;0.00;0.00;0;0
1421943909;eth0;68880976.00;91664144.00;160545120.00;91664148;68880978;56546.00;72709.00;129255.00;72709;56546;0.00;0.00;0;0
1421943909;total;68880976.00;91664144.00;160545120.00;91664148;68880978;56546.00;72709.00;129255.00;72709;56546;0.00;0.00;0;0
1421943910;eth0;68994992.00;91812672.00;160807664.00;91812672;68994993;56638.00;72824.00;129462.00;72824;56638;0.00;0.00;0;0
1421943910;total;68994992.00;91812672.00;160807664.00;91812672;68994993;56638.00;72824.00;129462.00;72824;56638;0.00;0.00;0;0
1421943911;eth0;70532432.00;93865832.00;164398272.00;93865829;70532436;57903.00;74453.00;132356.00;74453;57903;0.00;0.00;0;0
1421943911;total;70532432.00;93865832.00;164398272.00;93865829;70532436;57903.00;74453.00;132356.00;74453;57903;0.00;0.00;0;0
1421943912;eth0;70271008.00;93509240.00;163780240.00;93509237;70271007;57687.00;74172.00;131859.00;74172;57687;0.00;0.00;0;0
1421943912;total;70271008.00;93509240.00;163780240.00;93509237;70271007;57687.00;74172.00;131859.00;74172;57687;0.00;0.00;0;0
1421943913;eth0;70214224.00;93429720.00;163643952.00;93429719;70214226;57639.00;74107.00;131746.00;74107;57639;0.00;0.00;0;0
1421943913;total;70214224.00;93429720.00;163643952.00;93429719;70214226;57639.00;74107.00;131746.00;74107;57639;0.00;0.00;0;0
1421943914;eth0;68833040.00;91604520.00;160437568.00;91604523;68833044;56508.00;72660.00;129168.00;72660;56508;0.00;0.00;0;0
1421943914;total;68833040.00;91604520.00;160437568.00;91604523;68833044;56508.00;72660.00;129168.00;72660;56508;0.00;0.00;0;0
1421943915;eth0;69016016.00;91842808.00;160858832.00;91842810;69016020;56658.00;72849.00;129507.00;72849;56658;0.00;0.00;0;0
1421943915;total;69016016.00;91842808.00;160858832.00;91842810;69016020;56658.00;72849.00;129507.00;72849;56658;0.00;0.00;0;0
1421943916;eth0;68927776.00;91712720.00;160640496.00;91712718;68927778;56583.00;72745.00;129328.00;72745;56583;0.00;0.00;0;0
1421943916;total;68927776.00;91712720.00;160640496.00;91712718;68927778;56583.00;72745.00;129328.00;72745;56583;0.00;0.00;0;0
1421943917;eth0;69194024.00;92075024.00;161269040.00;92075025;69194022;56801.00;73034.00;129835.00;73034;56801;0.00;0.00;0;0
1421943917;total;69194024.00;92075024.00;161269040.00;92075025;69194022;56801.00;73034.00;129835.00;73034;56801;0.00;0.00;0;0
1421943918;eth0;68636408.00;91340656.00;159977072.00;91340659;68636406;56347.00;72450.00;128797.00;72450;56347;0.00;0.00;0;0
1421943918;total;68636408.00;91340656.00;159977072.00;91340659;68636406;56347.00;72450.00;128797.00;72450;56347;0.00;0.00;0;0
1421943919;eth0;69090176.00;91941024.00;161031200.00;91941023;69090180;56717.00;72927.00;129644.00;72927;56717;0.00;0.00;0;0
1421943919;total;69090176.00;91941024.00;161031200.00;91941023;69090180;56717.00;72927.00;129644.00;72927;56717;0.00;0.00;0;0
1421943920;eth0;68765832.00;91505440.00;160271264.00;91505436;68765829;56452.00;72581.00;129033.00;72581;56452;0.00;0.00;0;0
1421943920;total;68765832.00;91505440.00;160271264.00;91505436;68765829;56452.00;72581.00;129033.00;72581;56452;0.00;0.00;0;0
1421943921;eth0;69344472.00;92277752.00;161622224.00;92277753;69344472;56925.00;73195.00;130120.00;73195;56925;0.00;0.00;0;0
1421943921;total;69344472.00;92277752.00;161622224.00;92277753;69344472;56925.00;73195.00;130120.00;73195;56925;0.00;0.00;0;0
1421943922;eth0;68861016.00;91636176.00;160497200.00;91636179;68861016;56531.00;72686.00;129217.00;72686;56531;0.00;0.00;0;0
1421943922;total;68861016.00;91636176.00;160497200.00;91636179;68861016;56531.00;72686.00;129217.00;72686;56531;0.00;0.00;0;0
1421943923;eth0;68872704.00;91643984.00;160516688.00;91643985;68872707;56539.00;72690.00;129229.00;72690;56539;0.00;0.00;0;0
1421943923;total;68872704.00;91643984.00;160516688.00;91643985;68872707;56539.00;72690.00;129229.00;72690;56539;0.00;0.00;0;0
1421943924;eth0;68505920.00;91168936.00;159674848.00;91168936;68505918;56238.00;72314.00;128552.00;72314;56238;0.00;0.00;0;0
1421943924;total;68505920.00;91168936.00;159674848.00;91168936;68505918;56238.00;72314.00;128552.00;72314;56238;0.00;0.00;0;0
1421943925;eth0;68911112.00;91696664.00;160607776.00;91696664;68911113;56569.00;72734.00;129303.00;72734;56569;0.00;0.00;0;0
1421943925;total;68911112.00;91696664.00;160607776.00;91696664;68911113;56569.00;72734.00;129303.00;72734;56569;0.00;0.00;0;0
1421943926;eth0;68919312.00;91722696.00;160642016.00;91722693;68919315;56579.00;72752.00;129331.00;72752;56579;0.00;0.00;0;0
1421943926;total;68919312.00;91722696.00;160642016.00;91722693;68919315;56579.00;72752.00;129331.00;72752;56579;0.00;0.00;0;0
1421943927;eth0;69119864.00;91982952.00;161102816.00;91982955;69119862;56742.00;72961.00;129703.00;72961;56742;0.00;0.00;0;0
1421943927;total;69119864.00;91982952.00;161102816.00;91982955;69119862;56742.00;72961.00;129703.00;72961;56742;0.00;0.00;0;0
1421943928;eth0;68761728.00;91507952.00;160269680.00;91507956;68761728;56448.00;72585.00;129033.00;72585;56448;0.00;0.00;0;0
1421943928;total;68761728.00;91507952.00;160269680.00;91507956;68761728;56448.00;72585.00;129033.00;72585;56448;0.00;0.00;0;0
1421943929;eth0;69032072.00;91851264.00;160883344.00;91851267;69032073;56670.00;72855.00;129525.00;72855;56670;0.00;0.00;0;0
1421943929;total;69032072.00;91851264.00;160883344.00;91851267;69032073;56670.00;72855.00;129525.00;72855;56670;0.00;0.00;0;0
1421943930;eth0;68840864.00;91604520.00;160445392.00;91604523;68840862;56513.00;72660.00;129173.00;72660;56513;0.00;0.00;0;0
1421943930;total;68840864.00;91604520.00;160445392.00;91604523;68840862;56513.00;72660.00;129173.00;72660;56513;0.00;0.00;0;0
1421943931;eth0;68986528.00;91808768.00;160795296.00;91808769;68986530;56633.00;72822.00;129455.00;72822;56633;0.00;0.00;0;0
1421943931;total;68986528.00;91808768.00;160795296.00;91808769;68986530;56633.00;72822.00;129455.00;72822;56633;0.00;0.00;0;0
1421943932;eth0;68980456.00;91793240.00;160773696.00;91793238;68980458;56627.00;72810.00;129437.00;72810;56627;0.00;0.00;0;0
1421943932;total;68980456.00;91793240.00;160773696.00;91793238;68980458;56627.00;72810.00;129437.00;72810;56627;0.00;0.00;0;0
1421943933;eth0;69026000.00;91855888.00;160881888.00;91855892;69026001;56666.00;72858.00;129524.00;72858;56666;0.00;0.00;0;0
1421943933;total;69026000.00;91855888.00;160881888.00;91855892;69026001;56666.00;72858.00;129524.00;72858;56666;0.00;0.00;0;0
1421943934;eth0;68676520.00;91380184.00;160056704.00;91380185;68676522;56377.00;72482.00;128859.00;72482;56377;0.00;0.00;0;0
1421943934;total;68676520.00;91380184.00;160056704.00;91380185;68676522;56377.00;72482.00;128859.00;72482;56377;0.00;0.00;0;0
1421943935;eth0;69267728.00;92171720.00;161439456.00;92171720;69267729;56863.00;73111.00;129974.00;73111;56863;0.00;0.00;0;0
1421943935;total;69267728.00;92171720.00;161439456.00;92171720;69267729;56863.00;73111.00;129974.00;73111;56863;0.00;0.00;0;0
1421943936;eth0;69298928.00;92217264.00;161516192.00;92217261;69298929;56889.00;73146.00;130035.00;73146;56889;0.00;0.00;0;0
1421943936;total;69298928.00;92217264.00;161516192.00;92217261;69298929;56889.00;73146.00;130035.00;73146;56889;0.00;0.00;0;0
1421943937;eth0;69458032.00;92431488.00;161889520.00;92431489;69458034;57020.00;73316.00;130336.00;73316;57020;0.00;0.00;0;0
1421943937;total;69458032.00;92431488.00;161889520.00;92431489;69458034;57020.00;73316.00;130336.00;73316;57020;0.00;0.00;0;0
1421943938;eth0;69503576.00;92489592.00;161993168.00;92489589;69503577;57057.00;73362.00;130419.00;73362;57057;0.00;0.00;0;0
1421943938;total;69503576.00;92489592.00;161993168.00;92489589;69503577;57057.00;73362.00;130419.00;73362;57057;0.00;0.00;0;0
1421943939;eth0;69773920.00;92853192.00;162627120.00;92853191;69773922;57279.00;73651.00;130930.00;73651;57279;0.00;0.00;0;0
1421943939;total;69773920.00;92853192.00;162627120.00;92853191;69773922;57279.00;73651.00;130930.00;73651;57279;0.00;0.00;0;0
1421943940;eth0;69540208.00;92536000.00;162076208.00;92535997;69540204;57087.00;73397.00;130484.00;73397;57087;0.00;0.00;0;0
1421943940;total;69540208.00;92536000.00;162076208.00;92535997;69540204;57087.00;73397.00;130484.00;73397;57087;0.00;0.00;0;0
1421943941;eth0;69503576.00;92503672.00;162007248.00;92503673;69503577;57057.00;73375.00;130432.00;73375;57057;0.00;0.00;0;0
1421943941;total;69503576.00;92503672.00;162007248.00;92503673;69503577;57057.00;73375.00;130432.00;73375;57057;0.00;0.00;0;0
1421943942;eth0;68864048.00;91621440.00;160485504.00;91621444;68864052;56532.00;72672.00;129204.00;72672;56532;0.00;0.00;0;0
1421943942;total;68864048.00;91621440.00;160485504.00;91621444;68864052;56532.00;72672.00;129204.00;72672;56532;0.00;0.00;0;0
1421943943;eth0;68856912.00;91630096.00;160487008.00;91630100;68856915;56526.00;72681.00;129207.00;72681;56526;0.00;0.00;0;0
1421943943;total;68856912.00;91630096.00;160487008.00;91630100;68856915;56526.00;72681.00;129207.00;72681;56526;0.00;0.00;0;0
1421943944;eth0;68692120.00;91408744.00;160100864.00;91408741;68692122;56391.00;72504.00;128895.00;72504;56391;0.00;0.00;0;0
1421943944;total;68692120.00;91408744.00;160100864.00;91408741;68692122;56391.00;72504.00;128895.00;72504;56391;0.00;0.00;0;0
1421943945;eth0;69043120.00;91876848.00;160919968.00;91876851;69043119;56679.00;72876.00;129555.00;72876;56679;0.00;0.00;0;0
1421943945;total;69043120.00;91876848.00;160919968.00;91876851;69043119;56679.00;72876.00;129555.00;72876;56679;0.00;0.00;0;0
1421943946;eth0;70271008.00;93515440.00;163786448.00;93515437;70271007;57687.00;74176.00;131863.00;74176;57687;0.00;0.00;0;0
1421943946;total;70271008.00;93515440.00;163786448.00;93515437;70271007;57687.00;74176.00;131863.00;74176;57687;0.00;0.00;0;0
1421943947;eth0;70424496.00;93710448.00;164134944.00;93710447;70424493;57813.00;74330.00;132143.00;74330;57813;0.00;0.00;0;0
1421943947;total;70424496.00;93710448.00;164134944.00;93710447;70424493;57813.00;74330.00;132143.00;74330;57813;0.00;0.00;0;0
1421943948;eth0;68746128.00;91490032.00;160236160.00;91490033;68746128;56436.00;72571.00;129007.00;72571;56436;0.00;0.00;0;0
1421943948;total;68746128.00;91490032.00;160236160.00;91490033;68746128;56436.00;72571.00;129007.00;72571;56436;0.00;0.00;0;0
1421943949;eth0;68777328.00;91517800.00;160295136.00;91517803;68777328;56460.00;72589.00;129049.00;72589;56460;0.00;0.00;0;0
1421943949;total;68777328.00;91517800.00;160295136.00;91517803;68777328;56460.00;72589.00;129049.00;72589;56460;0.00;0.00;0;0
1421943950;eth0;69967072.00;93099288.00;163066368.00;93099291;69967071;57439.00;73847.00;131286.00;73847;57439;0.00;0.00;0;0
1421943950;total;69967072.00;93099288.00;163066368.00;93099291;69967071;57439.00;73847.00;131286.00;73847;57439;0.00;0.00;0;0
1421943951;eth0;71916656.00;95715024.00;167631680.00;95715020;71916654;59037.00;75920.00;134957.00;75920;59037;0.00;0.00;0;0
1421943951;total;71916656.00;95715024.00;167631680.00;95715020;71916654;59037.00;75920.00;134957.00;75920;59037;0.00;0.00;0;0
1421943952;eth0;68954880.00;91745240.00;160700112.00;91745241;68954877;56606.00;72771.00;129377.00;72771;56606;0.00;0.00;0;0
1421943952;total;68954880.00;91745240.00;160700112.00;91745241;68954877;56606.00;72771.00;129377.00;72771;56606;0.00;0.00;0;0
1421943953;eth0;68915216.00;91710560.00;160625776.00;91710556;68915214;56574.00;72744.00;129318.00;72744;56574;0.00;0.00;0;0
1421943953;total;68915216.00;91710560.00;160625776.00;91710556;68915214;56574.00;72744.00;129318.00;72744;56574;0.00;0.00;0;0
1421943954;eth0;69887296.00;92990808.00;162878096.00;92990809;69887292;57372.00;73759.00;131131.00;73759;57372;0.00;0.00;0;0
1421943954;total;69887296.00;92990808.00;162878096.00;92990809;69887292;57372.00;73759.00;131131.00;73759;57372;0.00;0.00;0;0
1421943955;eth0;72112840.00;95977304.00;168090144.00;95977302;72112839;59199.00;76129.00;135328.00;76129;59199;0.00;0.00;0;0
1421943955;total;72112840.00;95977304.00;168090144.00;95977302;72112839;59199.00;76129.00;135328.00;76129;59199;0.00;0.00;0;0
1421943956;eth0;73640560.00;97989632.00;171630192.00;97989631;73640562;60453.00;77725.00;138178.00;77725;60453;0.00;0.00;0;0
1421943956;total;73640560.00;97989632.00;171630192.00;97989631;73640562;60453.00;77725.00;138178.00;77725;60453;0.00;0.00;0;0
1421943957;eth0;71224640.00;94795920.00;166020560.00;94795920;71224641;58470.00;75192.00;133662.00;75192;58470;0.00;0.00;0;0
1421943957;total;71224640.00;94795920.00;166020560.00;94795920;71224641;58470.00;75192.00;133662.00;75192;58470;0.00;0.00;0;0
1421943958;eth0;69631480.00;92647232.00;162278704.00;92647228;69631482;57162.00;73485.00;130647.00;73485;57162;0.00;0.00;0;0
1421943958;total;69631480.00;92647232.00;162278704.00;92647228;69631482;57162.00;73485.00;130647.00;73485;57162;0.00;0.00;0;0
1421943959;eth0;68761728.00;91514968.00;160276688.00;91514966;68761728;56448.00;72591.00;129039.00;72591;56448;0.00;0.00;0;0
1421943959;total;68761728.00;91514968.00;160276688.00;91514966;68761728;56448.00;72591.00;129039.00;72591;56448;0.00;0.00;0;0
1421943960;eth0;69056136.00;91885312.00;160941440.00;91885308;69056136;56690.00;72882.00;129572.00;72882;56690;0.00;0.00;0;0
1421943960;total;69056136.00;91885312.00;160941440.00;91885308;69056136;56690.00;72882.00;129572.00;72882;56690;0.00;0.00;0;0
1421943961;eth0;70088904.00;93268632.00;163357536.00;93268629;70088904;57538.00;73980.00;131518.00;73980;57538;0.00;0.00;0;0
1421943961;total;70088904.00;93268632.00;163357536.00;93268629;70088904;57538.00;73980.00;131518.00;73980;57538;0.00;0.00;0;0
1421943962;eth0;68777328.00;91531888.00;160309216.00;91531887;68777328;56460.00;72603.00;129063.00;72603;56460;0.00;0.00;0;0
1421943962;total;68777328.00;91531888.00;160309216.00;91531887;68777328;56460.00;72603.00;129063.00;72603;56460;0.00;0.00;0;0
1421943963;eth0;68838472.00;91604520.00;160442992.00;91604523;68838471;56511.00;72660.00;129171.00;72660;56511;0.00;0.00;0;0
1421943963;total;68838472.00;91604520.00;160442992.00;91604523;68838471;56511.00;72660.00;129171.00;72660;56511;0.00;0.00;0;0
1421943964;eth0;68834368.00;91578936.00;160413312.00;91578939;68834370;56506.00;72639.00;129145.00;72639;56506;0.00;0.00;0;0
1421943964;total;68834368.00;91578936.00;160413312.00;91578939;68834370;56506.00;72639.00;129145.00;72639;56506;0.00;0.00;0;0
1421943965;eth0;68714664.00;91440392.00;160155056.00;91440390;68714667;56411.00;72529.00;128940.00;72529;56411;0.00;0.00;0;0
1421943965;total;68714664.00;91440392.00;160155056.00;91440390;68714667;56411.00;72529.00;128940.00;72529;56411;0.00;0.00;0;0
1421943966;eth0;69324512.00;92254336.00;161578848.00;92254338;69324510;56910.00;73176.00;130086.00;73176;56910;0.00;0.00;0;0
1421943966;total;69324512.00;92254336.00;161578848.00;92254338;69324510;56910.00;73176.00;130086.00;73176;56910;0.00;0.00;0;0
1421943967;eth0;72773840.00;96828272.00;169602112.00;96828270;72773844;59740.00;76802.00;136542.00;76802;59740;0.00;0.00;0;0
1421943967;total;72773840.00;96828272.00;169602112.00;96828270;72773844;59740.00;76802.00;136542.00;76802;59740;0.00;0.00;0;0
1421943968;eth0;71301384.00;94898840.00;166200224.00;94898839;71301384;58535.00;75273.00;133808.00;75273;58535;0.00;0.00;0;0
1421943968;total;71301384.00;94898840.00;166200224.00;94898839;71301384;58535.00;75273.00;133808.00;75273;58535;0.00;0.00;0;0
1421943969;eth0;70114488.00;93298112.00;163412608.00;93298116;70114485;57558.00;74004.00;131562.00;74004;57558;0.00;0.00;0;0
1421943969;total;70114488.00;93298112.00;163412608.00;93298116;70114485;57558.00;74004.00;131562.00;74004;57558;0.00;0.00;0;0
1421943970;eth0;69887296.00;93000208.00;162887488.00;93000204;69887292;57372.00;73767.00;131139.00;73767;57372;0.00;0.00;0;0
1421943970;total;69887296.00;93000208.00;162887488.00;93000204;69887292;57372.00;73767.00;131139.00;73767;57372;0.00;0.00;0;0
1421943971;eth0;69366144.00;92310920.00;161677056.00;92310920;69366144;56944.00;73221.00;130165.00;73221;56944;0.00;0.00;0;0
1421943971;total;69366144.00;92310920.00;161677056.00;92310920;69366144;56944.00;73221.00;130165.00;73221;56944;0.00;0.00;0;0
1421943972;eth0;71414560.00;95042664.00;166457232.00;95042664;71414562;58627.00;75387.00;134014.00;75387;58627;0.00;0.00;0;0
1421943972;total;71414560.00;95042664.00;166457232.00;95042664;71414562;58627.00;75387.00;134014.00;75387;58627;0.00;0.00;0;0
1421943973;eth0;69918944.00;93034248.00;162953184.00;93034245;69918945;57398.00;73794.00;131192.00;73794;57398;0.00;0.00;0;0
1421943973;total;69918944.00;93034248.00;162953184.00;93034245;69918945;57398.00;73794.00;131192.00;73794;57398;0.00;0.00;0;0
1421943974;eth0;69949504.00;93069808.00;163019296.00;93069804;69949500;57422.00;73823.00;131245.00;73823;57422;0.00;0.00;0;0
1421943974;total;69949504.00;93069808.00;163019296.00;93069804;69949500;57422.00;73823.00;131245.00;73823;57422;0.00;0.00;0;0
1421943975;eth0;70214224.00;93441216.00;163655440.00;93441219;70214226;57640.00;74116.00;131756.00;74116;57640;0.00;0.00;0;0
1421943975;total;70214224.00;93441216.00;163655440.00;93441219;70214226;57640.00;74116.00;131756.00;74116;57640;0.00;0.00;0;0
1421943976;eth0;69834608.00;92932120.00;162766736.00;92932122;69834612;57329.00;73713.00;131042.00;73713;57329;0.00;0.00;0;0
1421943976;total;69834608.00;92932120.00;162766736.00;92932122;69834612;57329.00;73713.00;131042.00;73713;57329;0.00;0.00;0;0
1421943977;eth0;69587328.00;92594752.00;162182080.00;92594748;69587329;57126.00;73446.00;130572.00;73446;57126;0.00;0.00;0;0
1421943977;total;69587328.00;92594752.00;162182080.00;92594748;69587329;57126.00;73446.00;130572.00;73446;57126;0.00;0.00;0;0
1421943978;eth0;70117648.00;93316552.00;163434208.00;93316555;70117649;57561.00;74016.00;131577.00;74016;57561;0.00;0.00;0;0
1421943978;total;70117648.00;93316552.00;163434208.00;93316555;70117649;57561.00;74016.00;131577.00;74016;57561;0.00;0.00;0;0
1421943979;eth0;69989616.00;93133328.00;163122944.00;93133332;69989616;57456.00;73874.00;131330.00;73874;57456;0.00;0.00;0;0
1421943979;total;69989616.00;93133328.00;163122944.00;93133332;69989616;57456.00;73874.00;131330.00;73874;57456;0.00;0.00;0;0
1421943980;eth0;72010512.00;95815624.00;167826144.00;95815625;72010515;59115.00;76000.00;135115.00;76000;59115;0.00;0.00;0;0
1421943980;total;72010512.00;95815624.00;167826144.00;95815625;72010515;59115.00;76000.00;135115.00;76000;59115;0.00;0.00;0;0
1421943981;eth0;71166344.00;94733912.00;165900256.00;94733910;71166342;58422.00;75142.00;133564.00;75142;58422;0.00;0.00;0;0
1421943981;total;71166344.00;94733912.00;165900256.00;94733910;71166342;58422.00;75142.00;133564.00;75142;58422;0.00;0.00;0;0
1421943982;eth0;69725152.00;92764368.00;162489520.00;92764366;69725151;57239.00;73581.00;130820.00;73581;57239;0.00;0.00;0;0
1421943982;total;69725152.00;92764368.00;162489520.00;92764366;69725151;57239.00;73581.00;130820.00;73581;57239;0.00;0.00;0;0
1421943983;eth0;71584296.00;95259928.00;166844224.00;95259928;71584293;58765.00;75558.00;134323.00;75558;58765;0.00;0.00;0;0
1421943983;total;71584296.00;95259928.00;166844224.00;95259928;71584293;58765.00;75558.00;134323.00;75558;58765;0.00;0.00;0;0
1421943984;eth0;72625976.00;96644112.00;169270080.00;96644109;72625977;59621.00;76657.00;136278.00;76657;59621;0.00;0.00;0;0
1421943984;total;72625976.00;96644112.00;169270080.00;96644109;72625977;59621.00;76657.00;136278.00;76657;59621;0.00;0.00;0;0
1421943985;eth0;36732800.00;48885596.00;85618392.00;48885595;36732798;30154.00;38779.00;68933.00;38779;30154;0.00;0.00;0;0
1421943985;total;36732800.00;48885596.00;85618392.00;48885595;36732798;30154.00;38779.00;68933.00;38779;30154;0.00;0.00;0;0
